Store,Date,Weekly_Sales,Holiday_Flag,Temperature,Fuel_Price,CPI,Unemployment,Year,Month,WeekOfYear,Quarter,Is_Month_End,Weekly_Sales_Lag_1,Weekly_Sales_Lag_2,Weekly_Sales_Lag_4,Weekly_Sales_Lag_52,Sales_Rolling_Mean_4,Sales_Rolling_Std_4,Sales_Rolling_Mean_12
1,2011-02-04,1606629.58,0,42.27,2.989,212.5668812,7.742,2011,2,5,1,0,1316899.31,1327405.42,1444732.28,1643690.9,1370012.7425,59611.18760559322,1607574.3275
1,2011-02-11,1649614.93,1,36.39,3.022,212.9367046,7.742,2011,2,6,1,0,1606629.58,1316899.31,1391013.96,1641957.44,1410487.0675,134799.00547446244,1616920.1683333332
1,2011-02-18,1686842.78,0,57.36,3.045,213.2478853,7.742,2011,2,7,1,0,1649614.93,1606629.58,1327405.42,1611968.17,1475137.31,177573.11444171303,1630739.3975
1,2011-02-25,1456800.28,0,62.9,3.065,213.535609,7.742,2011,2,8,1,0,1686842.78,1649614.93,1316899.31,1409727.59,1564996.65,168614.2774516193,1608340.9533333334
1,2011-03-04,1636263.41,0,59.58,3.288,213.8233327,7.742,2011,3,9,1,0,1456800.28,1686842.78,1606629.58,1554806.68,1599971.8924999998,100918.14784923608,1600738.1616666664
1,2011-03-11,1553191.63,0,53.56,3.459,214.1110564,7.742,2011,3,10,1,0,1636263.41,1456800.28,1649614.93,1439541.59,1607380.35,102642.7886173674,1596875.5908333333
1,2011-03-18,1576818.06,0,62.76,3.488,214.3627114,7.742,2011,3,11,1,0,1553191.63,1636263.41,1686842.78,1472515.79,1583274.525,100722.259369,1568721.9825
1,2011-03-25,1541102.38,0,69.97,3.473,214.5999389,7.742,2011,3,12,1,0,1576818.06,1553191.63,1456800.28,1404429.92,1555768.3450000002,74663.38536161272,1501127.6375
1,2011-04-01,1495064.75,0,59.17,3.524,214.8371664,7.682,2011,4,13,2,0,1541102.38,1576818.06,1636263.41,1594968.28,1576843.87,42298.79810902612,1515609.5016666667
1,2011-04-08,1614259.35,0,67.84,3.622,215.0743939,7.682,2011,4,14,2,0,1495064.75,1541102.38,1553191.63,1545418.53,1541544.205,34353.27399302004,1519803.8741666665
1,2011-04-15,1559889.0,0,71.27,3.743,215.2918561,7.682,2011,4,15,2,0,1614259.35,1495064.75,1576818.06,1466058.28,1556811.135,50859.137162884435,1538407.656666667
1,2011-04-22,1564819.81,0,72.99,3.807,215.4599053,7.682,2011,4,16,2,0,1559889.0,1614259.35,1541102.38,1391256.12,1552578.87,49320.392792910694,1557781.2883333333
1,2011-04-29,1455090.69,0,72.03,3.81,215.6279544,7.682,2011,4,17,2,0,1564819.81,1559889.0,1495064.75,1425100.71,1558508.2275,48904.68656360464,1578441.33
1,2011-05-06,1629391.28,0,64.61,3.906,215.7960035,7.682,2011,5,18,2,0,1455090.69,1564819.81,1614259.35,1603955.12,1548514.7125,66946.83452985478,1565813.0891666666
1,2011-05-13,1604775.58,0,75.64,3.899,215.9640526,7.682,2011,5,19,2,0,1629391.28,1455090.69,1559889.0,1494251.5,1552297.695,72127.32710260303,1564127.785
1,2011-05-20,1428218.27,0,67.63,3.907,215.7339202,7.682,2011,5,20,2,0,1604775.58,1629391.28,1564819.81,1399662.07,1563519.34,77027.38296939983,1557288.8516666666
1,2011-05-27,1466046.67,0,77.72,3.786,215.5037878,7.682,2011,5,21,2,0,1428218.27,1604775.58,1455090.69,1432069.95,1529368.955,102370.80690586701,1554907.0175
1,2011-06-03,1635078.41,0,83.0,3.699,215.2736553,7.682,2011,6,22,2,0,1466046.67,1428218.27,1629391.28,1615524.71,1532107.95,99836.18093564716,1540722.2891666668
1,2011-06-10,1588948.32,0,83.13,3.648,215.0435229,7.682,2011,6,23,2,0,1635078.41,1466046.67,1604775.58,1542561.09,1533529.7325,101706.39531884459,1547546.1875
1,2011-06-17,1532114.86,0,86.41,3.637,214.9980596,7.682,2011,6,24,2,0,1588948.32,1635078.41,1428218.27,1503284.06,1529572.9175,98260.19211085142,1548557.0424999997
1,2011-06-24,1438830.15,0,83.58,3.594,215.0910982,7.682,2011,6,25,2,0,1532114.86,1588948.32,1466046.67,1422711.6,1555547.065,73030.28506357533,1547808.0825000003
1,2011-07-01,1488538.09,0,85.55,3.524,215.1841368,7.962,2011,7,26,3,0,1438830.15,1532114.86,1635078.41,1492418.14,1548742.935,84513.5105789499,1543121.8658333335
1,2011-07-08,1534849.64,0,85.83,3.48,215.2771754,7.962,2011,7,27,3,0,1488538.09,1438830.15,1588948.32,1546074.18,1512107.855,63848.500850862445,1532645.0941666665
1,2011-07-15,1455119.97,0,88.54,3.575,215.3611087,7.962,2011,7,28,3,0,1534849.64,1488538.09,1532114.86,1448938.92,1498583.185,45132.98170164172,1530558.4808333332
1,2011-07-22,1396926.82,0,85.77,3.651,215.4222784,7.962,2011,7,29,3,0,1455119.97,1534849.64,1438830.15,1385065.2,1479334.4625000001,42401.189724443655,1521416.8275
1,2011-07-29,1352219.79,0,86.83,3.682,215.4834482,7.962,2011,7,30,3,0,1396926.82,1455119.97,1488538.09,1371986.6,1468858.63,58037.43221744261,1516569.8383333331
1,2011-08-05,1624383.75,0,91.65,3.684,215.544618,7.962,2011,8,31,3,0,1352219.79,1396926.82,1534849.64,1605491.78,1434779.0550000002,78902.25754504606,1493472.2141666666
1,2011-08-12,1525147.09,0,90.76,3.638,215.6057878,7.962,2011,8,32,3,0,1624383.75,1352219.79,1455119.97,1508237.76,1457162.5825,119175.5398666774,1495106.2283333333
1,2011-08-19,1530761.43,0,89.94,3.554,215.6693107,7.962,2011,8,33,3,0,1525147.09,1624383.75,1396926.82,1513080.49,1474669.3625,123828.10601510033,1503183.63
1,2011-08-26,1464693.46,0,87.96,3.523,215.7332258,7.962,2011,8,34,3,0,1530761.43,1525147.09,1352219.79,1449142.92,1508128.0150000001,113467.60320528776,1508576.5266666666
1,2011-09-02,1550229.22,0,87.83,3.533,215.7971409,7.962,2011,9,35,3,0,1464693.46,1530761.43,1624383.75,1540163.53,1536246.4324999999,65932.52931605662,1494377.7808333335
1,2011-09-09,1540471.24,1,76.0,3.546,215.861056,7.962,2011,9,36,3,0,1550229.22,1464693.46,1525147.09,1507460.69,1517707.8,36940.958732966385,1491151.1891666667
1,2011-09-16,1514259.78,0,79.94,3.526,216.0410526,7.962,2011,9,37,3,0,1540471.24,1550229.22,1530761.43,1430378.67,1521538.8375,38721.342383566014,1491847.5541666665
1,2011-09-23,1380020.27,0,75.8,3.467,216.3758246,7.962,2011,9,38,3,0,1514259.78,1540471.24,1464693.46,1351791.03,1517413.425,38287.85456008505,1498133.3566666667
1,2011-09-30,1394561.83,0,79.69,3.355,216.7105965,7.962,2011,9,39,3,1,1380020.27,1514259.78,1550229.22,1453329.5,1496245.1275,78957.74497687885,1489090.205
1,2011-10-07,1630989.95,0,69.31,3.285,217.0453684,7.866,2011,10,40,4,0,1394561.83,1380020.27,1540471.24,1508239.93,1457328.28,81792.63036397507,1477399.5541666665
1,2011-10-14,1493525.93,0,71.74,3.274,217.3552733,7.866,2011,10,41,4,0,1630989.95,1394561.83,1514259.78,1459409.1,1479957.9575,117285.00580521044,1492055.3858333335
1,2011-10-21,1502562.78,0,63.71,3.353,217.5159762,7.866,2011,10,42,4,0,1493525.93,1630989.95,1380020.27,1345454.0,1474774.4949999999,115711.30667479933,1500105.3116666668
1,2011-10-28,1445249.09,0,66.57,3.372,217.6766791,7.866,2011,10,43,4,0,1502562.78,1493525.93,1394561.83,1384209.22,1505410.1225,96965.59255011339,1512633.8941666668
1,2011-11-04,1697229.58,0,54.98,3.332,217.837382,7.866,2011,11,44,4,0,1445249.09,1502562.78,1630989.95,1551659.28,1518081.9375,79365.57758354135,1497706.0058333334
1,2011-11-11,1594938.89,0,59.11,3.297,217.9980849,7.866,2011,11,45,4,0,1697229.58,1445249.09,1493525.93,1494479.49,1534641.845,111273.5684345579,1512046.2133333331
1,2011-11-18,1539483.7,0,62.25,3.308,218.2205088,7.866,2011,11,46,4,0,1594938.89,1697229.58,1502562.78,1483784.18,1559995.085,110332.05812747712,1517394.335
1,2011-11-25,2033320.66,1,60.14,3.236,218.4676211,7.866,2011,11,47,4,0,1539483.7,1594938.89,1445249.09,1955624.11,1569225.315,105358.03691148979,1523626.8549999997
1,2011-12-02,1584083.95,0,48.91,3.172,218.7147333,7.866,2011,12,48,4,0,2033320.66,1539483.7,1697229.58,1548033.78,1716243.2075,221252.7136182967,1563884.4749999999
1,2011-12-09,1799682.38,0,43.93,3.158,218.9618456,7.866,2011,12,49,4,0,1584083.95,2033320.66,1594938.89,1682614.26,1687956.8,231489.63818826282,1567518.8675
1,2011-12-16,1881176.67,0,51.63,3.159,219.1794533,7.866,2011,12,50,4,0,1799682.38,1584083.95,1539483.7,1891034.93,1739142.6725,226651.46314464236,1591304.0841666667
1,2011-12-23,2270188.99,0,47.96,3.112,219.3577216,7.866,2011,12,51,4,0,1881176.67,1799682.38,2033320.66,2387950.2,1824565.915,187291.29446403368,1633067.1175
1,2011-12-30,1497462.72,1,44.55,3.129,219.5359898,7.866,2011,12,52,4,0,2270188.99,1881176.67,1584083.95,1367320.01,1883782.9975,286477.93220376415,1706036.0475
1,2012-01-06,1550369.92,0,49.01,3.157,219.7142581,7.348,2012,1,1,1,0,1497462.72,2270188.99,1799682.38,1444732.28,1862127.69,318201.6369551573,1694908.7783333333
1,2012-01-13,1459601.17,0,48.53,3.261,219.8925263,7.348,2012,1,2,1,0,1550369.92,1497462.72,1881176.67,1391013.96,1799799.575,356609.57176319556,1699645.7775
1,2012-01-20,1394393.84,0,54.11,3.268,219.9856893,7.348,2012,1,3,1,0,1459601.17,1550369.92,2270188.99,1327405.42,1694405.7,385656.3269904229,1696065.6433333333
1,2012-01-27,1319325.59,0,54.26,3.29,220.0788523,7.348,2012,1,4,1,0,1394393.84,1459601.17,1497462.72,1316899.31,1475456.9125,65622.25371977451,1691827.7058333333
1,2012-02-03,1636339.65,0,56.55,3.36,220.1720153,7.348,2012,2,5,1,0,1319325.59,1394393.84,1550369.92,1606629.58,1430922.6300000001,98112.80171398,1660335.7066666668
1,2012-02-10,1802477.43,1,48.02,3.409,220.2651783,7.348,2012,2,6,1,0,1636339.65,1319325.59,1459601.17,1649614.93,1452415.0625,135350.36507618325,1663785.7700000003
1,2012-02-17,1819870.0,0,45.32,3.51,220.4257586,7.348,2012,2,7,1,0,1802477.43,1636339.65,1394393.84,1686842.78,1538134.1275,222156.21572786308,1685701.9141666668
1,2012-02-24,1539387.83,0,57.25,3.555,220.636902,7.348,2012,2,8,1,0,1819870.0,1802477.43,1319325.59,1456800.28,1644503.1675,232031.96150547982,1667914.3591666669
1,2012-03-02,1688420.76,0,60.96,3.63,220.8480454,7.348,2012,3,9,1,0,1539387.83,1819870.0,1636339.65,1636263.41,1699518.7275,135053.59847206002,1664189.6825
1,2012-03-09,1675431.16,0,58.76,3.669,221.0591887,7.348,2012,3,10,1,0,1688420.76,1539387.83,1802477.43,1553191.63,1712539.0050000001,129321.15310977964,1654917.8808333334
1,2012-03-16,1677472.78,0,64.74,3.734,221.2118132,7.348,2012,3,11,1,0,1675431.16,1688420.76,1819870.0,1576818.06,1680777.4375,114636.7671005024,1637772.4216666669
1,2012-03-23,1511068.07,0,65.93,3.787,221.2864126,7.348,2012,3,12,1,0,1677472.78,1675431.16,1539387.83,1541102.38,1645178.1324999998,70757.10297962656,1588379.4041666666
1,2012-03-30,1649604.63,0,67.61,3.845,221.3610119,7.348,2012,3,13,1,0,1511068.07,1677472.78,1688420.76,1495064.75,1638098.1925,84878.58274285388,1589513.1833333333
1,2012-04-06,1899676.88,0,70.43,3.891,221.4356112,7.143,2012,4,14,2,0,1649604.63,1511068.07,1675431.16,1614259.35,1628394.16,79239.059691568,1597782.7424999997
1,2012-04-13,1621031.7,0,69.07,3.891,221.5102105,7.143,2012,4,15,2,0,1899676.88,1649604.63,1677472.78,1559889.0,1684455.59,160879.6494375326,1634455.7183333335
1,2012-04-20,1521577.87,0,66.76,3.877,221.5640737,7.143,2012,4,16,2,0,1621031.7,1899676.88,1511068.07,1564819.81,1670345.32,164138.3726400529,1653342.2066666668
1,2012-04-27,1468928.37,0,67.23,3.814,221.6179368,7.143,2012,4,17,2,0,1521577.87,1621031.7,1649604.63,1455090.69,1672972.77,160788.79931627135,1670196.5633333335
1,2012-05-04,1684519.99,0,75.55,3.749,221.6718,7.143,2012,5,18,2,0,1468928.37,1521577.87,1899676.88,1629391.28,1627803.705,191908.1233551689,1656245.623333333
1,2012-05-11,1611096.05,0,73.77,3.688,221.7256632,7.143,2012,5,19,2,0,1684519.99,1468928.37,1621031.7,1604775.58,1574014.4825,96978.99308632269,1646415.8366666667
1,2012-05-18,1595901.87,0,70.33,3.63,221.742674,7.143,2012,5,20,2,0,1611096.05,1684519.99,1521577.87,1428218.27,1571530.57,95489.12664398883,1629018.0075
1,2012-05-25,1555444.55,0,77.22,3.561,221.744944,7.143,2012,5,21,2,0,1595901.87,1611096.05,1468928.37,1466046.67,1590111.57,89577.14311157566,1633727.5108333332
1,2012-06-01,1624477.58,0,77.95,3.501,221.7472139,7.143,2012,6,22,2,0,1555444.55,1595901.87,1684519.99,1635078.41,1611740.615,53905.366668781426,1622646.16
1,2012-06-08,1697230.96,0,78.3,3.452,221.7494839,7.143,2012,6,23,2,0,1624477.58,1555444.55,1611096.05,1588948.32,1596730.0125000002,29896.966231018472,1618400.0283333333
1,2012-06-15,1630607.0,0,79.35,3.393,221.7626421,7.143,2012,6,24,2,0,1697230.96,1624477.58,1595901.87,1532114.86,1618263.74,59779.420941282624,1620046.5433333337
1,2012-06-22,1527845.81,0,78.39,3.346,221.8030211,7.143,2012,6,25,2,0,1630607.0,1697230.96,1555444.55,1438830.15,1626940.0225,57942.295517973784,1630008.1208333336
1,2012-06-29,1540421.49,0,84.88,3.286,221.8434,7.143,2012,6,26,2,0,1527845.81,1630607.0,1624477.58,1488538.09,1620040.3375,69736.56759614874,1619861.5525
1,2012-07-06,1769854.16,0,81.57,3.227,221.8837789,6.908,2012,7,27,3,0,1540421.49,1527845.81,1697230.96,1534849.64,1599026.315,79880.49776589034,1589923.6033333333
1,2012-07-13,1527014.04,0,77.12,3.256,221.9241579,6.908,2012,7,28,3,0,1769854.16,1540421.49,1630607.0,1455119.97,1617182.115,111597.71473643935,1602325.4749999999
1,2012-07-20,1497954.76,0,80.42,3.311,221.9327267,6.908,2012,7,29,3,0,1527014.04,1769854.16,1527845.81,1396926.82,1591283.875,119204.76594882054,1602778.4891666665
1,2012-07-27,1439123.71,0,82.66,3.407,221.9412954,6.908,2012,7,30,3,0,1497954.76,1527014.04,1540421.49,1352219.79,1583811.1124999998,125288.86033609518,1605197.3550000002
1,2012-08-03,1631135.79,0,86.11,3.417,221.9498642,6.908,2012,8,31,3,0,1439123.71,1497954.76,1769854.16,1624383.75,1558486.6675,145577.4371439765,1584747.665
1,2012-08-10,1592409.97,0,85.05,3.494,221.9584329,6.908,2012,8,32,3,0,1631135.79,1439123.71,1527014.04,1525147.09,1523807.075,80352.0424686347,1586417.6433333333
1,2012-08-17,1597868.05,0,84.85,3.571,222.0384109,6.908,2012,8,33,3,0,1592409.97,1631135.79,1497954.76,1530761.43,1540156.0575,87552.39926157038,1586126.6516666666
1,2012-08-24,1494122.38,0,77.66,3.62,222.1719457,6.908,2012,8,34,3,0,1597868.05,1592409.97,1439123.71,1464693.46,1565134.3800000001,85732.77482455326,1589661.9433333334
1,2012-08-31,1582083.4,0,80.49,3.638,222.3054805,6.908,2012,8,35,3,1,1494122.38,1597868.05,1631135.79,1550229.22,1578884.0475,59042.718439170385,1578799.0099999998
1,2012-09-07,1661767.33,1,83.96,3.73,222.4390153,6.908,2012,9,36,3,0,1582083.4,1494122.38,1592409.97,1540471.24,1566620.95,48773.574891247714,1569203.38
1,2012-09-14,1517428.87,0,74.97,3.717,222.5820193,6.908,2012,9,37,3,0,1661767.33,1582083.4,1597868.05,1514259.78,1583960.29,69093.49716391067,1571800.0741666667
1,2012-09-21,1506126.06,0,69.87,3.721,222.7818386,6.908,2012,9,38,3,0,1517428.87,1661767.33,1494122.38,1380020.27,1563850.4949999999,75137.92360330603,1570931.9958333333
1,2012-09-28,1437059.26,0,76.08,3.666,222.9816579,6.908,2012,9,39,3,0,1506126.06,1517428.87,1582083.4,1394561.83,1566851.415,71580.26027120216,1568074.0433333332
1,2012-10-05,1670785.97,0,68.55,3.617,223.1814772,6.573,2012,10,40,4,0,1437059.26,1506126.06,1661767.33,1630989.95,1530595.3800000001,94387.8361130258,1540341.135
1,2012-10-12,1573072.81,0,62.99,3.601,223.3812965,6.573,2012,10,41,4,0,1670785.97,1437059.26,1517428.87,1493525.93,1532850.04,98580.21760505742,1552322.1291666664
1,2012-10-19,1508068.77,0,67.97,3.594,223.4257233,6.573,2012,10,42,4,0,1573072.81,1670785.97,1506126.06,1502562.78,1546761.0250000001,99599.48901609963,1558581.9666666668
1,2012-10-26,1493659.74,0,69.16,3.506,223.4442513,6.573,2012,10,43,4,0,1508068.77,1573072.81,1437059.26,1445249.09,1547246.7025,99339.68881687759,1564327.3883333334
2,2011-02-04,1929346.23,0,38.25,2.989,212.2240646,8.028,2011,2,5,1,0,1695371.68,1751384.9,1758050.79,2136989.46,1737250.2374999998,28486.69427207372,2139282.9125
2,2011-02-11,2168041.61,1,33.19,3.022,212.5928624,8.028,2011,2,6,1,0,1929346.23,1695371.68,1744193.58,2137809.5,1780074.0975,102578.67007116695,2140327.37
2,2011-02-18,2080884.82,0,57.83,3.045,212.9033115,8.028,2011,2,7,1,0,2168041.61,1929346.23,1751384.9,2124451.54,1886036.105,212827.58416643043,2157935.9066666667
2,2011-02-25,1833511.08,0,60.8,3.065,213.190421,8.028,2011,2,8,1,0,2080884.82,2168041.61,1695371.68,1865097.27,1968411.085,207025.97836628652,2109782.5341666667
2,2011-03-04,1981607.78,0,57.77,3.288,213.4775305,8.028,2011,3,9,1,0,1833511.08,2080884.82,1929346.23,1991013.13,2002945.935,149951.25692894365,2094593.3516666666
2,2011-03-11,1879107.31,0,52.7,3.459,213.7646401,8.028,2011,3,10,1,0,1981607.78,1833511.08,2168041.61,1990483.78,2016011.3225,143540.61126190796,2061500.1208333333
2,2011-03-18,1902557.66,0,62.32,3.488,214.0156238,8.028,2011,3,11,1,0,1879107.31,1981607.78,2080884.82,1946070.88,1943777.7475,110409.03365285511,2000661.8341666665
2,2011-03-25,1766162.05,0,69.42,3.473,214.2521573,8.028,2011,3,12,1,0,1902557.66,1879107.31,1833511.08,1750197.81,1899195.9575,61970.60169156294,1872874.3324999998
2,2011-04-01,1800171.36,0,55.43,3.524,214.4886908,7.931,2011,4,13,2,0,1766162.05,1902557.66,1981607.78,2066187.72,1882358.7000000002,89014.25143216562,1874184.9574999998
2,2011-04-08,1847552.61,0,67.0,3.622,214.7252242,7.931,2011,4,14,2,0,1800171.36,1766162.05,1879107.31,1954689.21,1836999.595,64408.06425676737,1877695.005
2,2011-04-15,1856467.84,0,69.48,3.743,214.9420631,7.931,2011,4,15,2,0,1847552.61,1800171.36,1902557.66,1874957.94,1829110.9200000002,59258.13000187725,1886308.2575000003
2,2011-04-22,1886339.6,0,69.39,3.807,215.1096657,7.931,2011,4,16,2,0,1856467.84,1847552.61,1766162.05,1821990.93,1817588.465,42259.07197399124,1895065.1691666667
2,2011-04-29,1745545.28,0,69.21,3.81,215.2772683,7.931,2011,4,17,2,0,1886339.6,1856467.84,1800171.36,1802450.29,1847632.8525000003,35725.19659542002,1910979.1624999999
2,2011-05-06,1837743.6,0,61.48,3.906,215.4448709,7.931,2011,5,18,2,0,1745545.28,1886339.6,1847552.61,2042581.71,1833976.3325,61243.084099126005,1895662.4166666667
2,2011-05-13,1838513.07,0,74.61,3.899,215.6124735,7.931,2011,5,19,2,0,1837743.6,1745545.28,1856467.84,1880752.36,1831524.08,60712.35150083381,1868137.5825000003
2,2011-05-20,1688281.86,0,67.14,3.907,215.3834778,7.931,2011,5,20,2,0,1838513.07,1837743.6,1886339.6,1896937.1,1827035.3875000002,58889.813072456694,1847939.9366666665
2,2011-05-27,1797732.56,0,76.42,3.786,215.1544822,7.931,2011,5,21,2,0,1688281.86,1838513.07,1745545.28,1957113.89,1777520.9525000001,73785.42071687311,1835837.501666667
2,2011-06-03,1933756.21,0,83.07,3.699,214.9254865,7.931,2011,6,22,2,0,1797732.56,1688281.86,1837743.6,2102539.93,1790567.7725000002,70800.31150721275,1820514.5666666667
2,2011-06-10,1929153.16,0,83.4,3.648,214.6964908,7.931,2011,6,23,2,0,1933756.21,1797732.56,1838513.07,2025538.76,1814570.925,101670.73807506217,1825068.6416666668
2,2011-06-17,1953771.99,0,86.53,3.637,214.6513538,7.931,2011,6,24,2,0,1929153.16,1933756.21,1688281.86,2001636.96,1837230.9475,117633.28997889422,1827284.9333333336
2,2011-06-24,1790925.8,0,85.17,3.594,214.7441108,7.931,2011,6,25,2,0,1953771.99,1929153.16,1797732.56,1939927.09,1903603.48,71385.11602994426,1842919.095
2,2011-07-01,1866243.0,0,85.69,3.524,214.8368678,7.852,2011,7,26,3,0,1790925.8,1953771.99,1933756.21,2003940.64,1901901.79,74751.87677674592,1842148.6316666668
2,2011-07-08,1853161.99,0,87.7,3.48,214.9296249,7.852,2011,7,27,3,0,1866243.0,1790925.8,1929153.16,1880902.62,1885023.4875,72757.28163911181,1843706.1641666666
2,2011-07-15,1785187.29,0,89.83,3.575,215.0134426,7.852,2011,7,28,3,0,1853161.99,1866243.0,1953771.99,1845879.79,1866025.6949999998,67094.28351961674,1843430.6766666665
2,2011-07-22,1743816.41,0,89.34,3.651,215.0749122,7.852,2011,7,29,3,0,1785187.29,1853161.99,1790925.8,1781717.71,1823879.52,41773.85071719179,1835001.3175000001
2,2011-07-29,1680693.06,0,90.07,3.682,215.1363819,7.852,2011,7,30,3,0,1743816.41,1785187.29,1866243.0,1804246.16,1812102.1724999999,57747.998740843395,1834857.245
2,2011-08-05,1876704.26,0,93.34,3.684,215.1978515,7.852,2011,8,31,3,0,1680693.06,1743816.41,1853161.99,1991909.98,1765714.6875,72421.04819012512,1821769.7000000002
2,2011-08-12,1812768.26,0,91.58,3.638,215.2593211,7.852,2011,8,32,3,0,1876704.26,1680693.06,1785187.29,1895601.05,1771600.255,82193.91610268831,1824952.299166667
2,2011-08-19,1844094.59,0,89.86,3.554,215.3229307,7.852,2011,8,33,3,0,1812768.26,1876704.26,1743816.41,1964335.23,1778495.4975,84828.33483363302,1835326.1658333333
2,2011-08-26,1821139.91,0,90.45,3.523,215.386897,7.852,2011,8,34,3,0,1844094.59,1812768.26,1680693.06,1863840.49,1803565.0425,85973.27618297774,1839189.6683333332
2,2011-09-02,1809119.7,0,89.64,3.533,215.4508632,7.852,2011,9,35,3,0,1821139.91,1844094.59,1876704.26,1904608.09,1838676.755,28602.06937930284,1829804.9766666666
2,2011-09-09,1748000.65,1,77.97,3.546,215.5148295,7.852,2011,9,36,3,0,1809119.7,1821139.91,1812768.26,1839128.83,1821780.615,15703.983512524781,1819802.1883333332
2,2011-09-16,1691439.52,0,78.85,3.526,215.6944378,7.852,2011,9,37,3,0,1748000.65,1809119.7,1844094.59,1793903.6,1805588.7125,41042.234998280066,1802654.576666667
2,2011-09-23,1669299.78,0,75.58,3.467,216.0282356,7.852,2011,9,38,3,0,1691439.52,1748000.65,1821139.91,1724557.22,1767424.945,59930.065098532184,1794364.0533333335
2,2011-09-30,1650394.44,0,78.14,3.355,216.3620333,7.852,2011,9,39,3,1,1669299.78,1691439.52,1809119.7,1827440.43,1729464.9125,62594.54816479537,1777952.1183333332
2,2011-10-07,1837553.43,0,69.92,3.285,216.6958311,7.441,2011,10,40,4,0,1650394.44,1669299.78,1748000.65,1849921.44,1689783.5975,42281.04299033163,1761054.8225
2,2011-10-14,1743882.19,0,71.67,3.274,217.0048261,7.441,2011,10,41,4,0,1837553.43,1650394.44,1691439.52,1794355.49,1712171.7925,85254.19419381292,1765418.6674999997
2,2011-10-21,1834680.25,0,64.53,3.353,217.1650042,7.441,2011,10,42,4,0,1743882.19,1837553.43,1669299.78,1737947.64,1725282.46,85035.28024751584,1765424.1491666667
2,2011-10-28,1769296.25,0,65.87,3.372,217.3251824,7.441,2011,10,43,4,0,1834680.25,1743882.19,1650394.44,1802755.11,1766627.5775,88861.57342156269,1778256.415
2,2011-11-04,1959707.9,0,55.53,3.332,217.4853605,7.441,2011,11,44,4,0,1769296.25,1834680.25,1837553.43,1939061.41,1796353.03,47087.532487792625,1769305.7474999998
2,2011-11-11,1920725.15,0,59.33,3.297,217.6455387,7.441,2011,11,45,4,0,1959707.9,1769296.25,1743882.19,1916812.74,1826891.6475,96451.40245166398,1781550.7175
2,2011-11-18,1902762.5,0,62.01,3.308,217.8670218,7.441,2011,11,46,4,0,1920725.15,1959707.9,1834680.25,1956739.17,1871102.3875,85643.48026608427,1787936.5975000001
2,2011-11-25,2614202.3,1,56.36,3.236,218.1130269,7.441,2011,11,47,4,0,1902762.5,1920725.15,1769296.25,2658725.29,1888122.95,82707.13304272229,1794738.4799999997
2,2011-12-02,1954952.0,0,48.74,3.172,218.3590319,7.441,2011,12,48,4,0,2614202.3,1902762.5,1959707.9,2015781.27,2099349.4625,344057.305837425,1861828.6966666665
2,2011-12-09,2290549.32,0,41.76,3.158,218.605037,7.441,2011,12,49,4,0,1954952.0,2614202.3,1920725.15,2378726.55,2098160.4875,344708.32871338114,1879074.6424999998
2,2011-12-16,2432736.52,0,50.13,3.159,218.8217928,7.441,2011,12,50,4,0,2290549.32,1954952.0,1902762.5,2609166.75,2190616.53,330559.71742437314,1929000.4591666665
2,2011-12-23,3224369.8,0,46.66,3.112,218.9995495,7.441,2011,12,51,4,0,2432736.52,2290549.32,2614202.3,3436007.68,2323110.035,278898.55494585814,1992620.1875
2,2011-12-30,1874226.52,1,44.57,3.129,219.1773063,7.441,2011,12,52,4,0,3224369.8,2432736.52,1954952.0,1750434.55,2475651.91,537838.7535943049,2123784.8008333333
2,2012-01-06,1799520.14,0,46.75,3.157,219.355063,7.057,2012,1,1,1,0,1874226.52,3224369.8,2290549.32,1758050.79,2455470.54,564731.9503640534,2126840.8916666666
2,2012-01-13,1744725.48,0,45.99,3.261,219.5328198,7.057,2012,1,2,1,0,1799520.14,1874226.52,2432736.52,1744193.58,2332713.2449999996,658169.4391357914,2131477.3874999997
2,2012-01-20,1711769.11,0,51.7,3.268,219.6258417,7.057,2012,1,3,1,0,1744725.48,1799520.14,3224369.8,1751384.9,2160710.485,711089.8185870441,2123981.1566666667
2,2012-01-27,1660906.14,0,50.5,3.29,219.7188636,7.057,2012,1,4,1,0,1711769.11,1744725.48,1874226.52,1695371.68,1782560.3125,71023.93551465256,2119187.228333333
2,2012-02-03,1935299.94,0,55.21,3.36,219.8118854,7.057,2012,2,5,1,0,1660906.14,1711769.11,1799520.14,1929346.23,1729230.2175,58177.447538713124,2094287.0816666668
2,2012-02-10,2103322.68,1,46.98,3.409,219.9049073,7.057,2012,2,6,1,0,1935299.94,1660906.14,1744725.48,2168041.61,1763175.1675,119817.72964315444,2095501.6474999997
2,2012-02-17,2196688.46,0,43.82,3.51,220.0651993,7.057,2012,2,7,1,0,2103322.68,1935299.94,1711769.11,2080884.82,1852824.4675,205167.2621217871,2112214.995833333
2,2012-02-24,1861802.7,0,54.63,3.555,220.275944,7.057,2012,2,8,1,0,2196688.46,2103322.68,1660906.14,1833511.08,1974054.305,235116.95940328078,2077422.1758333333
2,2012-03-02,1952555.66,0,58.79,3.63,220.4866886,7.057,2012,3,9,1,0,1861802.7,2196688.46,1935299.94,1981607.78,2024278.445,153067.2471218476,2069659.7341666666
2,2012-03-09,1937628.26,0,57.11,3.669,220.6974332,7.057,2012,3,10,1,0,1952555.66,1861802.7,2103322.68,1879107.31,2028592.375,149934.75246733596,2041493.5958333332
2,2012-03-16,1976082.13,0,63.68,3.734,220.8498468,7.057,2012,3,11,1,0,1937628.26,1952555.66,2196688.46,1902557.66,1987168.77,145221.07459534466,2000234.5741666667
2,2012-03-23,1790439.16,0,64.01,3.787,220.9244858,7.057,2012,3,12,1,0,1976082.13,1937628.26,1861802.7,1766162.05,1932017.1875,49413.58247707559,1896210.6016666666
2,2012-03-30,1857480.84,0,66.83,3.845,220.9991248,7.057,2012,3,13,1,0,1790439.16,1976082.13,1952555.66,1800171.36,1914176.3024999998,83996.39140111212,1889228.3216666665
2,2012-04-06,2129035.91,0,68.43,3.891,221.0737638,6.891,2012,4,14,2,0,1857480.84,1790439.16,1937628.26,1847552.61,1890407.5975,82961.38929585351,1894058.38
2,2012-04-13,1935869.1,0,68.08,3.891,221.1484028,6.891,2012,4,15,2,0,2129035.91,1857480.84,1976082.13,1856467.84,1938259.51,148551.04036629136,1926084.2491666665
2,2012-04-20,1847344.45,0,65.69,3.877,221.2021074,6.891,2012,4,16,2,0,1935869.1,2129035.91,1790439.16,1886339.6,1928206.2525,146484.50010448328,1944759.2483333333
2,2012-04-27,1764133.09,0,67.2,3.814,221.255812,6.891,2012,4,17,2,0,1847344.45,1935869.1,1857480.84,1745545.28,1942432.575,130540.45686137618,1960295.7741666667
2,2012-05-04,1923957.09,0,76.73,3.749,221.3095166,6.891,2012,5,18,2,0,1764133.09,1847344.45,2129035.91,1837743.6,1919095.6375000002,156543.80760346274,1946031.87
2,2012-05-11,1917520.99,0,73.87,3.688,221.3632212,6.891,2012,5,19,2,0,1923957.09,1764133.09,1935869.1,1838513.07,1867825.9325,79482.23322826592,1931084.7374999998
2,2012-05-18,2000940.67,0,71.27,3.63,221.380331,6.891,2012,5,20,2,0,1917520.99,1923957.09,1847344.45,1688281.86,1863238.9050000003,74627.60661714405,1907820.781666667
2,2012-05-25,1912791.09,0,78.19,3.561,221.3828029,6.891,2012,5,21,2,0,2000940.67,1917520.99,1764133.09,1797732.56,1901637.96,99195.14721498152,1919415.6125
2,2012-06-01,1910092.37,0,78.38,3.501,221.3852748,6.891,2012,6,22,2,0,1912791.09,2000940.67,1923957.09,1933756.21,1938802.4600000002,41677.46988116187,1916101.8983333334
2,2012-06-08,2010216.49,0,78.69,3.452,221.3877467,6.891,2012,6,23,2,0,1910092.37,1912791.09,1917520.99,1929153.16,1935336.28,43843.89402295024,1913807.2408333335
2,2012-06-15,1962924.3,0,80.56,3.393,221.4009901,6.891,2012,6,24,2,0,2010216.49,1910092.37,2000940.67,1953771.99,1958510.1550000003,54492.83895181237,1916651.7708333333
2,2012-06-22,1887733.21,0,81.04,3.346,221.4411622,6.891,2012,6,25,2,0,1962924.3,2010216.49,1912791.09,1790925.8,1949006.0625000002,47491.169238803755,1931025.5325
2,2012-06-29,1881046.12,0,86.32,3.286,221.4813343,6.891,2012,6,26,2,0,1887733.21,1962924.3,1910092.37,1866243.0,1942741.5925,54930.554186759415,1933546.5633333335
2,2012-07-06,2041507.4,0,84.2,3.227,221.5215064,6.565,2012,7,27,3,0,1881046.12,1887733.21,2010216.49,1853161.99,1935480.03,62133.01802630569,1912880.7475000003
2,2012-07-13,1830075.13,0,80.17,3.256,221.5616784,6.565,2012,7,28,3,0,2041507.4,1881046.12,1962924.3,1785187.29,1943302.7575,75261.81028206338,1921683.9391666667
2,2012-07-20,1819666.46,0,83.23,3.311,221.5701123,6.565,2012,7,29,3,0,1830075.13,2041507.4,1887733.21,1743816.41,1910090.4649999999,91316.82113677503,1920244.8291666666
2,2012-07-27,1757923.88,0,86.37,3.407,221.5785461,6.565,2012,7,30,3,0,1819666.46,1830075.13,1881046.12,1680693.06,1893073.7774999999,102525.88076967323,1924872.61
2,2012-08-03,1946104.64,0,90.22,3.417,221.5869799,6.565,2012,8,31,3,0,1757923.88,1819666.46,2041507.4,1876704.26,1862293.2174999998,123646.9806026559,1911036.5091666665
2,2012-08-10,1866719.96,0,88.55,3.494,221.5954138,6.565,2012,8,32,3,0,1946104.64,1757923.88,1830075.13,1812768.26,1838442.5274999999,78521.62571522701,1913418.4799999997
2,2012-08-17,1928016.01,0,84.79,3.571,221.6751459,6.565,2012,8,33,3,0,1866719.96,1946104.64,1819666.46,1844094.59,1847603.7349999999,79353.27355424261,1902233.4208333334
2,2012-08-24,1876788.15,0,76.91,3.62,221.8083518,6.565,2012,8,34,3,0,1928016.01,1866719.96,1757923.88,1821139.91,1874691.1225,84934.41089309762,1903502.1641666666
2,2012-08-31,1947083.3,0,82.64,3.638,221.9415576,6.565,2012,8,35,3,1,1876788.15,1928016.01,1946104.64,1809119.7,1904407.19,38640.18803394637,1900726.8125
2,2012-09-07,1898777.07,1,87.65,3.73,222.0747635,6.565,2012,9,36,3,0,1947083.3,1876788.15,1866719.96,1748000.65,1904651.855,38993.70025306185,1895465.7133333336
2,2012-09-14,1814806.63,0,75.88,3.717,222.2174395,6.565,2012,9,37,3,0,1898777.07,1947083.3,1928016.01,1691439.52,1912666.1325,31092.849356907594,1890120.1108333336
2,2012-09-21,1829415.67,0,71.09,3.721,222.4169362,6.565,2012,9,38,3,0,1814806.63,1898777.07,1876788.15,1669299.78,1884363.7874999999,54884.9354063588,1884042.8958333333
2,2012-09-28,1746470.56,0,79.45,3.666,222.6164329,6.565,2012,9,39,3,0,1829415.67,1814806.63,1947083.3,1650394.44,1872520.6675,61746.62142337662,1879740.3583333332
2,2012-10-05,1998321.04,0,70.27,3.617,222.8159296,6.17,2012,10,40,4,0,1746470.56,1829415.67,1898777.07,1837553.43,1822367.4825,62464.95375931513,1855153.955
2,2012-10-12,1900745.13,0,60.97,3.601,223.0154263,6.17,2012,10,41,4,0,1998321.04,1746470.56,1814806.63,1743882.19,1847253.475,107004.03448562963,1869174.4475
2,2012-10-19,1847990.41,0,68.08,3.594,223.0598077,6.17,2012,10,42,4,0,1900745.13,1998321.04,1829415.67,1834680.25,1868738.1,106945.14660520726,1875931.0033333332
2,2012-10-26,1834458.35,0,69.79,3.506,223.0783366,6.17,2012,10,43,4,0,1847990.41,1900745.13,1746470.56,1769296.25,1873381.7850000001,105055.14590750597,1883436.5475
3,2011-02-04,438516.53,0,45.95,2.989,215.8863367,7.551,2011,2,5,1,0,364866.24,350876.7,378241.34,461622.22,368761.345,13858.651305196825,435890.3275000001
3,2011-02-11,430526.21,1,43.57,3.022,216.2660913,7.551,2011,2,6,1,0,438516.53,364866.24,381061.1,420728.96,383830.14249999996,38487.346599444296,440213.7858333333
3,2011-02-18,432782.1,0,61.58,3.045,216.5843571,7.551,2011,2,7,1,0,430526.21,438516.53,350876.7,421642.19,396196.42000000004,44739.92769911825,445045.5266666666
3,2011-02-25,397211.19,0,67.4,3.065,216.8780275,7.551,2011,2,8,1,0,432782.1,430526.21,364866.24,407204.86,416672.76999999996,34701.07930339233,433980.04833333334
3,2011-03-04,437084.51,0,65.11,3.288,217.1716979,7.551,2011,3,9,1,0,397211.19,432782.1,438516.53,415202.04,424759.00749999995,18670.67497700461,427379.25
3,2011-03-11,404753.3,0,61.29,3.459,217.4653683,7.551,2011,3,10,1,0,437084.51,397211.19,430526.21,384200.69,424401.00250000006,18329.55926466171,424832.79000000004
3,2011-03-18,392109.51,0,69.47,3.488,217.7235226,7.551,2011,3,11,1,0,404753.3,437084.51,432782.1,375328.59,417957.77499999997,19919.601340167974,417048.9491666667
3,2011-03-25,380683.67,0,72.94,3.473,217.9674705,7.551,2011,3,12,1,0,392109.51,404753.3,397211.19,359949.27,407789.6275,20208.73449881877,399225.54083333333
3,2011-04-01,374556.08,0,68.76,3.524,218.2114184,7.574,2011,4,13,2,0,380683.67,392109.51,437084.51,423294.4,403657.74749999994,24356.50982690286,399059.3666666667
3,2011-04-08,384075.31,0,72.55,3.622,218.4553663,7.574,2011,4,14,2,0,374556.08,380683.67,404753.3,415870.28,388025.64,13314.4805046608,398752.26166666666
3,2011-04-15,366250.69,0,75.88,3.743,218.6788642,7.574,2011,4,15,2,0,384075.31,374556.08,392109.51,354993.26,382856.1425,7319.422876845224,399003.4458333333
3,2011-04-22,391860.04,0,76.91,3.807,218.851237,7.574,2011,4,16,2,0,366250.69,384075.31,380683.67,339976.65,376391.4375,7824.501122368952,400284.61166666663
3,2011-04-29,367405.4,0,78.69,3.81,219.0236099,7.574,2011,4,17,2,0,391860.04,366250.69,374556.08,361248.39,379185.53,11154.894969124281,402534.095
3,2011-05-06,413042.12,0,69.45,3.906,219.1959827,7.574,2011,5,18,2,0,367405.4,391860.04,384075.31,399323.86,377397.86,12620.771829479936,396608.16750000004
3,2011-05-13,386312.68,0,79.87,3.899,219.3683556,7.574,2011,5,19,2,0,413042.12,367405.4,366250.69,384357.94,384639.5625,22315.97004215034,395151.16
3,2011-05-20,364603.13,0,75.79,3.907,219.127216,7.574,2011,5,20,2,0,386312.68,413042.12,391860.04,343763.17,389655.06,18779.735411909445,391278.7083333333
3,2011-05-27,369350.6,0,84.41,3.786,218.8860765,7.574,2011,5,21,2,0,364603.13,386312.68,367405.4,350089.23,382840.8325,22323.663533430587,388561.37000000005
3,2011-06-03,394507.84,0,84.29,3.699,218.6449369,7.574,2011,6,22,2,0,369350.6,364603.13,413042.12,396968.8,383327.1325,21892.35563953361,382916.87749999994
3,2011-06-10,391638.75,0,84.84,3.648,218.4037974,7.574,2011,6,23,2,0,394507.84,369350.6,386312.68,355017.09,378693.5625,14070.934115393808,382063.0891666667
3,2011-06-17,403423.34,0,86.96,3.637,218.3551748,7.574,2011,6,24,2,0,391638.75,394507.84,364603.13,364076.85,380025.08,15236.017996394645,382023.8591666667
3,2011-06-24,385520.71,0,84.94,3.594,218.45094,7.574,2011,6,25,2,0,403423.34,391638.75,369350.6,357346.48,389730.1325,14483.307475313952,383918.8316666667
3,2011-07-01,368962.72,0,85.1,3.524,218.5467052,7.567,2011,7,26,3,0,385520.71,403423.34,394507.84,381151.72,393772.66000000003,7445.901888183778,384832.55083333334
3,2011-07-08,395146.24,0,85.38,3.48,218.6424704,7.567,2011,7,27,3,0,368962.72,385520.71,391638.75,349214.18,387386.38,14354.775152110891,383573.1683333334
3,2011-07-15,373454.33,0,87.14,3.575,218.7275216,7.567,2011,7,28,3,0,395146.24,368962.72,403423.34,352728.78,388263.2525,14801.304718173275,385981.13083333336
3,2011-07-22,360617.37,0,86.19,3.651,218.7857881,7.567,2011,7,29,3,0,373454.33,395146.24,385520.71,352864.49,380771.0,11862.77660849239,384447.3216666667
3,2011-07-29,345381.29,0,88.07,3.682,218.8440545,7.567,2011,7,30,3,0,360617.37,373454.33,368962.72,347955.05,374545.165,14727.993503222418,383881.6525
3,2011-08-05,409981.25,0,88.45,3.684,218.9023209,7.567,2011,8,31,3,0,345381.29,360617.37,395146.24,402635.76,368649.8075,21064.09528494132,378243.25
3,2011-08-12,380376.85,0,88.88,3.638,218.9605873,7.567,2011,8,32,3,0,409981.25,345381.29,373454.33,339597.38,372358.56,27581.975720857918,380215.63083333336
3,2011-08-19,379716.91,0,88.44,3.554,219.023271,7.567,2011,8,33,3,0,380376.85,409981.25,360617.37,351728.21,374089.18999999994,27889.114339000836,381530.1075
3,2011-08-26,366367.55,0,87.67,3.523,219.0866908,7.567,2011,8,34,3,0,379716.91,380376.85,345381.29,362134.09,378864.075,26409.539230327908,382393.96666666673
3,2011-09-02,375988.69,0,89.12,3.533,219.1501106,7.567,2011,9,35,3,0,366367.55,379716.91,409981.25,366473.97,384110.64,18415.136487838696,380048.94249999995
3,2011-09-09,377347.49,1,81.72,3.546,219.2135305,7.567,2011,9,36,3,0,375988.69,366367.55,380376.85,352260.97,375612.5,6458.994549958604,378744.7708333333
3,2011-09-16,375629.51,0,83.63,3.526,219.3972867,7.567,2011,9,37,3,0,377347.49,375988.69,379716.91,363064.64,374855.16,5864.37651316219,376571.7833333334
3,2011-09-23,365248.94,0,80.19,3.467,219.7414914,7.567,2011,9,38,3,0,375629.51,377347.49,366367.55,355626.87,373833.31,5031.866149332193,375747.51666666666
3,2011-09-30,368477.93,0,82.58,3.355,220.085696,7.567,2011,9,39,3,1,365248.94,375629.51,375988.69,358784.1,373553.6575,5585.697350395924,375438.035
3,2011-10-07,403342.4,0,75.54,3.285,220.4299007,7.197,2011,10,40,4,0,368477.93,365248.94,377347.49,395107.35,371675.96749999997,5754.151895355232,373215.6758333333
3,2011-10-14,368282.57,0,73.75,3.274,220.7486167,7.197,2011,10,41,4,0,403342.4,368477.93,375629.51,345584.39,378174.695,17330.067661307487,375706.3483333333
3,2011-10-21,394976.36,0,69.03,3.353,220.9144005,7.197,2011,10,42,4,0,368282.57,403342.4,365248.94,348895.98,376337.95999999996,18063.55007491594,376345.115
3,2011-10-28,389540.62,0,71.04,3.372,221.0801842,7.197,2011,10,43,4,0,394976.36,368282.57,368477.93,348591.74,383769.815,18095.756767471616,380478.03750000003
3,2011-11-04,459443.22,0,59.31,3.332,221.245968,7.197,2011,11,44,4,0,389540.62,394976.36,403342.4,423175.56,389035.48750000005,14954.603025470744,378774.6516666667
3,2011-11-11,407764.25,0,61.7,3.297,221.4117517,7.197,2011,11,45,4,0,459443.22,389540.62,368282.57,386635.03,403060.6925,39313.50914672568,385363.5158333333
3,2011-11-18,398838.97,0,63.91,3.308,221.6432852,7.197,2011,11,46,4,0,407764.25,459443.22,394976.36,372545.32,412931.11250000005,31935.147246225173,387700.79416666663
3,2011-11-25,556925.19,1,68.0,3.236,221.9011185,7.197,2011,11,47,4,0,398838.97,407764.25,389540.62,565567.84,413896.765,31262.577697172677,390406.74583333335
3,2011-12-02,472511.32,0,54.97,3.172,222.1589519,7.197,2011,12,48,4,0,556925.19,398838.97,459443.22,476420.77,455742.9075,72552.40929381925,405484.78750000003
3,2011-12-09,468772.8,0,49.26,3.158,222.4167852,7.197,2011,12,49,4,0,472511.32,556925.19,407764.25,467642.03,459009.9325,73066.97799230422,413415.1066666667
3,2011-12-16,510747.62,0,57.95,3.159,222.6426418,7.197,2011,12,50,4,0,468772.8,472511.32,398838.97,498159.39,474262.07,64691.66003033085,421177.04750000004
3,2011-12-23,551221.21,0,53.41,3.112,222.8258628,7.197,2011,12,51,4,0,510747.62,468772.8,556925.19,605990.41,502239.23250000004,41096.21836384528,433301.9375
3,2011-12-30,410553.88,1,48.29,3.129,223.0090839,7.197,2011,12,52,4,0,551221.21,510747.62,472511.32,382677.76,500813.23750000005,38588.61583673422,448530.5441666667
3,2012-01-06,398178.21,0,52.42,3.157,223.1923049,6.833,2012,1,1,1,0,410553.88,551221.21,468772.8,378241.34,485323.8775,60147.91713180317,449131.5008333333
3,2012-01-13,367438.62,0,51.86,3.261,223.3755259,6.833,2012,1,2,1,0,398178.21,410553.88,510747.62,381061.1,467675.23,75117.34369011223,451622.80416666664
3,2012-01-20,365818.61,0,56.2,3.268,223.4700552,6.833,2012,1,3,1,0,367438.62,398178.21,551221.21,350876.7,431847.98,81620.31161197026,449327.9925
3,2012-01-27,349518.1,0,58.06,3.29,223.5645845,6.833,2012,1,4,1,0,365818.61,367438.62,410553.88,364866.24,385497.32999999996,22375.61502454143,447351.1583333334
3,2012-02-03,424960.66,0,59.33,3.36,223.6591137,6.833,2012,2,5,1,0,349518.1,365818.61,398178.21,438516.53,370238.385,20308.75941244545,438190.7316666667
3,2012-02-10,473292.47,1,51.65,3.409,223.753643,6.833,2012,2,6,1,0,424960.66,349518.1,367438.62,430526.21,376933.9975,33024.76737118238,439623.76583333337
3,2012-02-17,475591.08,0,52.39,3.51,223.9170153,6.833,2012,2,7,1,0,473292.47,424960.66,365818.61,432782.1,403397.45999999996,56761.01778061013,445828.2241666666
3,2012-02-24,418925.47,0,60.12,3.555,224.1320199,6.833,2012,2,8,1,0,475591.08,473292.47,349518.1,397211.19,430840.5775,59027.36491769122,439050.38166666665
3,2012-03-02,469752.56,0,61.65,3.63,224.3470245,6.833,2012,3,9,1,0,418925.47,475591.08,424960.66,437084.51,448192.42,30424.595942527318,434584.8941666666
3,2012-03-09,445162.05,0,60.71,3.669,224.5620291,6.833,2012,3,10,1,0,469752.56,418925.47,473292.47,404753.3,459390.395,27083.294374439472,434666.54083333333
3,2012-03-16,411775.8,0,64.0,3.734,224.7166953,6.833,2012,3,11,1,0,445162.05,469752.56,475591.08,392109.51,452357.79,25896.347762486654,429201.07666666666
3,2012-03-23,413907.25,0,66.53,3.787,224.7909104,6.833,2012,3,12,1,0,411775.8,445162.05,418925.47,380683.67,436403.97,26463.03799688264,417580.6258333333
3,2012-03-30,407488.84,0,69.36,3.845,224.8651254,6.833,2012,3,13,1,0,413907.25,411775.8,469752.56,374556.08,435149.415,27659.7538889368,417860.0733333333
3,2012-04-06,503232.13,0,73.01,3.891,224.9393405,6.664,2012,4,14,2,0,407488.84,413907.25,445162.05,384075.31,419583.48500000004,17260.002066142046,418635.95916666667
3,2012-04-13,420789.74,0,72.83,3.891,225.0135556,6.664,2012,4,15,2,0,503232.13,407488.84,411775.8,366250.69,434101.005,46164.641191590454,429952.08499999996
3,2012-04-20,434822.13,0,72.05,3.877,225.0689541,6.664,2012,4,16,2,0,420789.74,503232.13,413907.25,391860.04,436354.49,44914.676547398056,434533.01249999995
3,2012-04-27,394616.11,0,73.39,3.814,225.1243526,6.664,2012,4,17,2,0,434822.13,420789.74,407488.84,367405.4,441583.21,42587.54121520582,441641.68166666664
3,2012-05-04,439913.57,0,79.51,3.749,225.1797511,6.664,2012,5,18,2,0,394616.11,434822.13,503232.13,413042.12,438365.02749999997,46343.46995557715,439112.9691666667
3,2012-05-11,431985.36,0,75.19,3.688,225.2351496,6.664,2012,5,19,2,0,439913.57,394616.11,420789.74,386312.68,422535.3875,20293.665757085077,436331.3941666667
3,2012-05-18,418112.76,0,72.38,3.63,225.2512024,6.664,2012,5,20,2,0,431985.36,439913.57,434822.13,364603.13,425334.2925,20739.799322729374,432697.58416666667
3,2012-05-25,413701.29,0,78.58,3.561,225.2515168,6.664,2012,5,21,2,0,418112.76,431985.36,394616.11,369350.6,421156.94999999995,19855.71737656595,432629.85833333334
3,2012-06-01,432268.53,0,81.55,3.501,225.2518313,6.664,2012,6,22,2,0,413701.29,418112.76,439913.57,394507.84,425928.245,12149.872315324714,427958.91916666663
3,2012-06-08,446336.8,0,81.65,3.452,225.2521458,6.664,2012,6,23,2,0,432268.53,413701.29,431985.36,391638.75,424016.985,9536.883334564542,426884.45916666667
3,2012-06-15,442074.79,0,84.66,3.393,225.2644795,6.664,2012,6,24,2,0,446336.8,432268.53,418112.76,403423.34,427604.84500000003,14787.884851982495,429764.5425
3,2012-06-22,419497.95,0,82.7,3.346,225.3068615,6.664,2012,6,25,2,0,442074.79,446336.8,413701.29,385520.71,433595.35250000004,14511.82880058021,432111.83749999997
3,2012-06-29,422965.33,0,86.42,3.286,225.3492435,6.664,2012,6,26,2,0,419497.95,442074.79,432268.53,368962.72,435044.5175,11921.161060850927,433112.5966666667
3,2012-07-06,411206.5,0,83.14,3.227,225.3916254,6.334,2012,7,27,3,0,422965.33,419497.95,446336.8,395146.24,432718.7175,13452.453612832725,426423.6966666667
3,2012-07-13,416913.1,0,82.28,3.256,225.4340074,6.334,2012,7,28,3,0,411206.5,422965.33,442074.79,373454.33,423936.1425,13060.04544254808,425625.0933333333
3,2012-07-20,432424.85,0,81.38,3.311,225.4438827,6.334,2012,7,29,3,0,416913.1,411206.5,419497.95,360617.37,417645.72,4957.462146360722,424132.67416666663
3,2012-07-27,389427.9,0,84.94,3.407,225.4537579,6.334,2012,7,30,3,0,432424.85,416913.1,422965.33,345381.29,420877.445,9072.762065275245,427283.4025
3,2012-08-03,419990.29,0,86.55,3.417,225.4636332,6.334,2012,8,31,3,0,389427.9,432424.85,411206.5,409981.25,412493.08749999997,17799.530411988202,423076.26333333325
3,2012-08-10,391811.6,0,85.85,3.494,225.4735085,6.334,2012,8,32,3,0,419990.29,389427.9,416913.1,380376.85,414689.035,18126.719181930494,422076.67416666663
3,2012-08-17,394918.83,0,87.36,3.571,225.5558664,6.334,2012,8,33,3,0,391811.6,419990.29,432424.85,379716.91,408413.66000000003,21186.812615352737,419884.9108333334
3,2012-08-24,412449.67,0,83.01,3.62,225.6925864,6.334,2012,8,34,3,0,394918.83,391811.6,389427.9,366367.55,399037.15499999997,14148.508682860334,418319.70583333337
3,2012-08-31,408838.73,0,85.18,3.638,225.8293063,6.334,2012,8,35,3,1,412449.67,394918.83,419990.29,375988.69,404792.59750000003,13608.798591767652,416668.1341666667
3,2012-09-07,408229.73,1,84.99,3.73,225.9660263,6.334,2012,9,36,3,0,408838.73,412449.67,391811.6,377347.49,402004.7075,10163.828110977602,413543.295
3,2012-09-14,407589.16,0,78.36,3.717,226.1122067,6.334,2012,9,37,3,0,408229.73,408838.73,394918.83,375629.51,406109.24,7689.233209564637,410722.87333333335
3,2012-09-21,414392.09,0,72.78,3.721,226.3151496,6.334,2012,9,38,3,0,407589.16,408229.73,412449.67,365248.94,409276.8225,2175.890140784253,409730.4741666666
3,2012-09-28,389813.02,0,77.46,3.666,226.5180926,6.334,2012,9,39,3,0,414392.09,407589.16,408838.73,368477.93,409762.4275,3128.3246415339936,409016.03750000003
3,2012-10-05,443557.65,0,72.74,3.617,226.7210356,6.034,2012,10,40,4,0,389813.02,414392.09,408229.73,403342.4,405006.0,10582.85527739742,407233.2475
3,2012-10-12,410804.39,0,70.31,3.601,226.9239785,6.034,2012,10,41,4,0,443557.65,389813.02,407589.16,368282.57,413837.98000000004,22359.280528041792,409453.6266666667
3,2012-10-19,424513.08,0,73.44,3.594,226.9688442,6.034,2012,10,42,4,0,410804.39,443557.65,414392.09,394976.36,414641.7875,22116.22909466018,407651.92166666663
3,2012-10-26,405432.7,0,74.66,3.506,226.9873637,6.034,2012,10,43,4,0,424513.08,410804.39,389813.02,389540.62,417172.03500000003,22650.638145804354,410575.6866666667
4,2011-02-04,2119086.04,0,34.61,2.996,127.7195806,6.51,2011,2,5,1,0,1814240.85,1886393.94,1862476.27,2135143.87,1857153.38,30520.680829628043,2231863.410833333
4,2011-02-11,2187847.29,1,33.29,3.033,127.859129,6.51,2011,2,6,1,0,2119086.04,1814240.85,1865502.46,2188307.39,1921305.8225,135293.23409637844,2241804.3925
4,2011-02-18,2316495.56,0,48.17,3.058,127.99525,6.51,2011,2,7,1,0,2187847.29,2119086.04,1886393.94,2049860.26,2001892.03,179691.00223308094,2249307.55
4,2011-02-25,2078094.69,0,49.0,3.087,128.13,6.51,2011,2,8,1,0,2316495.56,2187847.29,1814240.85,1925728.84,2109417.435,213116.00148256036,2209893.0591666666
4,2011-03-04,2103455.75,0,46.56,3.305,128.26475,6.51,2011,3,9,1,0,2078094.69,2316495.56,2119086.04,1971057.44,2175380.895,104407.01774805892,2207856.7691666665
4,2011-03-11,2039818.41,0,50.93,3.461,128.3995,6.51,2011,3,10,1,0,2103455.75,2078094.69,2187847.29,1894324.09,2171473.3225,107463.97126100672,2191269.3433333333
4,2011-03-18,2116475.38,0,51.86,3.495,128.5121935,6.51,2011,3,11,1,0,2039818.41,2103455.75,2316495.56,1897429.36,2134466.1025,124140.09183544393,2132916.115833333
4,2011-03-25,1944164.32,0,59.1,3.48,128.6160645,6.51,2011,3,12,1,0,2116475.38,2039818.41,2078094.69,1762539.3,2084461.0574999999,33759.995059521476,2015396.281666667
4,2011-04-01,1900246.47,0,56.99,3.521,128.7199355,5.946,2011,4,13,2,0,1944164.32,2116475.38,2103455.75,1979247.12,2050978.465,78692.48103677842,2027837.5799999998
4,2011-04-08,2074953.46,0,62.61,3.605,128.8238065,5.946,2011,4,14,2,0,1900246.47,1944164.32,2039818.41,1818452.72,2000176.145,96988.46275262191,2030985.0966666667
4,2011-04-15,1960587.76,0,62.34,3.724,128.9107333,5.946,2011,4,15,2,0,2074953.46,1900246.47,2116475.38,1851519.69,2008959.9075,103169.44872555307,2048439.3466666664
4,2011-04-22,2220600.76,0,68.8,3.781,128.9553,5.946,2011,4,16,2,0,1960587.76,2074953.46,1944164.32,1802677.9,1969988.0025,74468.91020318684,2054622.165
4,2011-04-29,1878167.44,0,64.22,3.781,128.9998667,5.946,2011,4,17,2,0,2220600.76,1960587.76,1900246.47,1817273.28,2039097.1124999998,141034.83147137283,2088485.4908333335
4,2011-05-06,2063682.76,0,63.41,3.866,129.0444333,5.946,2011,5,18,2,0,1878167.44,2220600.76,2074953.46,2000626.14,2033577.355,148514.26277334985,2068408.9408333332
4,2011-05-13,2002362.37,0,70.65,3.872,129.089,5.946,2011,5,19,2,0,2063682.76,1878167.44,1960587.76,1875597.28,2030759.68,147571.51364333535,2058061.8966666667
4,2011-05-20,2015563.48,0,70.49,3.881,129.0756774,5.946,2011,5,20,2,0,2002362.37,2063682.76,2220600.76,1903752.6,2041203.3325,142335.3835904739,2031884.1308333331
4,2011-05-27,1986597.95,0,73.65,3.771,129.0623548,5.946,2011,5,21,2,0,2015563.48,2002362.37,1878167.44,1857533.7,1989944.0125,79040.02732939884,2026673.1966666665
4,2011-06-03,2065377.15,0,78.26,3.683,129.0490323,5.946,2011,6,22,2,0,1986597.95,2015563.48,2063682.76,1903290.58,2017051.64,33265.98793756931,2016935.0466666669
4,2011-06-10,2073951.38,0,80.05,3.64,129.0357097,5.946,2011,6,23,2,0,2065377.15,1986597.95,2002362.37,1870619.23,2017475.2374999998,34059.035440076645,2019064.9416666667
4,2011-06-17,2141210.62,0,83.51,3.618,129.0432,5.946,2011,6,24,2,0,2073951.38,2065377.15,2015563.48,1929736.35,2035372.4899999998,41472.73403389257,2015521.2750000001
4,2011-06-24,2008344.92,0,81.85,3.57,129.0663,5.946,2011,6,25,2,0,2141210.62,2073951.38,1986597.95,1846651.95,2066784.275,63304.75216998594,2031941.8
4,2011-07-01,2051533.53,0,84.54,3.504,129.0894,5.644,2011,7,26,3,0,2008344.92,2141210.62,2065377.15,1881337.21,2072221.0175,54435.14110595359,2040950.0041666664
4,2011-07-08,2066541.86,0,84.59,3.469,129.1125,5.644,2011,7,27,3,0,2051533.53,2008344.92,2073951.38,1812208.22,2068760.1124999998,55445.997525232364,2038998.343333333
4,2011-07-15,2049046.95,0,83.27,3.563,129.1338387,5.644,2011,7,28,3,0,2066541.86,2051533.53,2141210.62,1898427.66,2066907.7325000002,55338.419637547224,2047827.8516666666
4,2011-07-22,2036231.39,0,82.84,3.627,129.1507742,5.644,2011,7,29,3,0,2049046.95,2066541.86,2008344.92,1848426.78,2043866.8150000002,24910.339270077922,2033531.7008333334
4,2011-07-29,1989674.07,0,84.36,3.659,129.1677097,5.644,2011,7,30,3,0,2036231.39,2049046.95,2051533.53,1796637.61,2050838.4324999999,12431.893070185266,2046703.6966666665
4,2011-08-05,2160057.39,0,86.09,3.662,129.1846452,5.644,2011,8,31,3,0,1989674.07,2036231.39,2066541.86,1907638.58,2035373.5675000001,32901.89344880481,2040536.3058333332
4,2011-08-12,2105668.74,0,82.98,3.617,129.2015806,5.644,2011,8,32,3,0,2160057.39,1989674.07,2049046.95,2007050.75,2058752.45,72193.97095233625,2053677.5575
4,2011-08-19,2232892.1,0,82.77,3.55,129.2405806,5.644,2011,8,33,3,0,2105668.74,2160057.39,2036231.39,1997181.09,2072907.8975,75147.28446416286,2061186.3291666668
4,2011-08-26,1988490.21,0,81.47,3.523,129.2832581,5.644,2011,8,34,3,0,2232892.1,2105668.74,1989674.07,1848403.92,2122073.075,102505.71239326289,2081710.8416666666
4,2011-09-02,2078420.31,0,77.99,3.533,129.3259355,5.644,2011,9,35,3,0,1988490.21,2232892.1,2160057.39,1935857.58,2121777.11,103015.85336772888,2075303.5966666667
4,2011-09-09,2093139.01,1,73.34,3.554,129.3686129,5.644,2011,9,36,3,0,2078420.31,1988490.21,2105668.74,1865820.81,2101367.84,100970.42008574282,2075676.0075
4,2011-09-16,2075577.33,0,72.76,3.532,129.4306,5.644,2011,9,37,3,0,2093139.01,2078420.31,2232892.1,1899959.61,2098235.4075,100986.87136746173,2071670.04
4,2011-09-23,2031406.41,0,69.23,3.473,129.5183333,5.644,2011,9,38,3,0,2075577.33,2093139.01,1988490.21,1810684.68,2058906.715,47571.08362469351,2077272.7408333335
4,2011-09-30,1929486.63,0,72.15,3.371,129.6060667,5.644,2011,9,39,3,1,2031406.41,2075577.33,2078420.31,1842821.02,2069635.7650000001,26623.025965949113,2075595.4808333332
4,2011-10-07,2166737.65,0,65.79,3.299,129.6938,5.143,2011,10,40,4,0,1929486.63,2031406.41,2093139.01,1951494.85,2032402.345,73361.33878630314,2064174.2116666667
4,2011-10-14,2074548.85,0,63.75,3.283,129.7706452,5.143,2011,10,41,4,0,2166737.65,1929486.63,2075577.33,1867345.09,2050802.005,98570.61737186981,2073981.7700000003
4,2011-10-21,2207742.13,0,64.79,3.361,129.7821613,5.143,2011,10,42,4,0,2074548.85,2166737.65,2031406.41,1927610.06,2050544.885,98485.75413570482,2077174.8916666668
4,2011-10-28,2151659.59,0,55.31,3.362,129.7936774,5.143,2011,10,43,4,0,2207742.13,2074548.85,1929486.63,1933333.0,2094628.815,123382.13319645125,2095347.2300000002
4,2011-11-04,2281217.31,0,49.86,3.322,129.8051935,5.143,2011,11,44,4,0,2151659.59,2207742.13,2166737.65,2013115.79,2150172.0549999997,55707.01442384911,2094647.4133333333
4,2011-11-11,2203028.96,0,47.12,3.286,129.8167097,5.143,2011,11,45,4,0,2281217.31,2151659.59,2074548.85,1999794.26,2178791.9699999997,87429.69775756802,2109276.460833333
4,2011-11-18,2243946.59,0,50.44,3.294,129.8268333,5.143,2011,11,46,4,0,2203028.96,2281217.31,2207742.13,2097809.4,2210911.9975,53310.021260740956,2106787.865833333
4,2011-11-25,3004702.33,1,47.96,3.225,129.8364,5.143,2011,11,47,4,0,2243946.59,2203028.96,2151659.59,2789469.45,2219963.1125,55616.00672217357,2128075.8975
4,2011-12-02,2180999.26,0,38.71,3.176,129.8459667,5.143,2011,12,48,4,0,3004702.33,2243946.59,2281217.31,2102530.17,2433223.7975,382321.5094834409,2205266.0658333334
4,2011-12-09,2508955.24,0,31.64,3.153,129.8555333,5.143,2011,12,49,4,0,2180999.26,3004702.33,2203028.96,2302504.86,2408169.2849999997,398542.9882834226,2212587.7533333334
4,2011-12-16,2771397.17,0,36.44,3.149,129.8980645,5.143,2011,12,50,4,0,2508955.24,2180999.26,2243946.59,2740057.14,2484650.855,374694.1304206841,2248702.5791666666
4,2011-12-23,3676388.98,0,35.92,3.103,129.9845484,5.143,2011,12,51,4,0,2771397.17,2508955.24,3004702.33,3526713.39,2616513.5,353987.2650752862,2310368.4758333336
4,2011-12-30,2007105.86,1,36.89,3.119,130.0710323,5.143,2011,12,52,4,0,3676388.98,2771397.17,2180999.26,1794868.74,2784435.1625,641814.0119816252,2455943.6716666664
4,2012-01-06,2047766.07,0,38.64,3.158,130.1575161,4.607,2012,1,1,1,0,2007105.86,3676388.98,2508955.24,1862476.27,2740961.8125,699600.3395716028,2442641.0225
4,2012-01-13,1941676.61,0,34.41,3.263,130.244,4.607,2012,1,2,1,0,2047766.07,2007105.86,2771397.17,1865502.46,2625664.52,783547.7714625342,2440409.124166667
4,2012-01-20,2005097.76,0,42.09,3.273,130.2792258,4.607,2012,1,3,1,0,1941676.61,2047766.07,3676388.98,1886393.94,2418234.3800000004,839907.4818732869,2418236.9975
4,2012-01-27,1928720.51,0,40.31,3.29,130.3144516,4.607,2012,1,4,1,0,2005097.76,1941676.61,2007105.86,1814240.85,2000411.5750000002,43814.06962672988,2406023.5116666667
4,2012-02-03,2173373.91,0,41.81,3.354,130.3496774,4.607,2012,2,5,1,0,1928720.51,2005097.76,2047766.07,2119086.04,1980815.2375,55730.744558950704,2376648.7783333333
4,2012-02-10,2374660.64,1,33.0,3.411,130.3849032,4.607,2012,2,6,1,0,2173373.91,1928720.51,1941676.61,2187847.29,2012217.1975000002,112501.62025861097,2374177.5241666664
4,2012-02-17,2427640.17,0,34.19,3.493,130.4546207,4.607,2012,2,7,1,0,2374660.64,2173373.91,2005097.76,2316495.56,2120463.205,197897.5540105574,2385070.361666667
4,2012-02-24,2226662.17,0,41.31,3.541,130.5502069,4.607,2012,2,8,1,0,2427640.17,2374660.64,1928720.51,2078094.69,2226098.8075,226497.46541223247,2336981.8483333336
4,2012-03-02,2206319.9,0,50.38,3.619,130.6457931,4.607,2012,3,9,1,0,2226662.17,2427640.17,2173373.91,2103455.75,2300584.2225,120107.53914293626,2340787.0908333333
4,2012-03-09,2202450.81,0,53.63,3.667,130.7413793,4.607,2012,3,10,1,0,2206319.9,2226662.17,2374660.64,2039818.41,2308820.7199999997,109101.48517577919,2315567.4791666665
4,2012-03-16,2214967.44,0,59.81,3.707,130.8261935,4.607,2012,3,11,1,0,2202450.81,2206319.9,2427640.17,2116475.38,2265768.2624999997,108435.86200042603,2268155.2825
4,2012-03-23,2091592.54,0,59.07,3.759,130.8966452,4.607,2012,3,12,1,0,2214967.44,2202450.81,2226662.17,1944164.32,2212600.08,10736.15559531707,2146370.154166667
4,2012-03-30,2089381.77,0,72.63,3.82,130.9670968,4.607,2012,3,13,1,0,2091592.54,2214967.44,2206319.9,1900246.47,2178832.6725,58394.99474983443,2153410.7108333334
4,2012-04-06,2470206.13,0,67.69,3.864,131.0375484,4.308,2012,4,14,2,0,2089381.77,2091592.54,2202450.81,2074953.46,2149598.14,68452.44323848207,2156878.6858333335
4,2012-04-13,2105301.39,0,68.69,3.881,131.108,4.308,2012,4,15,2,0,2470206.13,2089381.77,2214967.44,1960587.76,2216536.9699999997,179006.57495800633,2200922.8125
4,2012-04-20,2144336.89,0,68.6,3.864,131.1173333,4.308,2012,4,16,2,0,2105301.39,2470206.13,2091592.54,2220600.76,2189120.4575,187522.70248110723,2209273.1149999998
4,2012-04-27,2064065.66,0,76.47,3.81,131.1266667,4.308,2012,4,17,2,0,2144336.89,2105301.39,2089381.77,1878167.44,2202306.545,180085.78830598426,2227241.146666667
4,2012-05-04,2196968.33,0,80.14,3.747,131.136,4.308,2012,5,18,2,0,2064065.66,2144336.89,2470206.13,2063682.76,2195977.5175,185733.66645976604,2218132.1258333335
4,2012-05-11,2127661.17,0,67.64,3.685,131.1453333,4.308,2012,5,19,2,0,2196968.33,2064065.66,2105301.39,2002362.37,2127668.0675,56644.83067996945,2203324.433333333
4,2012-05-18,2207214.81,0,68.43,3.62,131.0983226,4.308,2012,5,20,2,0,2127661.17,2196968.33,2144336.89,2015563.48,2133258.0125,54774.240822554835,2178326.183333333
4,2012-05-25,2154137.67,0,77.47,3.551,131.0287742,4.308,2012,5,21,2,0,2207214.81,2127661.17,2064065.66,1986597.95,2148977.4924999997,66731.078559085,2176705.57
4,2012-06-01,2179360.94,0,77.41,3.483,130.9592258,4.308,2012,6,22,2,0,2154137.67,2207214.81,2196968.33,2065377.15,2171495.495,37181.88144755463,2172357.0508333333
4,2012-06-08,2245257.18,0,78.11,3.433,130.8896774,4.308,2012,6,23,2,0,2179360.94,2154137.67,2127661.17,2073951.38,2167093.6475,34073.312041330966,2170432.895
4,2012-06-15,2234190.93,0,80.94,3.372,130.8295333,4.308,2012,6,24,2,0,2245257.18,2179360.94,2207214.81,2141210.62,2196492.65,39074.21963182661,2172957.0399999996
4,2012-06-22,2197299.65,0,81.63,3.329,130.7929,4.308,2012,6,25,2,0,2234190.93,2245257.18,2154137.67,2008344.92,2203236.6799999997,43606.772244831984,2184840.2391666663
4,2012-06-29,2128362.92,0,84.23,3.257,130.7562667,4.308,2012,6,26,2,0,2197299.65,2234190.93,2179360.94,2051533.53,2214027.175,30894.70380555404,2193833.3958333335
4,2012-07-06,2224499.28,0,80.37,3.187,130.7196333,4.077,2012,7,27,3,0,2128362.92,2197299.65,2245257.18,2066541.86,2201277.67,52756.88073401215,2165346.4616666664
4,2012-07-13,2100252.61,0,76.86,3.224,130.683,4.077,2012,7,28,3,0,2224499.28,2128362.92,2234190.93,2049046.95,2196088.1950000003,47774.43061721678,2175279.6191666666
4,2012-07-20,2175563.69,0,79.14,3.263,130.7012903,4.077,2012,7,29,3,0,2100252.61,2224499.28,2197299.65,2036231.39,2162603.6149999998,58008.50859745743,2171605.9291666667
4,2012-07-27,2048613.65,0,81.06,3.356,130.7195806,4.077,2012,7,30,3,0,2175563.69,2100252.61,2128362.92,1989674.07,2157169.625,54592.41986182034,2180897.4316666666
4,2012-08-03,2174514.13,0,83.86,3.374,130.737871,4.077,2012,8,31,3,0,2048613.65,2175563.69,2224499.28,2160057.39,2137232.3074999996,78114.41151278914,2168534.5416666665
4,2012-08-10,2193367.69,0,83.21,3.476,130.7561613,4.077,2012,8,32,3,0,2174514.13,2048613.65,2100252.61,2105668.74,2124736.02,61793.64814294742,2172438.9549999996
4,2012-08-17,2283540.3,0,81.41,3.552,130.7909677,4.077,2012,8,33,3,0,2193367.69,2174514.13,2175563.69,2232892.1,2148014.79,66829.7066763789,2171285.0283333333
4,2012-08-24,2125241.68,0,75.76,3.61,130.8381613,4.077,2012,8,34,3,0,2283540.3,2193367.69,2048613.65,1988490.21,2175008.9425,96767.95953229176,2182068.580833333
4,2012-08-31,2081181.35,0,76.47,3.646,130.8853548,4.077,2012,8,35,3,1,2125241.68,2283540.3,2174514.13,2078420.31,2194165.9499999997,66144.1876541771,2177558.6425
4,2012-09-07,2125104.72,1,82.09,3.709,130.9325484,4.077,2012,9,36,3,0,2081181.35,2125241.68,2193367.69,2093139.01,2170832.755,88179.23892751678,2163885.6566666667
4,2012-09-14,2117854.6,0,68.2,3.706,130.9776667,4.077,2012,9,37,3,0,2125104.72,2081181.35,2283540.3,2075577.33,2153767.0125,88966.29727919422,2154795.1391666667
4,2012-09-21,2119438.53,0,68.97,3.721,131.0103333,4.077,2012,9,38,3,0,2117854.6,2125104.72,2125241.68,2031406.41,2112345.5875000004,21060.734251204405,2148174.7183333333
4,2012-09-28,2027620.23,0,71.74,3.666,131.043,4.077,2012,9,39,3,0,2119438.53,2117854.6,2081181.35,1929486.63,2110894.8000000003,20051.97476275648,2147431.0191666665
4,2012-10-05,2209835.43,0,63.07,3.62,131.0756667,3.879,2012,10,40,4,0,2027620.23,2119438.53,2125104.72,2166737.65,2097504.52,46693.36705046136,2131024.4316666666
4,2012-10-12,2133026.07,0,57.11,3.603,131.1083333,3.879,2012,10,41,4,0,2209835.43,2027620.23,2117854.6,2074548.85,2118687.1975,74391.86912703035,2140156.3333333335
4,2012-10-19,2097266.85,0,64.46,3.61,131.1499677,3.879,2012,10,42,4,0,2133026.07,2209835.43,2119438.53,2207742.13,2122480.065,74721.29827370436,2136611.5316666667
4,2012-10-26,2149594.46,0,63.64,3.514,131.1930968,3.879,2012,10,43,4,0,2097266.85,2133026.07,2027620.23,2151659.59,2116937.145,75836.17578723679,2140665.9650000003
5,2011-02-04,329613.2,0,41.67,2.989,213.1229755,6.634,2011,2,5,1,0,279088.39,275313.34,286347.26,317173.1,275346.42500000005,10822.776642447794,334854.54250000004
5,2011-02-11,311590.54,1,38.25,3.022,213.4944627,6.634,2011,2,6,1,0,329613.2,279088.39,260636.71,311825.7,286162.91000000003,30040.39829928713,337170.0291666667
5,2011-02-18,356622.61,0,58.83,3.045,213.8068304,6.634,2011,2,7,1,0,311590.54,329613.2,275313.34,303447.57,298901.36750000005,26160.917880170728,338353.84
5,2011-02-25,294659.5,0,63.35,3.065,214.0955503,6.634,2011,2,8,1,0,356622.61,311590.54,279088.39,270281.63,319228.685,32535.766577818773,327375.50666666665
5,2011-03-04,329033.66,0,60.35,3.288,214.3842702,6.634,2011,3,9,1,0,294659.5,356622.61,329613.2,288855.71,323121.4625,26504.8110264162,323222.89166666666
5,2011-03-11,293098.1,0,55.74,3.459,214.6729901,6.634,2011,3,10,1,0,329033.66,294659.5,311590.54,297293.59,322976.5775,26459.040543799645,321241.4025
5,2011-03-18,312177.67,0,64.31,3.488,214.9257339,6.634,2011,3,11,1,0,293098.1,329033.66,356622.61,281706.41,318353.46749999997,30429.32501701553,315016.145
5,2011-03-25,294732.5,0,70.71,3.473,215.1640872,6.634,2011,3,12,1,0,312177.67,293098.1,294659.5,273282.97,307242.2325,16907.656028638878,302196.76333333337
5,2011-04-01,314316.55,0,61.5,3.524,215.4024406,6.489,2011,4,13,2,0,294732.5,312177.67,329033.66,331406.0,307260.4825,16889.57681484161,301909.45666666667
5,2011-04-08,307333.62,0,69.64,3.622,215.6407939,6.489,2011,4,14,2,0,314316.55,294732.5,293098.1,328020.49,303581.205,11215.196734540346,304240.2308333333
5,2011-04-15,307913.58,0,72.02,3.743,215.8592673,6.489,2011,4,15,2,0,307333.62,314316.55,312177.67,306858.69,307140.08499999996,8772.39104343721,308131.63999999996
5,2011-04-22,328415.44,0,74.34,3.807,216.0280407,6.489,2011,4,16,2,0,307913.58,307333.62,294732.5,288839.73,306074.0625,8196.339627291109,310848.32666666666
5,2011-04-29,307291.56,0,74.75,3.81,216.1968142,6.489,2011,4,17,2,0,328415.44,307913.58,314316.55,298697.84,314494.7975,9804.946825504434,314958.9141666666
5,2011-05-06,322904.68,0,66.27,3.906,216.3655877,6.489,2011,5,18,2,0,307291.56,328415.44,307333.62,333522.6,312738.55,10455.113325354781,313098.7775
5,2011-05-13,290930.01,0,77.38,3.899,216.5343611,6.489,2011,5,19,2,0,322904.68,307291.56,307913.58,296673.77,316631.315,10668.499385717034,314041.6225
5,2011-05-20,299614.33,0,71.37,3.907,216.3023847,6.489,2011,5,20,2,0,290930.01,322904.68,328415.44,301615.49,312385.4225,16871.06398655902,308567.2391666667
5,2011-05-27,297149.69,0,80.14,3.786,216.0704083,6.489,2011,5,21,2,0,299614.33,290930.01,307291.56,310013.11,305185.145,13572.788443560245,308980.14166666666
5,2011-06-03,329183.92,0,83.81,3.699,215.8384319,6.489,2011,6,22,2,0,297149.69,299614.33,322904.68,337825.89,302649.6775,13989.030577938574,306323.14416666667
5,2011-06-10,304984.14,0,83.61,3.648,215.6064555,6.489,2011,6,23,2,0,329183.92,297149.69,290930.01,296641.91,304219.48750000005,17039.391759106325,309330.29583333334
5,2011-06-17,304811.82,0,86.84,3.637,215.560463,6.489,2011,6,24,2,0,304984.14,329183.92,299614.33,313795.6,307733.02,14669.894947015684,308730.835
5,2011-06-24,302881.64,0,84.76,3.594,215.6539583,6.489,2011,6,25,2,0,304811.82,304984.14,297149.69,295257.3,309032.3925,13922.215578208148,309570.7783333333
5,2011-07-01,327093.89,0,85.81,3.524,215.7474537,6.529,2011,7,26,3,0,302881.64,304811.82,329183.92,305993.27,310465.38,12515.37167819945,308617.8691666667
5,2011-07-08,310804.93,0,86.64,3.48,215.8409491,6.529,2011,7,27,3,0,327093.89,302881.64,304984.14,291808.87,309942.8725,11473.66743851193,310264.55833333335
5,2011-07-15,283248.62,0,88.64,3.575,215.9250696,6.529,2011,7,28,3,0,310804.93,327093.89,304811.82,280701.7,311398.07,10994.223476284162,310505.50416666665
5,2011-07-22,292539.73,0,86.97,3.651,215.985753,6.529,2011,7,29,3,0,283248.62,310804.93,302881.64,274742.63,306007.27,18215.2756152579,306741.6025
5,2011-07-29,275142.17,0,89.42,3.682,216.0464364,6.529,2011,7,30,3,0,292539.73,283248.62,327093.89,268929.03,303421.7925,19495.7695613014,305512.2833333333
5,2011-08-05,317738.56,0,91.07,3.684,216.1071198,6.529,2011,8,31,3,0,275142.17,292539.73,310804.93,303043.02,290433.8625,15328.39019940319,301532.07416666666
5,2011-08-12,289886.16,0,90.16,3.638,216.1678032,6.529,2011,8,32,3,0,317738.56,275142.17,283248.62,286477.35,292167.27,18470.029295665343,303766.12
5,2011-08-19,303643.84,0,89.35,3.554,216.2311855,6.529,2011,8,33,3,0,289886.16,317738.56,292539.73,287205.38,293826.65499999997,17683.069654756506,302955.43916666665
5,2011-08-26,310338.17,0,89.18,3.523,216.2950176,6.529,2011,8,34,3,0,303643.84,289886.16,275142.17,288519.75,296602.6825,18275.379502584812,303496.61833333335
5,2011-09-02,315645.53,0,90.38,3.533,216.3588498,6.529,2011,9,35,3,0,310338.17,303643.84,317738.56,323798.0,305401.6825,11837.63636303727,301926.13916666666
5,2011-09-09,321110.22,1,79.04,3.546,216.4226819,6.529,2011,9,36,3,0,315645.53,310338.17,289886.16,306533.08,304878.425,11136.00130954452,302814.5883333333
5,2011-09-16,278529.71,0,83.55,3.526,216.6033083,6.529,2011,9,37,3,0,321110.22,315645.53,303643.84,282558.65,312684.44,7460.993094520467,304172.78833333333
5,2011-09-23,291024.98,0,78.01,3.467,216.9396605,6.529,2011,9,38,3,0,278529.71,321110.22,310338.17,293131.58,306405.9075,19097.403885241438,302143.4608333334
5,2011-09-30,292315.38,0,81.16,3.355,217.2760127,6.529,2011,9,39,3,1,291024.98,278529.71,315645.53,283178.12,301577.61,20182.442211531437,299137.7183333333
5,2011-10-07,309111.47,0,71.64,3.285,217.6123648,6.3,2011,10,40,4,0,292315.38,291024.98,321110.22,290494.85,295745.0725,18016.672626174884,297596.92250000004
5,2011-10-14,286117.72,0,72.36,3.274,217.9237458,6.3,2011,10,41,4,0,309111.47,292315.38,278529.71,280681.2,292745.385,12557.585378260384,299752.16
5,2011-10-21,306069.18,0,66.9,3.353,218.0852999,6.3,2011,10,42,4,0,286117.72,309111.47,291024.98,284988.27,294642.38749999995,10008.744598324634,299216.9925
5,2011-10-28,307035.11,0,69.27,3.372,218.2468539,6.3,2011,10,43,4,0,306069.18,286117.72,292315.38,278031.81,298403.4375,10976.169136064504,301794.24333333335
5,2011-11-04,353652.23,0,56.71,3.332,218.408408,6.3,2011,11,44,4,0,307035.11,306069.18,309111.47,325310.3,302083.37,10719.181870463448,300902.2891666667
5,2011-11-11,311906.7,0,60.71,3.297,218.5699621,6.3,2011,11,45,4,0,353652.23,307035.11,286117.72,301827.36,313218.56,28627.992633443213,306216.12833333336
5,2011-11-18,307944.37,0,64.33,3.308,218.793912,6.3,2011,11,46,4,0,311906.7,353652.23,306069.18,297384.81,319665.805,22801.194868217957,306904.7
5,2011-11-25,507900.07,1,61.93,3.236,219.0428204,6.3,2011,11,47,4,0,307944.37,311906.7,307035.11,488362.61,320134.60250000004,22444.956411481562,306705.2166666667
5,2011-12-02,376225.61,0,51.14,3.172,219.2917287,6.3,2011,12,48,4,0,507900.07,307944.37,353652.23,344490.88,370350.84249999997,94001.62985772392,322726.4283333333
5,2011-12-09,367433.77,0,44.12,3.158,219.540637,6.3,2011,12,49,4,0,376225.61,507900.07,311906.7,352811.53,375994.1875,93340.23625126056,327319.3775
5,2011-12-16,379530.3,0,54.42,3.159,219.7596266,6.3,2011,12,50,4,0,367433.77,376225.61,307944.37,367801.19,389875.955,84325.67803529928,334728.0491666667
5,2011-12-23,458562.24,0,50.33,3.112,219.9387246,6.3,2011,12,51,4,0,379530.3,367433.77,507900.07,466010.25,407772.4375,66946.67415591427,342103.4925
5,2011-12-30,349624.88,1,45.62,3.129,220.1178226,6.3,2011,12,52,4,0,458562.24,379530.3,376225.61,298180.18,395437.98,42391.34118453586,355957.39749999996
5,2012-01-06,312078.71,0,50.21,3.157,220.2969205,5.943,2012,1,1,1,0,349624.88,458562.24,367433.77,286347.26,388787.7975,48110.64568170278,359333.51499999996
5,2012-01-13,291454.52,0,48.86,3.261,220.4760185,5.943,2012,1,2,1,0,312078.71,349624.88,379530.3,260636.71,374949.0325,62198.9995402981,361496.93083333335
5,2012-01-20,287523.98,0,54.65,3.268,220.5694104,5.943,2012,1,3,1,0,291454.52,312078.71,458562.24,275313.34,352930.0875,74424.8087703197,360279.0425
5,2012-01-27,295974.22,0,54.63,3.29,220.6628023,5.943,2012,1,4,1,0,287523.98,291454.52,349624.88,279088.39,310170.5225,28422.069723235003,358653.115
5,2012-02-03,333948.0,0,57.35,3.36,220.7561941,5.943,2012,2,5,1,0,295974.22,287523.98,312078.71,329613.2,296757.8575,10781.658675455472,353846.6141666667
5,2012-02-10,349239.88,1,48.57,3.409,220.849586,5.943,2012,2,6,1,0,333948.0,295974.22,291454.52,311590.54,302225.18,21428.518442717137,355683.38916666666
5,2012-02-17,356427.98,0,48.25,3.51,221.0106341,5.943,2012,2,7,1,0,349239.88,333948.0,287523.98,356622.61,316671.52,29648.677034125427,359124.68166666664
5,2012-02-24,312220.47,0,57.75,3.555,221.2224243,5.943,2012,2,8,1,0,356427.98,349239.88,295974.22,294659.5,333897.52,26964.104962595833,346502.0075
5,2012-03-02,359206.21,0,60.66,3.63,221.4342146,5.943,2012,3,9,1,0,312220.47,356427.98,333948.0,329033.66,337959.0825,19552.67691262535,341168.2458333333
5,2012-03-09,347295.6,0,57.69,3.669,221.6460048,5.943,2012,3,10,1,0,359206.21,312220.47,349239.88,293098.1,344273.635,21777.50272205221,340482.6158333333
5,2012-03-16,339392.54,0,63.55,3.734,221.7989713,5.943,2012,3,11,1,0,347295.6,359206.21,356427.98,312177.67,343787.56499999994,21651.03924610066,337796.3908333333
5,2012-03-23,321299.99,0,64.44,3.787,221.8735063,5.943,2012,3,12,1,0,339392.54,347295.6,312220.47,294732.5,339528.70499999996,19943.98071840696,327865.5825
5,2012-03-30,331318.73,0,67.76,3.845,221.9480412,5.943,2012,3,13,1,0,321299.99,339392.54,359206.21,314316.55,341798.58499999996,15908.321004712896,325505.175
5,2012-04-06,402985.7,0,70.4,3.891,222.0225762,5.801,2012,4,14,2,0,331318.73,321299.99,347295.6,307333.62,334826.71499999997,11129.511805102622,327108.50999999995
5,2012-04-13,351832.03,0,70.56,3.891,222.0971111,5.801,2012,4,15,2,0,402985.7,331318.73,339392.54,307913.58,348749.24,36907.205406010165,336402.77499999997
5,2012-04-20,330063.06,0,67.33,3.877,222.1512315,5.801,2012,4,16,2,0,351832.03,402985.7,321299.99,328415.44,351859.1125,36376.25582745498,341761.7791666666
5,2012-04-27,324839.74,0,68.96,3.814,222.2053519,5.801,2012,4,17,2,0,330063.06,351832.03,331318.73,307291.56,354049.88,34116.008225513346,344602.5158333333
5,2012-05-04,360932.69,0,77.1,3.749,222.2594722,5.801,2012,5,18,2,0,324839.74,330063.06,402985.7,322904.68,352430.1325,35673.233767873055,343843.4941666667
5,2012-05-11,333870.52,0,73.45,3.688,222.3135926,5.801,2012,5,19,2,0,360932.69,324839.74,351832.03,290930.01,341916.88,17243.86836579562,344817.89499999996
5,2012-05-18,336189.66,0,70.45,3.63,222.330443,5.801,2012,5,20,2,0,333870.52,360932.69,330063.06,299614.33,337426.5025,16102.098600366004,342938.10666666663
5,2012-05-25,341994.48,0,78.23,3.561,222.3323853,5.801,2012,5,21,2,0,336189.66,333870.52,324839.74,297149.69,338958.15249999997,15446.233899527411,344935.5391666667
5,2012-06-01,359867.8,0,79.72,3.501,222.3343277,5.801,2012,6,22,2,0,341994.48,336189.66,360932.69,329183.92,343246.83749999997,12275.678692533133,343501.22833333333
5,2012-06-08,341704.59,0,81.02,3.452,222.33627,5.801,2012,6,23,2,0,359867.8,341994.48,333870.52,304984.14,342980.615,11765.208316381548,344548.9116666667
5,2012-06-15,327383.64,0,81.64,3.393,222.3492901,5.801,2012,6,24,2,0,341704.59,359867.8,336189.66,304811.82,344939.1325,10304.556045490099,344741.58249999996
5,2012-06-22,325041.68,0,80.57,3.346,222.3900046,5.801,2012,6,25,2,0,327383.64,341704.59,341994.48,302881.64,342737.6275,13301.71889535504,345248.55333333334
5,2012-06-29,329658.1,0,87.08,3.286,222.4307191,5.801,2012,6,26,2,0,325041.68,327383.64,359867.8,327093.89,338499.4275,16036.958455072145,344725.4658333334
5,2012-07-06,341214.43,0,82.35,3.227,222.4714336,5.603,2012,7,27,3,0,329658.1,325041.68,341704.59,310804.93,330947.0025,7415.2398165336845,338614.8325
5,2012-07-13,316203.64,0,80.78,3.256,222.5121481,5.603,2012,7,28,3,0,341214.43,329658.1,327383.64,283248.62,330824.46249999997,7178.4784611438445,337730.0325
5,2012-07-20,321205.12,0,81.05,3.311,222.5209358,5.603,2012,7,29,3,0,316203.64,341214.43,325041.68,292539.73,328029.4625,10412.696579197833,336575.08083333337
5,2012-07-27,306827.36,0,85.06,3.407,222.5297234,5.603,2012,7,30,3,0,321205.12,316203.64,329658.1,275142.17,327070.3225,10942.847866421145,336272.19583333336
5,2012-08-03,324195.17,0,86.91,3.417,222.5385111,5.603,2012,8,31,3,0,306827.36,321205.12,341214.43,317738.56,321362.6375,14514.45284802826,331763.41833333333
5,2012-08-10,306759.7,0,86.96,3.494,222.5472987,5.603,2012,8,32,3,0,324195.17,306827.36,316203.64,289886.16,317107.8225,7605.344537374176,330957.13916666666
5,2012-08-17,314014.18,0,87.52,3.571,222.6276753,5.603,2012,8,33,3,0,306759.7,324195.17,321205.12,303643.84,314746.83749999997,9264.500151965358,328504.6425
5,2012-08-24,320831.36,0,79.45,3.62,222.7617437,5.603,2012,8,34,3,0,314014.18,306759.7,306827.36,310338.17,312949.10250000004,8233.930993939983,326172.9508333333
5,2012-08-31,344642.01,0,84.25,3.638,222.8958121,5.603,2012,8,35,3,1,320831.36,314014.18,324195.17,315645.53,316450.1025,7724.832401610184,322919.9141666666
5,2012-09-07,350648.91,1,86.3,3.73,223.0298805,5.603,2012,9,36,3,0,344642.01,320831.36,306759.7,321110.22,321561.8125,16424.558525893528,323164.69916666666
5,2012-09-14,299800.67,0,76.65,3.717,223.1734167,5.603,2012,9,37,3,0,350648.91,344642.01,314014.18,278529.71,332534.115,17838.996479784953,325103.4716666667
5,2012-09-21,307306.76,0,71.09,3.721,223.3737593,5.603,2012,9,38,3,0,299800.67,350648.91,320831.36,291024.98,328980.7375,23328.622253583057,323000.05416666664
5,2012-09-28,310141.68,0,78.33,3.666,223.5741019,5.603,2012,9,39,3,0,307306.76,299800.67,344642.01,292315.38,325599.5875,25757.16142806441,321137.44249999995
5,2012-10-05,343048.29,0,71.17,3.617,223.7744444,5.422,2012,10,40,4,0,310141.68,307306.76,350648.91,309111.47,316974.505,22869.62287676909,318548.0466666667
5,2012-10-12,325345.41,0,66.24,3.601,223.974787,5.422,2012,10,41,4,0,343048.29,310141.68,299800.67,286117.72,315074.35,19152.835365405805,320785.10083333333
5,2012-10-19,313358.15,0,69.17,3.594,224.0192873,5.422,2012,10,42,4,0,325345.41,343048.29,307306.76,306069.18,321460.535,16427.306991382004,321130.12499999994
5,2012-10-26,319550.77,0,71.7,3.506,224.0378139,5.422,2012,10,43,4,0,313358.15,325345.41,310141.68,307035.11,322973.3825,14896.685433029506,321674.3575
6,2011-02-04,1514999.17,0,40.59,2.989,214.0887176,6.858,2011,2,5,1,0,1287034.7,1261253.18,1350441.68,1652635.1,1301231.0274999999,37621.30992007242,1690037.7825
6,2011-02-11,1486920.17,1,39.38,3.022,214.4630941,6.858,2011,2,6,1,0,1514999.17,1287034.7,1306194.55,1606283.86,1342370.4,116549.59949874805,1691659.6749999998
6,2011-02-18,1572117.54,0,59.61,3.045,214.7775231,6.858,2011,2,7,1,0,1486920.17,1514999.17,1261253.18,1567138.07,1387551.805,131873.59336714557,1688999.5683333334
6,2011-02-25,1422600.43,0,62.86,3.065,215.0679731,6.858,2011,2,8,1,0,1572117.54,1486920.17,1287034.7,1432953.21,1465267.895,123997.2300259654,1631054.9966666668
6,2011-03-04,1502617.99,0,60.45,3.288,215.3584231,6.858,2011,3,9,1,0,1422600.43,1572117.54,1514999.17,1601348.82,1499159.3275,62141.94274494025,1609849.4291666665
6,2011-03-11,1494497.39,0,57.71,3.459,215.6488731,6.858,2011,3,10,1,0,1502617.99,1422600.43,1486920.17,1558621.36,1496064.0325,61393.81476897683,1582172.7966666669
6,2011-03-18,1685375.47,0,65.07,3.488,215.9035078,6.858,2011,3,11,1,0,1494497.39,1502617.99,1572117.54,1693058.91,1497958.3375,61133.98415838799,1532525.1666666667
6,2011-03-25,1438465.81,0,70.83,3.473,216.1438163,6.858,2011,3,12,1,0,1685375.47,1494497.39,1422600.43,1472033.38,1526272.8199999998,111998.28364659467,1445675.1908333332
6,2011-04-01,1459276.77,0,62.25,3.524,216.3841249,6.855,2011,4,13,2,0,1438465.81,1685375.47,1502617.99,1770333.9,1530239.165,107284.70783471594,1443543.173333333
6,2011-04-08,1534594.0,0,70.35,3.622,216.6244334,6.855,2011,4,14,2,0,1459276.77,1438465.81,1494497.39,1667181.82,1519403.8599999999,113038.55162955755,1452612.764166667
6,2011-04-15,1448797.02,0,73.17,3.743,216.8446627,6.855,2011,4,15,2,0,1534594.0,1459276.77,1685375.47,1519846.36,1529428.0125000002,111865.41919573127,1471646.0516666668
6,2011-04-22,1639358.93,0,74.24,3.807,217.0146941,6.855,2011,4,16,2,0,1448797.02,1534594.0,1438465.81,1540435.99,1470283.4,43707.446868280116,1487274.705
6,2011-04-29,1479249.9,0,75.27,3.81,217.1847255,6.855,2011,4,17,2,0,1639358.93,1448797.02,1459276.77,1498080.16,1520506.68,87969.09898892429,1516635.0575
6,2011-05-06,1504651.57,0,65.42,3.906,217.3547569,6.855,2011,5,18,2,0,1479249.9,1639358.93,1534594.0,1619920.04,1525499.9625,83803.29283035471,1513655.9516666664
6,2011-05-13,1453185.65,0,76.95,3.899,217.5247882,6.855,2011,5,19,2,0,1504651.57,1479249.9,1448797.02,1524059.4,1518014.355,84057.1082475817,1515133.5683333334
6,2011-05-20,1382783.83,0,72.01,3.907,217.2896095,6.855,2011,5,20,2,0,1453185.65,1504651.57,1639358.93,1531938.44,1519111.5125,82872.79177549285,1505222.5775
6,2011-05-27,1523979.11,0,80.83,3.786,217.0544307,6.855,2011,5,21,2,0,1382783.83,1453185.65,1479249.9,1644470.66,1454967.7375,52509.67836310998,1501904.5274999999
6,2011-06-03,1705506.29,0,84.01,3.699,216.819252,6.855,2011,6,22,2,0,1523979.11,1382783.83,1504651.57,1857380.09,1466150.04,63099.31200692836,1503684.6208333333
6,2011-06-10,1598643.65,0,84.49,3.648,216.5840732,6.855,2011,6,23,2,0,1705506.29,1523979.11,1453185.65,1685652.35,1516363.72,138645.78547795207,1521268.695833333
6,2011-06-17,1622150.33,0,87.08,3.637,216.5371616,6.855,2011,6,24,2,0,1598643.65,1705506.29,1382783.83,1677248.24,1552728.22,135593.72208092175,1514041.0441666667
6,2011-06-24,1543365.9,0,85.51,3.594,216.6314502,6.855,2011,6,25,2,0,1622150.33,1598643.65,1523979.11,1640681.88,1612569.845,74769.03489433773,1529348.0875000001
6,2011-07-01,1694551.15,0,87.0,3.524,216.7257388,6.925,2011,7,26,3,0,1543365.9,1622150.33,1705506.29,1759777.25,1617416.5425,67374.90013892137,1536355.515
6,2011-07-08,1709373.62,0,88.36,3.48,216.8200275,6.925,2011,7,27,3,0,1694551.15,1543365.9,1598643.65,1690317.99,1614677.7574999998,62657.99175590527,1549685.2775
6,2011-07-15,1526801.24,0,88.93,3.575,216.9044732,6.925,2011,7,28,3,0,1709373.62,1694551.15,1622150.33,1560120.8,1642360.25,76208.05731656885,1571399.9941666666
6,2011-07-22,1526506.08,0,88.06,3.651,216.964312,6.925,2011,7,29,3,0,1526801.24,1709373.62,1543365.9,1585240.92,1618522.9775,96773.93878641968,1562020.1866666668
6,2011-07-29,1483991.05,0,90.22,3.682,217.0241507,6.925,2011,7,30,3,0,1526506.08,1526801.24,1694551.15,1532308.78,1614308.0225,101395.3408352499,1565958.2016666664
6,2011-08-05,1601584.57,0,91.46,3.684,217.0839894,6.925,2011,8,31,3,0,1483991.05,1526506.08,1709373.62,1633241.59,1561667.9975,100503.25087921566,1564236.4916666665
6,2011-08-12,1484995.38,0,90.49,3.638,217.1438281,6.925,2011,8,32,3,0,1601584.57,1483991.05,1526801.24,1547654.98,1534720.735,48902.87083914876,1576603.0683333334
6,2011-08-19,1493544.04,0,89.26,3.554,217.2069662,6.925,2011,8,33,3,0,1484995.38,1601584.57,1526506.08,1539930.5,1524269.27,55219.05581459945,1585120.6975
6,2011-08-26,1420405.41,0,90.07,3.523,217.2706543,6.925,2011,8,34,3,0,1493544.04,1484995.38,1483991.05,1450766.12,1516028.76,57198.03258418357,1582584.4416666664
6,2011-09-02,1481618.74,0,91.22,3.533,217.3343423,6.925,2011,9,35,3,0,1420405.41,1493544.04,1601584.57,1510925.32,1500132.35,75103.19920866679,1558826.035
6,2011-09-09,1483574.38,1,80.21,3.546,217.3980304,6.925,2011,9,36,3,0,1481618.74,1420405.41,1484995.38,1424225.44,1470140.8925,33534.670191393736,1549073.9591666667
6,2011-09-16,1351407.79,0,84.94,3.526,217.5797506,6.925,2011,9,37,3,0,1483574.38,1481618.74,1493544.04,1308537.75,1469785.6425,33331.76808897511,1537525.9633333331
6,2011-09-23,1336044.75,0,78.49,3.467,217.9188471,6.925,2011,9,38,3,0,1351407.79,1483574.38,1420405.41,1275591.84,1434251.58,62533.181622612516,1521529.4541666666
6,2011-09-30,1307551.92,0,82.51,3.355,218.2579435,6.925,2011,9,39,3,1,1336044.75,1351407.79,1481618.74,1328468.89,1413161.415,80425.70320407757,1491653.9208333334
6,2011-10-07,1481739.2,0,74.1,3.285,218.59704,6.551,2011,10,40,4,0,1307551.92,1336044.75,1483574.38,1360317.9,1369644.71,78096.15193119866,1458168.7791666666
6,2011-10-14,1386520.99,0,71.24,3.274,218.9109844,6.551,2011,10,41,4,0,1481739.2,1307551.92,1351407.79,1344580.92,1369185.915,77204.0367036718,1454413.6091666669
6,2011-10-21,1417922.37,0,68.53,3.353,219.0740167,6.551,2011,10,42,4,0,1386520.99,1481739.2,1336044.75,1332716.53,1377964.2149999999,76501.84909139054,1442748.1849999998
6,2011-10-28,1419445.12,0,69.51,3.372,219.237049,6.551,2011,10,43,4,0,1417922.37,1386520.99,1307551.92,1385323.7,1398433.62,72390.20464148294,1437242.4616666667
6,2011-11-04,1523420.38,0,58.54,3.332,219.4000812,6.551,2011,11,44,4,0,1419445.12,1417922.37,1481739.2,1505442.15,1426406.92,39887.35334207755,1422064.1741666666
6,2011-11-11,1536176.54,0,61.33,3.297,219.5631135,6.551,2011,11,45,4,0,1523420.38,1419445.12,1386520.99,1495536.46,1436827.2149999999,59689.81736034016,1425266.2575
6,2011-11-18,1524390.07,0,63.89,3.308,219.7897137,6.551,2011,11,46,4,0,1536176.54,1523420.38,1417922.37,1518841.45,1474241.1025,64366.137790732246,1428818.9658333333
6,2011-11-25,2249811.55,1,62.78,3.236,220.0417412,6.551,2011,11,47,4,0,1524390.07,1536176.54,1419445.12,2267452.4,1500858.0275,54584.11126379041,1437484.3541666667
6,2011-12-02,1688531.34,0,51.18,3.172,220.2937686,6.551,2011,12,48,4,0,2249811.55,1524390.07,1523420.38,1677067.24,1708449.635,360954.5174243754,1501500.4216666666
6,2011-12-09,1903385.14,0,43.64,3.158,220.5457961,6.551,2011,12,49,4,0,1688531.34,2249811.55,1536176.54,1834737.58,1749727.375,341667.47818066843,1518580.1683333332
6,2011-12-16,2034695.56,0,53.27,3.159,220.7671856,6.551,2011,12,50,4,0,1903385.14,1688531.34,1524390.07,2090268.95,1841529.525,313318.9044068468,1564578.2808333335
6,2011-12-23,2644633.02,0,49.45,3.112,220.9477245,6.551,2011,12,51,4,0,2034695.56,1903385.14,2249811.55,2727575.18,1969105.8975,235328.82487773654,1622799.1816666666
6,2011-12-30,1598080.52,1,46.8,3.129,221.1282634,6.551,2011,12,52,4,0,2644633.02,2034695.56,1688531.34,1464050.02,2067811.2650000001,410166.3073475798,1734222.6066666667
6,2012-01-06,1395339.71,0,50.82,3.157,221.3088023,6.132,2012,1,1,1,0,1598080.52,2644633.02,1903385.14,1350441.68,2045198.56,439491.21061747044,1743917.7166666668
6,2012-01-13,1344243.17,0,48.33,3.261,221.4893412,6.132,2012,1,2,1,0,1395339.71,1598080.52,2034695.56,1306194.55,1918187.2025,552912.1424256855,1744652.61
6,2012-01-20,1326255.7,0,55.37,3.268,221.5831306,6.132,2012,1,3,1,0,1344243.17,1395339.71,2644633.02,1261253.18,1745574.105,609314.3526637463,1738512.6766666668
6,2012-01-27,1315610.66,0,53.95,3.29,221.6769199,6.132,2012,1,4,1,0,1326255.7,1344243.17,1598080.52,1287034.7,1415979.7750000001,124877.59839711564,1730746.8916666666
6,2012-02-03,1496305.78,0,57.45,3.36,221.7707093,6.132,2012,2,5,1,0,1315610.66,1326255.7,1395339.71,1514999.17,1345362.31,35351.64403776091,1713429.415
6,2012-02-10,1620603.92,1,48.58,3.409,221.8644987,6.132,2012,2,6,1,0,1496305.78,1315610.66,1344243.17,1486920.17,1370603.8275,84630.31373880793,1710106.8516666666
6,2012-02-17,1632616.09,0,49.03,3.51,222.026359,6.132,2012,2,7,1,0,1620603.92,1496305.78,1326255.7,1572117.54,1439694.015,146285.35579660995,1718124.6725
6,2012-02-24,1465187.71,0,59.17,3.555,222.2392726,6.132,2012,2,8,1,0,1632616.09,1620603.92,1315610.66,1422600.43,1516284.1124999998,147291.9091845059,1666691.7175
6,2012-03-02,1550385.65,0,60.32,3.63,222.4521862,6.132,2012,3,9,1,0,1465187.71,1632616.09,1496305.78,1502617.99,1553678.375,85308.07674178445,1648079.7483333333
6,2012-03-09,1569304.4,0,57.89,3.669,222.6650998,6.132,2012,3,10,1,0,1550385.65,1465187.71,1620603.92,1494497.39,1567198.3425,77072.41869011651,1618663.1241666668
6,2012-03-16,1748010.29,0,62.8,3.734,222.8186603,6.132,2012,3,11,1,0,1569304.4,1550385.65,1632616.09,1685375.47,1554373.4625,69076.87203461841,1579880.5274999999
6,2012-03-23,1495143.62,0,63.71,3.787,222.8930835,6.132,2012,3,12,1,0,1748010.29,1569304.4,1465187.71,1438465.81,1583222.0125000002,118826.48359128804,1505161.9666666668
6,2012-03-30,1508933.26,0,67.91,3.845,222.9675066,6.132,2012,3,13,1,0,1495143.62,1748010.29,1550385.65,1459276.77,1590710.9899999998,109484.49986299792,1496583.8916666666
6,2012-04-06,1840131.19,0,71.6,3.891,223.0419298,5.964,2012,4,14,2,0,1508933.26,1495143.62,1569304.4,1534594.0,1580347.8925,116322.04727882518,1506050.0208333333
6,2012-04-13,1616394.45,0,71.29,3.891,223.1163529,5.964,2012,4,15,2,0,1840131.19,1508933.26,1748010.29,1448797.02,1648054.5899999999,172840.0719715204,1547374.0225
6,2012-04-20,1456073.24,0,68.64,3.877,223.17092,5.964,2012,4,16,2,0,1616394.45,1840131.19,1495143.62,1639358.93,1615150.6300000001,159480.0004232135,1571552.2516666667
6,2012-04-27,1456221.1,0,71.5,3.814,223.2254871,5.964,2012,4,17,2,0,1456073.24,1616394.45,1508933.26,1479249.9,1605383.0350000001,170121.44830159866,1583257.4666666668
6,2012-05-04,1543461.12,0,77.66,3.749,223.2800541,5.964,2012,5,18,2,0,1456221.1,1456073.24,1840131.19,1504651.57,1592204.9949999999,181728.7377009369,1579917.0766666664
6,2012-05-11,1517075.67,0,72.66,3.688,223.3346212,5.964,2012,5,19,2,0,1543461.12,1456221.1,1616394.45,1453185.65,1518037.4775,77419.39225955098,1573488.51
6,2012-05-18,1513635.64,0,70.5,3.63,223.3511928,5.964,2012,5,20,2,0,1517075.67,1543461.12,1456073.24,1382783.83,1493207.7825,44128.837557935825,1563860.1416666668
6,2012-05-25,1603793.42,0,78.47,3.561,223.3525662,5.964,2012,5,21,2,0,1513635.64,1517075.67,1456221.1,1523979.11,1507598.3824999998,36751.546700150175,1567897.4691666665
6,2012-06-01,1681121.38,0,80.39,3.501,223.3539397,5.964,2012,6,22,2,0,1603793.42,1513635.64,1543461.12,1705506.29,1544491.4625,41719.26505247409,1572348.1166666665
6,2012-06-08,1696619.52,0,80.5,3.452,223.3553131,5.964,2012,6,23,2,0,1681121.38,1603793.42,1517075.67,1598643.65,1578906.5274999999,79896.96945468409,1581666.1983333332
6,2012-06-15,1642247.48,0,82.1,3.393,223.3680933,5.964,2012,6,24,2,0,1696619.52,1681121.38,1513635.64,1622150.33,1623792.49,83914.38559635659,1577383.6341666665
6,2012-06-22,1618272.25,0,81.2,3.346,223.4093906,5.964,2012,6,25,2,0,1642247.48,1696619.52,1603793.42,1543365.9,1655945.4500000002,41616.006684019456,1589642.2891666666
6,2012-06-29,1648863.46,0,87.35,3.286,223.4506878,5.964,2012,6,26,2,0,1618272.25,1642247.48,1681121.38,1694551.15,1659565.1575000002,35789.67575782111,1598753.8716666668
6,2012-07-06,1876359.39,0,82.95,3.227,223.4919851,5.668,2012,7,27,3,0,1648863.46,1618272.25,1696619.52,1709373.62,1651500.6774999998,32824.86315168404,1582814.8941666668
6,2012-07-13,1588142.26,0,80.27,3.256,223.5332824,5.668,2012,7,28,3,0,1876359.39,1648863.46,1642247.48,1526801.24,1696435.645,120666.95259334505,1604478.639166667
6,2012-07-20,1574361.97,0,81.57,3.311,223.5424501,5.668,2012,7,29,3,0,1588142.26,1876359.39,1618272.25,1526506.08,1682909.3399999999,131327.57598891496,1615484.3908333331
6,2012-07-27,1513229.16,0,85.78,3.407,223.5516178,5.668,2012,7,30,3,0,1574361.97,1588142.26,1648863.46,1483991.05,1671931.7699999998,140075.3923228511,1625329.4633333336
6,2012-08-03,1627274.93,0,87.55,3.417,223.5607856,5.668,2012,8,31,3,0,1513229.16,1574361.97,1876359.39,1601584.57,1638023.1949999998,162191.81264132453,1622810.1333333335
6,2012-08-10,1588380.73,0,87.04,3.494,223.5699533,5.668,2012,8,32,3,0,1627274.93,1513229.16,1588142.26,1484995.38,1575752.0799999998,47325.71029118345,1631993.405
6,2012-08-17,1543049.52,0,87.53,3.571,223.6510224,5.668,2012,8,33,3,0,1588380.73,1627274.93,1574361.97,1493544.04,1575811.6975,47346.66685593245,1638222.1624999999
6,2012-08-24,1501095.49,0,79.03,3.62,223.7860175,5.668,2012,8,34,3,0,1543049.52,1588380.73,1513229.16,1420405.41,1567983.585,50170.581587774475,1633160.1708333334
6,2012-08-31,1577439.81,0,83.58,3.638,223.9210125,5.668,2012,8,35,3,1,1501095.49,1543049.52,1627274.93,1481618.74,1564950.1675,54743.1136591559,1618158.0133333334
6,2012-09-07,1608077.01,1,86.33,3.73,224.0560076,5.668,2012,9,36,3,0,1577439.81,1501095.49,1588380.73,1483574.38,1552491.3875000002,39332.581202020636,1608226.3708333333
6,2012-09-14,1375166.86,0,76.41,3.717,224.2004678,5.668,2012,9,37,3,0,1608077.01,1577439.81,1543049.52,1351407.79,1557415.4575,45992.34173284078,1605378.8316666668
6,2012-09-21,1425603.65,0,70.81,3.721,224.4017192,5.668,2012,9,38,3,0,1375166.86,1608077.01,1501095.49,1336044.75,1515444.7925,103775.2551470493,1585120.0491666666
6,2012-09-28,1369131.46,0,77.82,3.666,224.6029706,5.668,2012,9,39,3,0,1425603.65,1375166.86,1577439.81,1307551.92,1496571.8325,113649.5852306965,1566515.0650000002
6,2012-10-05,1518177.71,0,70.84,3.617,224.804222,5.329,2012,10,40,4,0,1369131.46,1425603.65,1608077.01,1481739.2,1444494.7449999999,111955.36500081306,1524246.070833333
6,2012-10-12,1459396.84,0,65.43,3.601,225.0054733,5.329,2012,10,41,4,0,1518177.71,1369131.46,1375166.86,1386520.99,1422019.92,68924.02128656932,1518415.6916666667
6,2012-10-19,1436883.99,0,69.68,3.594,225.0501013,5.329,2012,10,42,4,0,1459396.84,1518177.71,1425603.65,1417922.37,1443077.415,62395.81894528143,1508835.264166667
6,2012-10-26,1431426.34,0,72.34,3.506,225.0686254,5.329,2012,10,43,4,0,1436883.99,1459396.84,1369131.46,1419445.12,1445897.5,61592.55690390819,1502473.1666666667
7,2011-02-04,558027.77,0,-2.06,3.011,191.7625895,8.818,2011,2,5,1,0,513372.17,521539.46,661163.94,496725.44,560865.1174999999,68419.43549114032,642699.1533333333
7,2011-02-11,559903.13,1,10.24,3.037,191.8572881,8.818,2011,2,6,1,0,558027.77,513372.17,547384.9,524104.92,535081.075,21075.948489222148,646902.7766666666
7,2011-02-18,572387.47,0,17.3,3.051,191.9178331,8.818,2011,2,7,1,0,559903.13,558027.77,521539.46,506760.54,538210.6325000001,24208.54255815636,653350.6741666667
7,2011-02-25,546690.84,0,17.46,3.101,191.9647167,8.818,2011,2,8,1,0,572387.47,559903.13,513372.17,496083.24,550922.635,25832.207268619783,631450.525
7,2011-03-04,551378.39,0,21.84,3.232,192.0116004,8.818,2011,3,9,1,0,546690.84,572387.47,558027.77,491419.55,559252.3025,10523.719584354123,630940.4600000001
7,2011-03-11,558963.83,0,20.7,3.372,192.058484,8.818,2011,3,10,1,0,551378.39,546690.84,559903.13,480452.1,557589.9575,11279.649466899209,626911.1533333333
7,2011-03-18,635014.69,0,27.69,3.406,192.1237981,8.818,2011,3,11,1,0,558963.83,551378.39,572387.47,574450.23,557355.1325000001,11225.08595063395,613792.4049999999
7,2011-03-25,559061.58,0,25.69,3.414,192.1964844,8.818,2011,3,12,1,0,635014.69,558963.83,546690.84,514731.6,573011.9375,41643.33157080142,579616.5558333333
7,2011-04-01,513409.67,0,24.83,3.461,192.2691707,8.595,2011,4,13,2,0,559061.58,635014.69,551378.39,561145.14,576104.6224999999,39437.94573623865,565407.3474999999
7,2011-04-08,500552.16,0,30.64,3.532,192.3418571,8.595,2011,4,14,2,0,513409.67,559061.58,558963.83,484263.25,566612.4424999999,50414.67796322523,553094.4916666666
7,2011-04-15,423380.14,0,27.79,3.611,192.4225954,8.595,2011,4,15,2,0,500552.16,513409.67,635014.69,406228.19,552009.5249999999,60765.66496293931,549191.7633333333
7,2011-04-22,466594.89,0,31.84,3.636,192.5234638,8.595,2011,4,16,2,0,423380.14,500552.16,559061.58,404751.25,499100.88749999995,56378.96680955883,541011.82
7,2011-04-29,410429.73,0,26.79,3.663,192.6243322,8.595,2011,4,17,2,0,466594.89,423380.14,513409.67,373655.61,475984.21499999997,40247.55368980605,537113.7133333333
7,2011-05-06,407012.47,0,26.54,3.735,192.7252006,8.595,2011,5,18,2,0,410429.73,466594.89,500552.16,395453.83,450239.23,41251.68903652632,524813.8766666666
7,2011-05-13,414094.05,0,36.61,3.767,192.826069,8.595,2011,5,19,2,0,407012.47,410429.73,423380.14,372673.61,426854.3075,27415.622059253634,512072.98833333334
7,2011-05-20,424670.98,0,36.16,3.828,192.831317,8.595,2011,5,20,2,0,414094.05,407012.47,466594.89,395195.65,424532.785,28190.101474712304,498881.86999999994
7,2011-05-27,457216.87,0,37.51,3.795,192.8365651,8.595,2011,5,21,2,0,424670.98,414094.05,410429.73,442734.55,414051.8075,7647.228841628645,488713.5483333333
7,2011-06-03,542295.37,0,45.77,3.763,192.8418131,8.595,2011,6,22,2,0,457216.87,424670.98,407012.47,509183.22,425748.59249999997,22198.231046164514,480866.75499999995
7,2011-06-10,621099.95,0,53.3,3.735,192.8470612,8.595,2011,6,23,2,0,542295.37,457216.87,414094.05,498580.87,459569.3175,58123.511266766196,479477.7166666666
7,2011-06-17,610991.35,0,48.79,3.697,192.9034759,8.595,2011,6,24,2,0,621099.95,542295.37,424670.98,481144.09,511320.7925,88404.96273566819,478318.155
7,2011-06-24,640043.97,0,46.85,3.661,192.9982655,8.595,2011,6,25,2,0,610991.35,621099.95,457216.87,553714.87,557900.885,75704.51828375463,482645.6358333333
7,2011-07-01,704344.21,0,58.54,3.597,193.0930552,8.622,2011,7,26,3,0,640043.97,610991.35,542295.37,575570.77,603607.66,42611.81635384122,493198.4941666667
7,2011-07-08,761793.94,0,59.08,3.54,193.1878448,8.622,2011,7,27,3,0,704344.21,640043.97,621099.95,593462.34,644119.87,41916.582412542564,510181.16500000004
7,2011-07-15,642748.21,0,54.37,3.532,193.3125484,8.622,2011,7,28,3,0,761793.94,704344.21,610991.35,557166.35,679293.3674999999,67427.91205297412,538382.315
7,2011-07-22,688043.96,0,56.22,3.545,193.5120367,8.622,2011,7,29,3,0,642748.21,761793.94,640043.97,570231.21,687232.5824999999,57901.72241057953,553061.7583333333
7,2011-07-29,653382.62,0,56.66,3.547,193.711525,8.622,2011,7,30,3,0,688043.96,642748.21,704344.21,603547.16,699232.58,49178.99889894647,576196.2775
7,2011-08-05,695392.84,0,55.91,3.554,193.9110133,8.622,2011,8,31,3,0,653382.62,688043.96,761793.94,643854.17,686492.1825,53797.586547540806,596727.1233333333
7,2011-08-12,670670.46,0,54.56,3.542,194.1105017,8.622,2011,8,32,3,0,695392.84,653382.62,642748.21,598185.4,669891.9075,25749.63725350627,620168.6891666666
7,2011-08-19,645156.21,0,56.06,3.499,194.2500634,8.622,2011,8,33,3,0,670670.46,695392.84,688043.96,582353.17,676872.47,18779.814294605298,640668.6458333334
7,2011-08-26,629994.47,0,57.6,3.485,194.3796374,8.622,2011,8,34,3,0,645156.21,670670.46,653382.62,554309.24,666150.5325,22206.031158009595,656330.2575
7,2011-09-02,592355.24,0,53.4,3.511,194.5092113,8.622,2011,9,35,3,0,629994.47,645156.21,695392.84,532765.05,660303.495,28791.27955453478,663638.5158333333
7,2011-09-09,613135.23,1,45.61,3.566,194.6387853,8.622,2011,9,36,3,0,592355.24,629994.47,670670.46,535769.32,634544.095,32753.268573473022,661243.1233333333
7,2011-09-16,558981.45,0,43.67,3.596,194.7419707,8.622,2011,9,37,3,0,613135.23,592355.24,645156.21,489408.53,620160.2875,22686.11459626769,661421.78
7,2011-09-23,536144.81,0,43.67,3.581,194.8099713,8.622,2011,9,38,3,0,558981.45,613135.23,629994.47,488008.83,598616.5975,30580.555300092285,654666.57
7,2011-09-30,488880.26,0,47.34,3.538,194.8779718,8.622,2011,9,39,3,1,536144.81,558981.45,592355.24,448998.73,575154.1825,34262.34457669251,640649.9533333333
7,2011-10-07,525866.36,0,40.65,3.498,194.9459724,8.513,2011,10,40,4,0,488880.26,536144.81,613135.23,480239.88,549285.4375,51614.824164489975,617907.1466666666
7,2011-10-14,501959.19,0,32.65,3.491,195.0261012,8.513,2011,10,41,4,0,525866.36,488880.26,558981.45,463370.48,527468.22,29211.661435588812,608166.9925
7,2011-10-21,558691.43,0,37.49,3.548,195.1789994,8.513,2011,10,42,4,0,501959.19,525866.36,536144.81,472450.81,513212.65499999997,21638.745374239494,592659.9283333333
7,2011-10-28,527339.52,0,28.82,3.55,195.3318977,8.513,2011,10,43,4,0,558691.43,501959.19,488880.26,465493.15,518849.31000000006,30659.71095924862,584768.9958333333
7,2011-11-04,564536.01,0,23.41,3.527,195.4847959,8.513,2011,11,44,4,0,527339.52,558691.43,525866.36,480512.44,528464.125,23268.10883533297,570764.5525
7,2011-11-11,556015.59,0,19.53,3.505,195.6376941,8.513,2011,11,45,4,0,564536.01,527339.52,501959.19,507584.29,538131.5375000001,29125.084909724963,561920.015
7,2011-11-18,539826.56,0,29.53,3.479,195.7184713,8.513,2011,11,46,4,0,556015.59,564536.01,558691.43,482528.36,551645.6375000001,16590.044483746427,554491.63
7,2011-11-25,949075.87,1,27.6,3.424,195.7704,8.513,2011,11,47,4,0,539826.56,556015.59,527339.52,835189.26,546929.42,16600.856392435307,546977.6375000001
7,2011-12-02,591907.88,0,20.38,3.378,195.8223287,8.513,2011,12,48,4,0,949075.87,539826.56,564536.01,552811.62,652363.5075000001,198073.53948861908,576704.3566666667
7,2011-12-09,653845.45,0,11.17,3.331,195.8742575,8.513,2011,12,49,4,0,591907.88,949075.87,556015.59,599730.07,659206.475,194467.89786417244,574935.4108333333
7,2011-12-16,720242.19,0,15.2,3.266,195.9841685,8.513,2011,12,50,4,0,653845.45,591907.88,539826.56,716388.81,683663.9400000001,182976.32029326737,582840.7441666668
7,2011-12-23,1059715.27,0,12.19,3.173,196.1713893,8.513,2011,12,51,4,0,720242.19,653845.45,949075.87,1045124.88,728767.8475,155940.50998689316,598182.1925
7,2011-12-30,815915.52,1,15.56,3.119,196.3586101,8.513,2011,12,52,4,0,1059715.27,720242.19,591907.88,729572.08,756427.6975,208872.07443661138,645751.7766666667
7,2012-01-06,713117.66,0,18.67,3.095,196.5458309,8.256,2012,1,1,1,0,815915.52,1059715.27,653845.45,661163.94,812429.6075,177773.08140747462,669922.54
7,2012-01-13,593875.46,0,7.46,3.077,196.7330517,8.256,2012,1,2,1,0,713117.66,815915.52,720242.19,547384.9,827247.66,161910.9164592397,687519.0791666667
7,2012-01-20,578002.85,0,27.41,3.055,196.7796652,8.256,2012,1,3,1,0,593875.46,713117.66,1059715.27,521539.46,795655.9775,198045.20537511006,690451.0816666667
7,2012-01-27,541037.98,0,26.9,3.038,196.8262786,8.256,2012,1,4,1,0,578002.85,593875.46,815915.52,513372.17,675227.8725,111504.21542939563,694673.0258333334
7,2012-02-03,580453.32,0,22.2,3.031,196.8728921,8.256,2012,2,5,1,0,541037.98,578002.85,713117.66,558027.77,606508.4875,74440.28426987553,692714.8566666667
7,2012-02-10,563460.77,1,18.79,3.103,196.9195056,8.256,2012,2,6,1,0,580453.32,541037.98,593875.46,559903.13,573342.4025,22638.220498006125,694751.3341666666
7,2012-02-17,620908.18,0,27.03,3.113,196.9432711,8.256,2012,2,7,1,0,563460.77,580453.32,578002.85,572387.47,565738.73,18094.602791686793,696720.8516666667
7,2012-02-24,603041.14,0,24.41,3.129,196.9499007,8.256,2012,2,8,1,0,620908.18,563460.77,541037.98,546690.84,576465.0625,33740.61197277766,669373.5441666667
7,2012-03-02,551058.13,0,21.64,3.191,196.9565303,8.256,2012,3,9,1,0,603041.14,620908.18,580453.32,551378.39,591965.8525,25201.841514860516,670301.3158333333
7,2012-03-09,579166.5,0,30.1,3.286,196.9631599,8.256,2012,3,10,1,0,551058.13,603041.14,563460.77,558963.83,584617.055,32814.03411148888,661735.7058333333
7,2012-03-16,669205.73,0,37.29,3.486,197.0457208,8.256,2012,3,11,1,0,579166.5,551058.13,620908.18,635014.69,588543.4875,30280.550248789747,649979.3983333333
7,2012-03-23,615997.29,0,35.06,3.664,197.2295234,8.256,2012,3,12,1,0,669205.73,579166.5,603041.14,559061.58,600617.875,50419.88986044119,617436.9366666666
7,2012-03-30,583322.2,0,44.99,3.75,197.4133259,8.256,2012,3,13,1,0,615997.29,669205.73,551058.13,513409.67,603856.9125,51039.803478570975,600777.0841666667
7,2012-04-06,621425.98,0,44.29,3.854,197.5971285,8.09,2012,4,14,2,0,583322.2,615997.29,579166.5,500552.16,611922.9299999999,41588.88091837195,589960.7958333334
7,2012-04-13,517420.23,0,41.43,3.901,197.780931,8.09,2012,4,15,2,0,621425.98,583322.2,669205.73,423380.14,622487.8,35401.334196220974,592256.6725
7,2012-04-20,457340.06,0,39.3,3.936,197.7227385,8.09,2012,4,16,2,0,517420.23,621425.98,615997.29,466594.89,584541.425,47807.541832766176,587208.1208333332
7,2012-04-27,467827.75,0,51.49,3.927,197.664546,8.09,2012,4,17,2,0,457340.06,517420.23,583322.2,410429.73,544877.1174999999,72466.93458725806,580233.2941666667
7,2012-05-04,465198.89,0,45.38,3.903,197.6063534,8.09,2012,5,18,2,0,467827.75,457340.06,621425.98,407012.47,516003.505,75007.12964765292,570847.83
7,2012-05-11,460397.41,0,48.54,3.87,197.5481609,8.09,2012,5,19,2,0,465198.89,467827.75,517420.23,414094.05,476946.7325,27347.719293358623,562659.34
7,2012-05-18,468428.3,0,49.41,3.837,197.5553137,8.09,2012,5,20,2,0,460397.41,465198.89,457340.06,424670.98,462691.02749999997,4710.584775567291,549283.4425
7,2012-05-25,532739.77,0,50.6,3.804,197.5886046,8.09,2012,5,21,2,0,468428.3,460397.41,467827.75,457216.87,465463.08749999997,3656.7290831296973,538065.7058333333
7,2012-06-01,598495.02,0,55.06,3.764,197.6218954,8.09,2012,6,22,2,0,532739.77,468428.3,465198.89,542295.37,481691.09249999997,34192.020497522644,536539.1758333334
7,2012-06-08,642963.75,0,63.07,3.741,197.6551863,8.09,2012,6,23,2,0,598495.02,532739.77,460397.41,621099.95,515015.125,64385.51329035919,538149.8858333334
7,2012-06-15,666942.02,0,59.33,3.723,197.692292,8.09,2012,6,24,2,0,642963.75,598495.02,468428.3,610991.35,560656.71,76357.97641659003,535963.0541666666
7,2012-06-22,687344.68,0,63.69,3.735,197.7389345,8.09,2012,6,25,2,0,666942.02,642963.75,532739.77,640043.97,610285.14,58963.78815543757,540208.4483333334
7,2012-06-29,704335.41,0,68.84,3.693,197.785577,8.09,2012,6,26,2,0,687344.68,666942.02,598495.02,704344.21,648936.3675,38207.34522953075,548876.9883333333
7,2012-07-06,805642.61,0,64.67,3.646,197.8322195,7.872,2012,7,27,3,0,704335.41,687344.68,642963.75,761793.94,675396.4650000001,26480.06181972051,555786.1075
7,2012-07-13,694150.89,0,64.21,3.613,197.8788621,7.872,2012,7,28,3,0,805642.61,704335.41,666942.02,642748.21,716066.18,61643.20842367398,579804.6391666668
7,2012-07-20,686345.69,0,62.87,3.585,197.9290378,7.872,2012,7,29,3,0,694150.89,805642.61,687344.68,688043.96,722868.3975,55622.75200761766,599538.875
7,2012-07-27,686365.4,0,64.6,3.57,197.9792136,7.872,2012,7,30,3,0,686345.69,694150.89,704335.41,653382.62,722618.6499999999,55837.250963726525,617748.7033333333
7,2012-08-03,680954.81,0,61.83,3.528,198.0293893,7.872,2012,8,31,3,0,686365.4,686345.69,805642.61,695392.84,718126.1475,58459.920006141554,636179.2458333333
7,2012-08-10,675926.3,0,63.41,3.509,198.0795651,7.872,2012,8,32,3,0,680954.81,686365.4,694150.89,670670.46,686954.1975,5431.451530619403,654559.0291666667
7,2012-08-17,642450.4,0,59.66,3.545,198.1001057,7.872,2012,8,33,3,0,675926.3,680954.81,686345.69,645156.21,682398.05,5009.664571350352,671850.5291666667
7,2012-08-24,609099.37,0,59.27,3.558,198.0984199,7.872,2012,8,34,3,0,642450.4,675926.3,686365.4,629994.47,671424.2275,19780.646899256568,680993.0816666667
7,2012-08-31,586467.16,0,60.46,3.556,198.0967341,7.872,2012,8,35,3,1,609099.37,642450.4,680954.81,592355.24,652107.7200000001,33378.942234036964,681876.7775
7,2012-09-07,597876.55,1,57.84,3.596,198.0950484,7.872,2012,9,36,3,0,586467.16,609099.37,675926.3,613135.23,628485.8075000001,39102.4759190702,677168.7283333334
7,2012-09-14,541120.2,0,53.66,3.659,198.1267184,7.872,2012,9,37,3,0,597876.55,586467.16,642450.4,558981.45,608973.37,24155.02926443759,671413.2725
7,2012-09-21,530842.25,0,51.77,3.765,198.358523,7.872,2012,9,38,3,0,541120.2,597876.55,609099.37,536144.81,583640.8200000001,29814.901753516413,659227.8991666667
7,2012-09-28,525545.76,0,50.64,3.789,198.5903276,7.872,2012,9,39,3,0,530842.25,541120.2,586467.16,488880.26,564076.54,33041.8528434484,644770.1358333334
7,2012-10-05,505830.56,0,48.43,3.779,198.8221322,7.557,2012,10,40,4,0,525545.76,530842.25,597876.55,525866.36,548846.19,33320.25918725867,621428.7316666666
7,2012-10-12,503463.93,0,41.43,3.76,199.0539368,7.557,2012,10,41,4,0,505830.56,525545.76,541120.2,501959.19,525834.6925,14820.831856045781,605735.3708333333
7,2012-10-19,516424.83,0,43.01,3.75,199.1481963,7.557,2012,10,42,4,0,503463.93,505830.56,530842.25,558691.43,516420.625,13799.477990563788,590495.2241666666
7,2012-10-26,495543.28,0,42.53,3.686,199.2195317,7.557,2012,10,43,4,0,516424.83,503463.93,525545.76,527339.52,512816.27,10187.051071719428,576333.51
8,2011-02-04,944594.78,0,24.48,2.989,215.9327797,6.262,2011,2,5,1,0,782256.66,822668.23,873065.23,1004137.09,821909.1950000001,38035.988868462635,989509.3874999998
8,2011-02-11,996147.39,1,28.26,3.022,216.3126733,6.262,2011,2,6,1,0,944594.78,782256.66,809646.66,994801.4,839791.5825,71870.02867833896,992264.0375000001
8,2011-02-18,1065108.64,0,50.64,3.045,216.6310383,6.262,2011,2,7,1,0,996147.39,944594.78,822668.23,963960.37,886416.765,100562.90681374275,1001475.6499999999
8,2011-02-25,917317.15,0,51.29,3.065,216.9247918,6.262,2011,2,8,1,0,1065108.64,996147.39,782256.66,847592.11,947026.8675,120431.53941363777,985093.6066666666
8,2011-03-04,935266.43,0,53.18,3.288,217.2185454,6.262,2011,3,9,1,0,917317.15,1065108.64,944594.78,881503.95,980791.99,65024.04453019017,982139.4583333334
8,2011-03-11,900387.29,0,49.14,3.459,217.512299,6.262,2011,3,10,1,0,935266.43,917317.15,996147.39,860336.16,978459.9025,66895.34905181211,970989.8583333334
8,2011-03-18,898289.14,0,56.68,3.488,217.7705442,6.262,2011,3,11,1,0,900387.29,935266.43,1065108.64,839911.0,954519.8775000001,75088.72439721198,944307.1699999999
8,2011-03-25,827968.36,0,59.74,3.473,218.0145862,6.262,2011,3,12,1,0,898289.14,900387.29,917317.15,772539.12,912815.0025000001,17221.930285263745,893194.5075
8,2011-04-01,878762.3,0,49.86,3.524,218.2586281,6.297,2011,4,13,2,0,827968.36,898289.14,935266.43,914500.91,890477.805,44991.35654414267,897726.3300000001
8,2011-04-08,949825.83,0,65.62,3.622,218.50267,6.297,2011,4,14,2,0,878762.3,827968.36,900387.29,916033.92,876351.7725,33693.320021910855,898201.0858333333
8,2011-04-15,908278.74,0,63.55,3.743,218.7262524,6.297,2011,4,15,2,0,949825.83,878762.3,898289.14,882917.12,888711.4075,50383.22524076266,909882.6833333332
8,2011-04-22,937473.13,0,65.11,3.807,218.8986857,6.297,2011,4,16,2,0,908278.74,949825.83,827968.36,850440.26,891208.8075,51256.24407903315,917016.8925000001
8,2011-04-29,855014.77,0,62.29,3.81,219.071119,6.297,2011,4,17,2,0,937473.13,908278.74,878762.3,778672.64,918585.0,31753.306098020374,929951.5983333333
8,2011-05-06,941457.34,0,58.92,3.906,219.2435524,6.297,2011,5,18,2,0,855014.77,937473.13,949825.83,916820.96,912648.1175,42186.71890595987,922486.5975
8,2011-05-13,895763.41,0,72.96,3.899,219.4159857,6.297,2011,5,19,2,0,941457.34,855014.77,908278.74,873337.84,910555.995,39872.458515677405,917929.0933333334
8,2011-05-20,836049.89,0,65.54,3.907,219.1746922,6.297,2011,5,20,2,0,895763.41,941457.34,937473.13,818333.21,907427.1625,40595.21791889706,903816.9908333333
8,2011-05-27,857939.41,0,73.14,3.786,218.9333986,6.297,2011,5,21,2,0,836049.89,895763.41,855014.77,868041.56,882071.3525,46776.78062583342,897044.7191666666
8,2011-06-03,929222.16,0,82.05,3.699,218.6921051,6.297,2011,6,22,2,0,857939.41,836049.89,941457.34,958225.41,882802.5125,46232.583133592525,890600.8008333333
8,2011-06-10,897309.41,0,82.21,3.648,218.4508115,6.297,2011,6,23,2,0,929222.16,857939.41,895763.41,914835.86,879743.7175,41187.883360583306,893003.7066666667
8,2011-06-17,922048.41,0,84.73,3.637,218.4021448,6.297,2011,6,24,2,0,897309.41,929222.16,836049.89,869922.56,880130.2175,41395.05076449376,892922.0625
8,2011-06-24,864881.24,0,83.94,3.594,218.4979481,6.297,2011,6,25,2,0,922048.41,897309.41,857939.41,814919.11,901629.8475,32175.424953408383,900762.0666666668
8,2011-07-01,883683.35,0,87.26,3.524,218.5937514,6.425,2011,7,26,3,0,864881.24,922048.41,929222.16,852333.75,903365.305,29070.78995663097,899605.3116666666
8,2011-07-08,861965.12,0,83.57,3.48,218.6895548,6.425,2011,7,27,3,0,883683.35,864881.24,897309.41,845289.77,891980.6025,24053.337150207364,894093.4383333334
8,2011-07-15,849925.37,0,84.26,3.575,218.7746217,6.425,2011,7,28,3,0,861965.12,883683.35,922048.41,848630.57,883144.53,27664.16078382135,890233.9700000001
8,2011-07-22,829902.42,0,85.46,3.651,218.8328475,6.425,2011,7,29,3,0,849925.37,861965.12,864881.24,785515.88,865113.77,13970.025804797671,882938.3233333334
8,2011-07-29,807082.19,0,86.46,3.682,218.8910733,6.425,2011,7,30,3,0,829902.42,849925.37,883683.35,787295.09,856369.0650000001,22504.743940138724,880845.6275
8,2011-08-05,892393.77,0,85.15,3.684,218.9492991,6.425,2011,8,31,3,0,807082.19,829902.42,861965.12,893399.77,837218.775,24052.5948239937,869647.6983333332
8,2011-08-12,856796.1,0,86.05,3.638,219.0075249,6.425,2011,8,32,3,0,892393.77,807082.19,849925.37,867919.21,844825.9375,36221.5624110235,869366.895
8,2011-08-19,895066.5,0,82.92,3.554,219.0701968,6.425,2011,8,33,3,0,856796.1,892393.77,829902.42,870676.44,846543.6199999999,36703.694619925016,871095.7458333335
8,2011-08-26,912542.82,0,84.69,3.523,219.1336097,6.425,2011,8,34,3,0,895066.5,856796.1,807082.19,888816.78,862834.6399999999,41058.63535543184,874189.67
8,2011-09-02,891387.14,0,84.77,3.533,219.1970226,6.425,2011,9,35,3,0,912542.82,895066.5,892393.77,899036.47,889199.7975,23377.45330912983,872799.7250000001
8,2011-09-09,848358.09,1,69.01,3.546,219.2604355,6.425,2011,9,36,3,0,891387.14,912542.82,856796.1,831425.2,888948.1399999999,23336.992455141255,872306.2025
8,2011-09-16,870971.82,0,69.09,3.526,219.4442443,6.425,2011,9,37,3,0,848358.09,891387.14,895066.5,836707.85,886838.6375000001,27263.187207935647,866165.3424999999
8,2011-09-23,806444.29,0,68.72,3.467,219.788581,6.425,2011,9,38,3,0,870971.82,848358.09,912542.82,773725.08,880814.9674999999,27500.08427495351,866672.8908333333
8,2011-09-30,809049.37,0,72.2,3.355,220.1329176,6.425,2011,9,39,3,1,806444.29,870971.82,891387.14,804105.49,854290.335,36418.31240779676,860236.3025000001
8,2011-10-07,929976.55,0,67.61,3.285,220.4772543,6.123,2011,10,40,4,0,809049.37,806444.29,848358.09,870349.86,833705.8925000001,31382.454315936993,855826.6566666666
8,2011-10-14,863188.26,0,61.74,3.274,220.7960935,6.123,2011,10,41,4,0,929976.55,809049.37,870971.82,826546.96,854110.5075,58715.51375739925,862497.5883333334
8,2011-10-21,905984.49,0,59.97,3.353,220.9619484,6.123,2011,10,42,4,0,863188.26,929976.55,806444.29,836419.14,852164.6175,58096.15720810406,865271.4083333333
8,2011-10-28,876712.31,0,56.86,3.372,221.1278032,6.123,2011,10,43,4,0,905984.49,863188.26,809049.37,830756.76,877049.6675,53086.9033511569,873513.2666666667
8,2011-11-04,947815.05,0,49.68,3.332,221.2936581,6.123,2011,11,44,4,0,876712.31,905984.49,929976.55,927266.34,893965.4025,29923.02853365961,872206.4783333334
8,2011-11-11,917088.48,0,50.56,3.297,221.4595129,6.123,2011,11,45,4,0,947815.05,876712.31,863188.26,911538.98,898425.0275000001,37459.274245165776,879791.3908333333
8,2011-11-18,897032.19,0,51.72,3.308,221.6911738,6.123,2011,11,46,4,0,917088.48,947815.05,905984.49,885608.04,911900.0825,29382.409291287477,881626.5558333333
8,2011-11-25,1235163.86,1,49.61,3.236,221.9491571,6.123,2011,11,47,4,0,897032.19,917088.48,876712.31,1261693.16,909662.0075000001,30309.525462166814,880334.0033333333
8,2011-12-02,986601.46,0,40.82,3.172,222.2071405,6.123,2011,12,48,4,0,1235163.86,897032.19,947815.05,952766.93,999274.895,158639.9455711631,908982.0633333335
8,2011-12-09,1051922.95,0,30.51,3.158,222.4651238,6.123,2011,12,49,4,0,986601.46,1235163.86,917088.48,1069061.63,1008971.4974999999,155602.3788373943,920502.3441666667
8,2011-12-16,1118163.94,0,39.79,3.159,222.6910959,6.123,2011,12,50,4,0,1051922.95,986601.46,897032.19,1220579.55,1042680.115,143170.70893572827,935581.605
8,2011-12-23,1462254.05,0,38.16,3.112,222.8743862,6.123,2011,12,51,4,0,1118163.94,1051922.95,1235163.86,1511641.09,1097963.0525,106071.09684355791,961558.2425
8,2011-12-30,858572.22,1,36.33,3.129,223.0576765,6.123,2011,12,52,4,0,1462254.05,1118163.94,986601.46,773586.49,1154735.6,211931.28873852818,1015991.9658333333
8,2012-01-06,872113.23,0,43.47,3.157,223.2409668,5.825,2012,1,1,1,0,858572.22,1462254.05,1051922.95,873065.23,1122728.29,251721.00990637802,1010041.605
8,2012-01-13,817661.76,0,36.46,3.261,223.4242571,5.825,2012,1,2,1,0,872113.23,858572.22,1118163.94,809646.66,1077775.8599999999,282726.03273577354,1010785.3525
8,2012-01-20,813954.82,0,46.81,3.268,223.5188055,5.825,2012,1,3,1,0,817661.76,872113.23,1462254.05,822668.23,1002650.3150000001,307275.5477450517,1003425.125
8,2012-01-27,778178.53,0,45.52,3.29,223.6133539,5.825,2012,1,4,1,0,813954.82,817661.76,858572.22,782256.66,840575.5075,29167.392917212517,998195.3341666666
8,2012-02-03,927610.69,0,45.56,3.36,223.7079023,5.825,2012,2,5,1,0,778178.53,813954.82,872113.23,944594.78,820477.085,38755.32316613642,984058.9575
8,2012-02-10,1021400.42,1,35.71,3.409,223.8024507,5.825,2012,2,6,1,0,927610.69,778178.53,817661.76,996147.39,834351.4500000001,64671.60905775448,984935.8083333332
8,2012-02-17,1096232.89,0,37.51,3.51,223.9658621,5.825,2012,2,7,1,0,1021400.42,927610.69,813954.82,1065108.64,885286.115,110873.29417774297,995299.8275
8,2012-02-24,928537.54,0,46.33,3.555,224.1809207,5.825,2012,2,8,1,0,1096232.89,1021400.42,778178.53,917317.15,955855.6325000001,137075.18997648128,983722.2466666667
8,2012-03-02,952264.91,0,50.95,3.63,224.3959793,5.825,2012,3,9,1,0,928537.54,1096232.89,927610.69,935266.43,993445.385,81432.9797528072,978883.5866666666
8,2012-03-09,960115.56,0,49.59,3.669,224.6110379,5.825,2012,3,10,1,0,952264.91,928537.54,1021400.42,900387.29,999608.94,75506.41780403792,970578.75
8,2012-03-16,921178.39,0,56.63,3.734,224.7657327,5.825,2012,3,11,1,0,960115.56,952264.91,1096232.89,898289.14,984287.725,75827.7814870049,957408.0516666666
8,2012-03-23,874223.25,0,52.9,3.787,224.8399424,5.825,2012,3,12,1,0,921178.39,960115.56,928537.54,827968.36,940524.1,18615.459887106597,912318.4133333334
8,2012-03-30,905935.29,0,66.69,3.845,224.9141521,5.825,2012,3,13,1,0,874223.25,921178.39,952264.91,878762.3,926945.5275000001,38962.463157776656,913622.6658333334
8,2012-04-06,1046816.59,0,62.18,3.891,224.9883618,5.679,2012,4,14,2,0,905935.29,874223.25,960115.56,949825.83,915363.1225,35674.31911638171,916441.1708333333
8,2012-04-13,909989.45,0,65.19,3.891,225.0625714,5.679,2012,4,15,2,0,1046816.59,905935.29,921178.39,908278.74,937038.38,75753.85015093118,935537.4066666666
8,2012-04-20,872288.46,0,63.59,3.877,225.1179914,5.679,2012,4,16,2,0,909989.45,1046816.59,874223.25,937473.13,934241.145,76734.92180842023,943540.2925
8,2012-04-27,879448.25,0,70.34,3.814,225.1734114,5.679,2012,4,17,2,0,872288.46,909989.45,905935.29,855014.77,933757.4475,77243.76194926741,951382.7866666666
8,2012-05-04,937232.09,0,73.96,3.749,225.2288314,5.679,2012,5,18,2,0,879448.25,872288.46,1046816.59,941457.34,927135.6875,81444.91378302696,947369.25
8,2012-05-11,920128.89,0,64.96,3.688,225.2842514,5.679,2012,5,19,2,0,937232.09,879448.25,909989.45,895763.41,899739.5625,29866.6492012919,940355.2225
8,2012-05-18,913922.01,0,64.16,3.63,225.3002908,5.679,2012,5,20,2,0,920128.89,937232.09,872288.46,836049.89,902274.4225,31416.623120042103,925679.8891666667
8,2012-05-25,895157.44,0,76.11,3.561,225.3005779,5.679,2012,5,21,2,0,913922.01,920128.89,879448.25,857939.41,912682.8099999999,24249.968047528204,924461.9283333333
8,2012-06-01,921161.2,0,78.31,3.501,225.300865,5.679,2012,6,22,2,0,895157.44,913922.01,937232.09,929222.16,916610.1074999999,17369.425278802366,919702.9725
8,2012-06-08,928820.0,0,74.28,3.452,225.3011521,5.679,2012,6,23,2,0,921161.2,895157.44,920128.89,897309.41,912592.385,12054.994924828445,916456.7758333334
8,2012-06-15,916918.7,0,77.14,3.393,225.3134743,5.679,2012,6,24,2,0,928820.0,921161.2,913922.01,922048.41,914765.1625,14417.829709866113,917093.5766666667
8,2012-06-22,899449.65,0,78.85,3.346,225.3558843,5.679,2012,6,25,2,0,916918.7,928820.0,895157.44,864881.24,915514.335,14437.257594094513,920651.5308333333
8,2012-06-29,878298.22,0,84.47,3.286,225.3982943,5.679,2012,6,26,2,0,899449.65,916918.7,921161.2,883683.35,916587.3875,12441.4412877808,920111.0608333334
8,2012-07-06,936205.5,0,81.24,3.227,225.4407043,5.401,2012,7,27,3,0,878298.22,899449.65,928820.0,861965.12,905871.6425,21986.360979705052,906067.8633333333
8,2012-07-13,890488.01,0,78.46,3.256,225.4831143,5.401,2012,7,28,3,0,936205.5,878298.22,916918.7,849925.37,907718.0175,24698.715241281217,908252.5341666667
8,2012-07-20,888834.07,0,79.94,3.311,225.4930078,5.401,2012,7,29,3,0,890488.01,936205.5,899449.65,829902.42,901110.345,24950.98435082215,909769.1633333334
8,2012-07-27,838227.52,0,81.71,3.407,225.5029014,5.401,2012,7,30,3,0,888834.07,890488.01,878298.22,807082.19,898456.45,25738.630147008054,910551.315
8,2012-08-03,897076.73,0,85.06,3.417,225.5127949,5.401,2012,8,31,3,0,838227.52,888834.07,936205.5,892393.77,888438.775,40029.92950332253,902300.9341666667
8,2012-08-10,930745.69,0,83.74,3.494,225.5226885,5.401,2012,8,32,3,0,897076.73,838227.52,890488.01,856796.1,878656.5825,27186.85256425177,900379.9208333333
8,2012-08-17,896613.19,0,81.21,3.571,225.6050797,5.401,2012,8,33,3,0,930745.69,897076.73,888834.07,895066.5,888721.0025000001,38233.91644759178,901781.8941666667
8,2012-08-24,936373.65,0,73.77,3.62,225.7418442,5.401,2012,8,34,3,0,896613.19,930745.69,838227.52,912542.82,890665.7825,38438.87902912141,901903.2066666667
8,2012-08-31,976137.73,0,75.33,3.638,225.8786088,5.401,2012,8,35,3,1,936373.65,896613.19,897076.73,891387.14,915202.315,21322.24450294986,903170.9108333333
8,2012-09-07,932160.37,1,80.87,3.73,226.0153733,5.401,2012,9,36,3,0,976137.73,936373.65,930745.69,848358.09,934967.565,32587.5327454674,907114.055
8,2012-09-14,883569.38,0,67.21,3.717,226.1615981,5.401,2012,9,37,3,0,932160.37,976137.73,896613.19,870971.82,935321.235,32534.072686377738,908384.1941666667
8,2012-09-21,857796.45,0,66.96,3.721,226.3645848,5.401,2012,9,38,3,0,883569.38,932160.37,936373.65,806444.29,932060.2825,37915.71424478904,907060.8383333333
8,2012-09-28,884724.41,0,71.1,3.666,226.5675714,5.401,2012,9,39,3,0,857796.45,883569.38,976137.73,809049.37,912415.9824999999,52490.385622878544,905352.3575
8,2012-10-05,976436.02,0,61.41,3.617,226.7705581,5.124,2012,10,40,4,0,884724.41,857796.45,932160.37,929976.55,889562.6525,30999.919694674878,901062.2666666666
8,2012-10-12,927511.99,0,55.03,3.601,226.9735448,5.124,2012,10,41,4,0,976436.02,884724.41,883569.38,863188.26,900631.565,52042.669070928416,908224.6008333332
8,2012-10-19,900309.75,0,62.99,3.594,227.0184166,5.124,2012,10,42,4,0,927511.99,976436.02,857796.45,905984.49,911617.2175,51878.123391534646,911447.7608333334
8,2012-10-26,891671.44,0,64.74,3.506,227.0369359,5.124,2012,10,43,4,0,900309.75,927511.99,884724.41,876712.31,922245.5425,40221.7093024562,916621.2799999999
9,2011-02-04,544612.28,0,31.82,2.989,216.1162864,6.416,2011,2,5,1,0,463561.48,454021.69,490981.78,549505.55,466662.91000000003,16677.1130465137,574170.0325000001
9,2011-02-11,555279.02,1,34.13,3.022,216.496729,6.416,2011,2,6,1,0,544612.28,463561.48,458086.69,552677.48,480070.535,43205.005541241364,576150.4991666666
9,2011-02-18,610985.56,0,58.5,3.045,216.8154856,6.416,2011,2,7,1,0,555279.02,544612.28,454021.69,511327.9,504368.6175,52951.100189262856,579105.1425
9,2011-02-25,513107.2,0,59.01,3.065,217.1095679,6.416,2011,2,8,1,0,610985.56,555279.02,463561.48,473773.27,543609.585,60784.87265697464,566014.7283333334
9,2011-03-04,542016.18,0,60.67,3.288,217.4036503,6.416,2011,3,9,1,0,513107.2,610985.56,544612.28,507297.88,555996.015,40797.89216692229,560593.26
9,2011-03-11,517783.5,0,54.75,3.459,217.6977326,6.416,2011,3,10,1,0,542016.18,513107.2,555279.02,494145.8,555346.99,41059.16643928189,554251.1233333334
9,2011-03-18,515226.11,0,63.82,3.488,217.9563371,6.416,2011,3,11,1,0,517783.5,542016.18,610985.56,485744.61,545973.1100000001,45155.64970967109,540296.1483333333
9,2011-03-25,497488.4,0,68.79,3.473,218.2007506,6.416,2011,3,12,1,0,515226.11,517783.5,513107.2,484946.56,522033.24750000006,13458.44703806772,510452.695
9,2011-04-01,520962.14,0,56.12,3.524,218.445164,6.38,2011,4,13,2,0,497488.4,515226.11,542016.18,545206.32,518128.54750000004,18304.624884578763,513595.8241666667
9,2011-04-08,561625.92,0,71.4,3.622,218.6895775,6.38,2011,4,14,2,0,520962.14,497488.4,517783.5,529384.31,512865.0375,10516.177797660404,516094.1875
9,2011-04-15,528420.28,0,71.9,3.743,218.9134935,6.38,2011,4,15,2,0,561625.92,520962.14,515226.11,485764.32,523825.6425,27108.811159023677,524722.4566666667
9,2011-04-22,549502.11,0,72.35,3.807,219.0861659,6.38,2011,4,16,2,0,528420.28,561625.92,497488.4,488683.57,527124.185,26509.747461436673,530922.3391666667
9,2011-04-29,532226.2,0,70.85,3.81,219.2588382,6.38,2011,4,17,2,0,549502.11,528420.28,520962.14,491723.42,540127.6125,18747.75896968148,538084.0583333333
9,2011-05-06,545251.1,0,62.2,3.906,219.4315106,6.38,2011,5,18,2,0,532226.2,549502.11,561625.92,526128.61,542943.6275,15468.598520678572,537051.885
9,2011-05-13,539126.0,0,77.66,3.899,219.6041829,6.38,2011,5,19,2,0,545251.1,532226.2,528420.28,492792.8,538849.9225,10117.564172540371,536216.225
9,2011-05-20,518266.9,0,70.49,3.907,219.3622809,6.38,2011,5,20,2,0,539126.0,545251.1,549502.11,506274.94,541526.3525,7521.98954809644,530227.9283333333
9,2011-05-27,553834.04,0,80.42,3.786,219.1203788,6.38,2011,5,21,2,0,518266.9,539126.0,532226.2,558143.53,533717.55,11593.400669489278,530657.9033333334
9,2011-06-03,587004.29,0,85.8,3.699,218.8784768,6.38,2011,6,22,2,0,553834.04,518266.9,545251.1,586061.46,539119.51,15154.154270706795,531642.725
9,2011-06-10,550076.32,0,85.81,3.648,218.6365747,6.38,2011,6,23,2,0,587004.29,553834.04,539126.0,522715.68,549557.8075,28916.36627648441,537411.1241666666
9,2011-06-17,558671.14,0,89.15,3.637,218.5877333,6.38,2011,6,24,2,0,550076.32,587004.29,518266.9,513073.87,552295.3875,28106.56854650061,540315.3083333333
9,2011-06-24,538745.93,0,86.74,3.594,218.6836874,6.38,2011,6,25,2,0,558671.14,550076.32,553834.04,509263.28,562396.4475,16778.202051934408,545413.87
9,2011-07-01,537064.03,0,89.14,3.524,218.7796415,6.404,2011,7,26,3,0,538745.93,558671.14,587004.29,528832.54,558624.42,20604.55922253888,546895.8525
9,2011-07-08,535983.13,0,89.04,3.48,218.8755955,6.404,2011,7,27,3,0,537064.03,538745.93,550076.32,485389.15,546139.355,10158.241084355204,544849.0283333334
9,2011-07-15,512834.04,0,90.45,3.575,218.9607242,6.404,2011,7,28,3,0,535983.13,537064.03,558671.14,474030.51,542616.0575,10763.585176092956,545479.2658333334
9,2011-07-22,491449.94,0,89.08,3.651,219.0187895,6.404,2011,7,29,3,0,512834.04,535983.13,538745.93,462676.5,531156.7825,12267.942719611892,542423.5933333334
9,2011-07-29,471449.98,0,91.1,3.682,219.0768548,6.404,2011,7,30,3,0,491449.94,512834.04,537064.03,468675.19,519332.78500000003,21689.611720345656,539025.5716666667
9,2011-08-05,554879.67,0,91.52,3.684,219.1349201,6.404,2011,8,31,3,0,471449.98,491449.94,535983.13,522815.45,502929.27249999996,27769.184634563622,532875.4783333334
9,2011-08-12,520284.79,0,91.63,3.638,219.1929854,6.404,2011,8,32,3,0,554879.67,471449.98,512834.04,481897.98,507653.40750000003,35732.33523756997,534188.2841666667
9,2011-08-19,540819.44,0,85.8,3.554,219.2556109,6.404,2011,8,33,3,0,520284.79,554879.67,491449.94,499325.38,509516.09500000003,36282.38230170339,534356.4416666667
9,2011-08-26,542663.53,0,88.95,3.523,219.3189965,6.404,2011,8,34,3,0,540819.44,520284.79,471449.98,506789.66,521858.47,36484.74734097052,533271.8916666666
9,2011-09-02,544643.33,0,89.33,3.533,219.382382,6.404,2011,9,35,3,0,542663.53,540819.44,554879.67,511049.06,539661.8574999999,14345.761246517195,529576.8283333333
9,2011-09-09,528784.86,1,75.65,3.546,219.4457675,6.404,2011,9,36,3,0,544643.33,542663.53,520284.79,484835.2,537102.7725,11320.191165353233,529124.0791666667
9,2011-09-16,500274.03,0,77.95,3.526,219.6297841,6.404,2011,9,37,3,0,528784.86,544643.33,540819.44,463448.59,539227.79,7134.902931985042,526633.5558333333
9,2011-09-23,506743.78,0,74.42,3.467,219.9746423,6.404,2011,9,38,3,0,500274.03,528784.86,542663.53,452905.22,529091.4375,20466.2325139455,523427.56416666665
9,2011-09-30,508567.04,0,78.45,3.355,220.3195004,6.404,2011,9,39,3,1,506743.78,500274.03,544643.33,495692.19,520111.5,20406.36347513343,520900.87666666665
9,2011-10-07,553836.98,0,72.62,3.285,220.6643585,6.054,2011,10,40,4,0,508567.04,506743.78,528784.86,505069.21,511092.4275,12320.013654476661,518616.20249999996
9,2011-10-14,529515.66,0,67.27,3.274,220.9836849,6.054,2011,10,41,4,0,553836.98,508567.04,500274.03,454769.68,517355.4575,24579.941896283784,522033.1141666667
9,2011-10-21,557075.21,0,65.46,3.353,221.1498206,6.054,2011,10,42,4,0,529515.66,553836.98,506743.78,466322.76,524665.865,22021.56336422002,525205.2575000001
9,2011-10-28,548527.49,0,63.96,3.372,221.3159563,6.054,2011,10,43,4,0,557075.21,529515.66,508567.04,508801.61,537248.7225,22735.428008093608,532340.6933333334
9,2011-11-04,597855.07,0,54.46,3.332,221.4820921,6.054,2011,11,44,4,0,548527.49,557075.21,553836.98,517869.97,547238.835,12329.65739414826,531811.345
9,2011-11-11,594574.12,0,58.28,3.297,221.6482278,6.054,2011,11,45,4,0,597855.07,548527.49,529515.66,520846.68,558243.3574999999,28810.47853758177,538275.535
9,2011-11-18,542414.27,0,58.8,3.308,221.8803923,6.054,2011,11,46,4,0,594574.12,597855.07,557075.21,519823.3,574507.9724999999,25341.822589547915,542755.0916666667
9,2011-11-25,814753.5,1,54.32,3.236,222.1389683,6.054,2011,11,47,4,0,542414.27,594574.12,548527.49,768070.53,570842.7374999999,29433.499383279624,542734.32
9,2011-12-02,613115.21,0,46.84,3.172,222.3975443,6.054,2011,12,48,4,0,814753.5,542414.27,597855.07,578164.82,637399.24,120933.0535875829,565243.5008333334
9,2011-12-09,630327.28,0,37.65,3.158,222.6561203,6.054,2011,12,49,4,0,613115.21,814753.5,594574.12,618121.82,641214.275,119501.97364325367,572271.0299999999
9,2011-12-16,705557.97,0,47.31,3.159,222.8825484,6.054,2011,12,50,4,0,630327.28,613115.21,542414.27,685243.2,650152.565,116140.45462730067,583108.8008333334
9,2011-12-23,905324.68,0,44.43,3.112,223.0661125,6.054,2011,12,51,4,0,705557.97,630327.28,814753.5,873347.55,690938.49,91786.10567399388,599676.65
9,2011-12-30,549788.36,1,43.41,3.129,223.2496766,6.054,2011,12,52,4,0,905324.68,705557.97,613115.21,459770.85,713581.2849999999,133983.28836607523,632739.7866666667
9,2012-01-06,519585.67,0,47.54,3.157,223.4332408,5.667,2012,1,1,1,0,549788.36,905324.68,630327.28,490981.78,697749.5725,152300.88887416254,632402.4016666666
9,2012-01-13,474964.6,0,42.44,3.261,223.6168049,5.667,2012,1,2,1,0,519585.67,549788.36,705557.97,458086.69,670064.17,176745.9257779426,631574.9025
9,2012-01-20,480130.04,0,51.56,3.268,223.7114288,5.667,2012,1,3,1,0,474964.6,519585.67,905324.68,454021.69,612415.8275,197676.56549783683,624732.3516666667
9,2012-01-27,482451.21,0,49.38,3.29,223.8060527,5.667,2012,1,4,1,0,480130.04,474964.6,549788.36,463561.48,506117.1675,35281.66129642905,619032.5641666667
9,2012-02-03,549967.89,0,54.43,3.36,223.9006766,5.667,2012,2,5,1,0,482451.21,480130.04,519585.67,544612.28,489282.88,20442.75274188024,609415.5758333333
9,2012-02-10,609736.12,1,44.03,3.409,223.9953006,5.667,2012,2,6,1,0,549967.89,482451.21,474964.6,555279.02,496878.435,35531.01909074589,605698.39
9,2012-02-17,658965.05,0,43.81,3.51,224.1588663,5.667,2012,2,7,1,0,609736.12,549967.89,480130.04,610985.56,530571.3150000001,61922.42512815315,611308.5441666667
9,2012-02-24,563578.79,0,53.67,3.555,224.3741384,5.667,2012,2,8,1,0,658965.05,609736.12,482451.21,513107.2,575280.0675,76263.35722231375,598326.1733333333
9,2012-03-02,619498.28,0,57.2,3.63,224.5894104,5.667,2012,3,9,1,0,563578.79,658965.05,549967.89,542016.18,595561.9625,49405.13136529871,594198.1383333333
9,2012-03-09,574955.95,0,54.03,3.669,224.8046825,5.667,2012,3,10,1,0,619498.28,563578.79,609736.12,517783.5,612944.56,39192.30400901337,593295.7216666667
9,2012-03-16,550373.57,0,59.94,3.734,224.9594902,5.667,2012,3,11,1,0,574955.95,619498.28,658965.05,515226.11,604249.5175,43736.08512733339,582412.2200000001
9,2012-03-23,550791.32,0,58.79,3.787,225.0336786,5.667,2012,3,12,1,0,550373.57,574955.95,563578.79,497488.4,577101.6475,29996.31236731533,552832.9608333333
9,2012-03-30,574985.37,0,67.87,3.845,225.107867,5.667,2012,3,13,1,0,550791.32,550373.57,619498.28,520962.14,573904.78,32495.241076473492,552916.5408333334
9,2012-04-06,677885.99,0,68.83,3.891,225.1820555,5.539,2012,4,14,2,0,574985.37,550791.32,574955.95,561625.92,562776.5525,14081.580417759164,557533.1825
9,2012-04-13,578539.86,0,69.19,3.891,225.2562439,5.539,2012,4,15,2,0,677885.99,574985.37,550373.57,528420.28,588509.0625,60685.169291155136,574443.2983333333
9,2012-04-20,542819.03,0,68.04,3.877,225.3117488,5.539,2012,4,16,2,0,578539.86,677885.99,550791.32,549502.11,595550.635,56257.75073376083,582644.1166666666
9,2012-04-27,550414.99,0,73.07,3.814,225.3672537,5.539,2012,4,17,2,0,542819.03,578539.86,574985.37,532226.2,593557.5625,58469.76451555017,587674.7683333333
9,2012-05-04,586289.08,0,78.98,3.749,225.4227585,5.539,2012,5,18,2,0,550414.99,542819.03,677885.99,545251.1,587414.9675,62240.3122899092,587712.0266666667
9,2012-05-11,592572.3,0,70.94,3.688,225.4782634,5.539,2012,5,19,2,0,586289.08,550414.99,578539.86,539126.0,564515.74,21137.113110327784,585758.1066666667
9,2012-05-18,571463.93,0,69.52,3.63,225.4942498,5.539,2012,5,20,2,0,592572.3,586289.08,542819.03,518266.9,568023.8500000001,25043.960856110458,580225.3775000001
9,2012-05-25,547226.0,0,79.69,3.561,225.4944288,5.539,2012,5,21,2,0,571463.93,592572.3,550414.99,553834.04,575185.075,18735.159026624147,580882.4725
9,2012-06-01,583648.59,0,80.26,3.501,225.4946078,5.539,2012,6,22,2,0,547226.0,571463.93,586289.08,587004.29,574387.8275,20154.64297957226,574859.7825
9,2012-06-08,582525.42,0,78.91,3.452,225.4947868,5.539,2012,6,23,2,0,583648.59,547226.0,592572.3,550076.32,573727.7050000001,19672.381359448154,575584.1691666666
9,2012-06-15,564606.1,0,82.21,3.393,225.5070634,5.539,2012,6,24,2,0,582525.42,583648.59,571463.93,558671.14,571215.985,16912.06516197125,578263.49
9,2012-06-22,562173.12,0,81.05,3.346,225.5495841,5.539,2012,6,25,2,0,564606.1,582525.42,547226.0,538745.93,569501.5275,17223.293229821626,579414.7216666667
9,2012-06-29,544770.7,0,87.18,3.286,225.5921049,5.539,2012,6,26,2,0,562173.12,564606.1,583648.59,537064.03,573238.3075,11424.79498066177,578347.0341666667
9,2012-07-06,578790.36,0,84.15,3.227,225.6346256,5.277,2012,7,27,3,0,544770.7,562173.12,582525.42,535983.13,563518.835,15445.991210037639,567254.0933333334
9,2012-07-13,536537.64,0,82.39,3.256,225.6771463,5.277,2012,7,28,3,0,578790.36,544770.7,564606.1,512834.04,562585.0700000001,13954.897199480147,567274.9683333334
9,2012-07-20,513991.57,0,83.39,3.311,225.6871121,5.277,2012,7,29,3,0,536537.64,578790.36,562173.12,491449.94,555567.955,18811.715349707534,566751.5191666667
9,2012-07-27,495951.0,0,86.41,3.407,225.6970779,5.277,2012,7,30,3,0,513991.57,536537.64,544770.7,471449.98,543522.5675,26871.57139733135,563716.2341666666
9,2012-08-03,533887.54,0,90.23,3.417,225.7070437,5.277,2012,8,31,3,0,495951.0,513991.57,578790.36,554879.67,531317.6425000001,35739.331605075364,556188.0608333333
9,2012-08-10,538713.47,0,88.66,3.494,225.7170094,5.277,2012,8,32,3,0,533887.54,495951.0,536537.64,520284.79,520091.9375,18980.508652037443,551297.6641666667
9,2012-08-17,535153.47,0,86.37,3.571,225.7995323,5.277,2012,8,33,3,0,538713.47,533887.54,513991.57,540819.44,520635.89499999996,19629.025353228215,548568.4591666666
9,2012-08-24,572887.78,0,77.9,3.62,225.9364729,5.277,2012,8,34,3,0,535153.47,538713.47,495951.0,542663.53,525926.37,20087.743653162677,547562.415
9,2012-08-31,576879.15,0,80.71,3.638,226.0734135,5.277,2012,8,35,3,1,572887.78,535153.47,533887.54,544643.33,545160.565,18597.370141901396,546665.6808333333
9,2012-09-07,565812.29,1,87.93,3.73,226.2103541,5.277,2012,9,36,3,0,576879.15,572887.78,538713.47,528784.86,555908.4675,22018.96483896136,546195.1583333333
9,2012-09-14,523427.35,0,73.55,3.717,226.3567545,5.277,2012,9,37,3,0,565812.29,576879.15,535153.47,500274.03,562683.1725,18915.03535529923,546295.6741666667
9,2012-09-21,533756.88,0,69.92,3.721,226.5599138,5.277,2012,9,38,3,0,523427.35,565812.29,572887.78,506743.78,559751.6425000001,24644.778320001555,543066.86
9,2012-09-28,516361.06,0,76.8,3.666,226.7630732,5.277,2012,9,39,3,0,533756.88,523427.35,576879.15,508567.04,549968.9175,25445.746407052295,542149.0416666666
9,2012-10-05,606755.3,0,66.61,3.617,226.9662325,4.954,2012,10,40,4,0,516361.06,533756.88,565812.29,553836.98,534839.395,21849.299751252544,536946.6
9,2012-10-12,558464.8,0,60.09,3.601,227.1693919,4.954,2012,10,41,4,0,606755.3,516361.06,523427.35,529515.66,545075.1475,41735.95711606973,542798.0716666667
9,2012-10-19,542009.46,0,68.01,3.594,227.214288,4.954,2012,10,42,4,0,558464.8,606755.3,533756.88,557075.21,553834.51,39282.82186498046,546504.1741666667
9,2012-10-26,549731.49,0,69.52,3.506,227.2328068,4.954,2012,10,43,4,0,542009.46,558464.8,516361.06,548527.49,555897.655,38074.99001071816,550342.3791666668
10,2011-02-04,1968045.91,0,44.88,3.348,127.7195806,8.744,2011,2,5,1,0,1715769.05,1677556.18,1714309.9,2193048.75,1704609.68,18155.643660514877,2211205.2791666663
10,2011-02-11,2115408.31,1,51.51,3.381,127.859129,8.744,2011,2,6,1,0,1968045.91,1715769.05,1710803.59,2176028.52,1768043.6825,134409.75225787205,2217217.305833333
10,2011-02-18,2106934.55,0,61.77,3.43,127.99525,8.744,2011,2,7,1,0,2115408.31,1968045.91,1677556.18,2113432.58,1869194.8625,208692.32208629043,2231069.904166667
10,2011-02-25,1967996.71,0,53.59,3.398,128.13,8.744,2011,2,8,1,0,2106934.55,2115408.31,1715769.05,2006774.96,1976539.4549999998,186512.54124017348,2161652.2516666665
10,2011-03-04,1958003.19,0,56.96,3.674,128.26475,8.744,2011,3,9,1,0,1967996.71,2106934.55,1968045.91,1987090.09,2039596.3699999999,82720.13130752962,2138051.424166667
10,2011-03-11,1933469.15,0,64.22,3.63,128.3995,8.744,2011,3,10,1,0,1958003.19,1967996.71,2115408.31,1941346.13,2037085.69,85713.91371038897,2100235.839166667
10,2011-03-18,1884734.31,0,70.12,3.892,128.5121935,8.744,2011,3,11,1,0,1933469.15,1958003.19,2106934.55,1946875.06,1991600.9,78245.58578217376,2027054.3641666665
10,2011-03-25,1815798.85,0,62.53,3.716,128.6160645,8.744,2011,3,12,1,0,1884734.31,1933469.15,1967996.71,1893532.46,1936050.8399999999,37159.54635118422,1871694.0824999998
10,2011-04-01,1827733.18,0,67.64,3.772,128.7199355,8.494,2011,4,13,2,0,1815798.85,1884734.31,1958003.19,2138651.97,1898001.375,62693.569571462634,1880735.8083333333
10,2011-04-08,1870720.73,0,73.03,3.818,128.8238065,8.494,2011,4,14,2,0,1827733.18,1815798.85,1933469.15,2041069.37,1865433.8725,54425.12760894269,1890187.7483333333
10,2011-04-15,1781767.22,0,61.05,4.089,128.9107333,8.494,2011,4,15,2,0,1870720.73,1827733.18,1884734.31,1826241.44,1849746.7675,33171.74686560951,1903514.1766666668
10,2011-04-22,2004831.14,0,75.93,3.917,128.9553,8.494,2011,4,16,2,0,1781767.22,1870720.73,1815798.85,1829521.83,1824004.9949999999,36731.59272659127,1912198.43
10,2011-04-29,1873646.34,0,73.38,4.151,128.9998667,8.494,2011,4,17,2,0,2004831.14,1781767.22,1827733.18,1790694.59,1871263.0675,96168.39735040421,1936286.9375
10,2011-05-06,1841369.99,0,73.56,4.193,129.0444333,8.494,2011,5,18,2,0,1873646.34,2004831.14,1870720.73,1921432.16,1882741.3575,91885.62866155211,1928420.3066666666
10,2011-05-13,1712995.44,0,74.04,4.202,129.089,8.494,2011,5,19,2,0,1841369.99,1873646.34,1781767.22,1808056.41,1875403.6724999999,94305.59252111423,1905583.78
10,2011-05-20,1720908.01,0,72.62,3.99,129.0756774,8.494,2011,5,20,2,0,1712995.44,1841369.99,2004831.14,1847613.58,1858210.7275,119870.61588531254,1872755.5208333333
10,2011-05-27,1743000.38,0,78.62,3.933,129.0623548,8.494,2011,5,21,2,0,1720908.01,1712995.44,1873646.34,1904618.17,1787229.945,82276.56327318153,1852164.7958333334
10,2011-06-03,1792210.89,0,81.87,3.893,129.0490323,8.494,2011,6,22,2,0,1743000.38,1720908.01,1841369.99,1931406.28,1754568.4549999998,59244.3189156849,1834247.8949999998
10,2011-06-10,1740063.1,0,84.57,3.981,129.0357097,8.494,2011,6,23,2,0,1792210.89,1743000.38,1712995.44,1827521.71,1742278.68,35627.51805145633,1822476.3733333333
10,2011-06-17,1817934.76,0,87.96,3.935,129.0432,8.494,2011,6,24,2,0,1740063.1,1792210.89,1720908.01,1837636.24,1749045.595,30398.4441646305,1810420.4391666667
10,2011-06-24,1711813.13,0,90.69,3.807,129.0663,8.494,2011,6,25,2,0,1817934.76,1740063.1,1743000.38,1768172.31,1773302.2825,38177.83839596381,1810598.4316666666
10,2011-07-01,1751369.75,0,95.36,3.842,129.0894,8.257,2011,7,26,3,0,1711813.13,1817934.76,1792210.89,1845893.87,1765505.47,48277.63965913922,1800938.4275
10,2011-07-08,1699708.38,0,88.57,3.793,129.1125,8.257,2011,7,27,3,0,1751369.75,1711813.13,1740063.1,1769793.37,1755295.185,44951.199155640345,1790992.5125
10,2011-07-15,1775068.4,0,86.01,3.779,129.1338387,8.257,2011,7,28,3,0,1699708.38,1751369.75,1817934.76,1828052.47,1745206.505,53268.444494782816,1784154.2758333336
10,2011-07-22,1774342.61,0,88.59,3.697,129.1507742,8.257,2011,7,29,3,0,1775068.4,1699708.38,1711813.13,1831676.03,1734489.915,34907.18182750171,1765007.3808333334
10,2011-07-29,1745841.33,0,86.75,3.694,129.1677097,8.257,2011,7,30,3,0,1774342.61,1775068.4,1751369.75,1832664.03,1750122.285,35365.005221612824,1756732.07
10,2011-08-05,1886299.98,0,89.8,3.803,129.1846452,8.257,2011,8,31,3,0,1745841.33,1774342.61,1699708.38,1949236.09,1748740.18,35408.00442854599,1748771.3483333334
10,2011-08-12,1917397.63,0,85.61,3.794,129.2015806,8.257,2011,8,32,3,0,1886299.98,1745841.33,1775068.4,1962996.7,1795388.08,62117.241836160305,1763213.3933333333
10,2011-08-19,1954849.68,0,87.4,3.743,129.2405806,8.257,2011,8,33,3,0,1917397.63,1886299.98,1774342.61,1983190.56,1830970.3875,83635.50615178974,1779587.5283333333
10,2011-08-26,1728399.07,0,91.59,3.663,129.2832581,8.257,2011,8,34,3,0,1954849.68,1917397.63,1745841.33,1727565.42,1876097.155,91247.58812066092,1797241.6366666667
10,2011-09-02,1758587.35,0,91.61,3.798,129.3259355,8.257,2011,9,35,3,0,1728399.07,1954849.68,1886299.98,1766331.45,1871736.59,99583.22025869114,1791923.985
10,2011-09-09,1670579.82,1,89.06,3.771,129.3686129,8.257,2011,9,36,3,0,1758587.35,1728399.07,1917397.63,1720530.23,1839808.4324999999,112935.79664301744,1793467.6725
10,2011-09-16,1650894.3,0,77.49,3.784,129.4306,8.257,2011,9,37,3,0,1670579.82,1758587.35,1954849.68,1716755.78,1778103.98,123358.50784989877,1781188.0941666665
10,2011-09-23,1685910.53,0,82.51,3.789,129.5183333,8.257,2011,9,38,3,0,1650894.3,1670579.82,1728399.07,1655036.75,1702115.135,49993.35401276306,1776111.5250000001
10,2011-09-30,1627707.31,0,82.27,3.877,129.6060667,8.257,2011,9,39,3,1,1685910.53,1650894.3,1758587.35,1645892.97,1691493.0,46969.60475536342,1770656.59
10,2011-10-07,1788227.6,0,75.01,3.827,129.6938,7.874,2011,10,40,4,0,1627707.31,1685910.53,1670579.82,1772192.42,1658772.9900000002,25185.95866667317,1764656.5008333335
10,2011-10-14,1704753.02,0,70.27,3.698,129.7706452,7.874,2011,10,41,4,0,1788227.6,1627707.31,1650894.3,1703850.25,1688184.935,70856.29194068194,1765753.1008333333
10,2011-10-21,1745928.56,0,77.91,3.842,129.7821613,7.874,2011,10,42,4,0,1704753.02,1788227.6,1685910.53,1740234.06,1701649.6150000002,66384.13935723889,1759953.9683333335
10,2011-10-28,1771792.97,0,72.79,3.843,129.7936774,7.874,2011,10,43,4,0,1745928.56,1704753.02,1627707.31,1741308.56,1716654.1225,68393.29174465776,1759961.2374999998
10,2011-11-04,1904438.59,0,68.57,3.828,129.8051935,7.874,2011,11,44,4,0,1771792.97,1745928.56,1788227.6,1832211.96,1752675.5374999999,36384.58813984784,1750418.986666667
10,2011-11-11,2076570.84,0,55.28,3.677,129.8167097,7.874,2011,11,45,4,0,1904438.59,1771792.97,1704753.02,1895901.59,1781728.2850000001,86339.13977109511,1749339.0666666667
10,2011-11-18,1869087.85,0,58.97,3.669,129.8268333,7.874,2011,11,46,4,0,2076570.84,1904438.59,1745928.56,1949177.13,1874682.7400000002,151446.53530642248,1759482.4966666668
10,2011-11-25,2950198.64,1,60.68,3.76,129.8364,7.874,2011,11,47,4,0,1869087.85,2076570.84,1771792.97,2939946.38,1905472.5625,127108.5761822968,1771206.5616666665
10,2011-12-02,2068097.18,0,57.29,3.701,129.8459667,7.874,2011,12,48,4,0,2950198.64,1869087.85,1904438.59,2251206.64,2200073.9800000004,508229.6505855093,1870507.5025000002
10,2011-12-09,2429310.9,0,42.58,3.644,129.8555333,7.874,2011,12,49,4,0,2068097.18,2950198.64,2076570.84,2411790.21,2240988.6275000004,482429.16288314556,1903633.9491666667
10,2011-12-16,2555031.18,0,50.53,3.489,129.8980645,7.874,2011,12,50,4,0,2429310.9,2068097.18,1869087.85,2811646.85,2329173.6425,474531.127743083,1968501.9991666668
10,2011-12-23,3487986.89,0,48.36,3.541,129.9845484,7.874,2011,12,51,4,0,2555031.18,2429310.9,2950198.64,3749057.69,2500659.475,363887.5748468229,2040928.72
10,2011-12-30,1930690.37,1,48.92,3.428,130.0710323,7.874,2011,12,52,4,0,3487986.89,2555031.18,2068097.18,1707298.14,2635106.5375,604887.9825956419,2195952.0183333335
10,2012-01-06,1683401.78,0,59.85,3.443,130.1575161,7.545,2012,1,1,1,0,1930690.37,3487986.89,2429310.9,1714309.9,2600754.835,650038.6609400263,2207823.9158333335
10,2012-01-13,1711562.73,0,51.0,3.477,130.244,7.545,2012,1,2,1,0,1683401.78,1930690.37,2555031.18,1710803.59,2414277.555,804300.7901266087,2206044.6458333335
10,2012-01-20,1675562.94,0,54.51,3.66,130.2792258,7.545,2012,1,3,1,0,1711562.73,1683401.78,3487986.89,1677556.18,2203410.4425000004,863488.287660898,2203180.8266666667
10,2012-01-27,1632406.0,0,53.59,3.675,130.3144516,7.545,2012,1,4,1,0,1675562.94,1711562.73,1930690.37,1715769.05,1750304.455,121246.66534659968,2195161.6575
10,2012-02-03,1867403.01,0,56.85,3.543,130.3496774,7.545,2012,2,5,1,0,1632406.0,1675562.94,1683401.78,1968045.91,1675733.3625,32760.940093531543,2172492.275
10,2012-02-10,2218595.8,1,55.73,3.722,130.3849032,7.545,2012,2,6,1,0,1867403.01,1632406.0,1711562.73,2115408.31,1721733.67,102362.3849742962,2155061.6225
10,2012-02-17,2168709.76,0,54.12,3.781,130.4546207,7.545,2012,2,7,1,0,2218595.8,1867403.01,1675562.94,2106934.55,1848491.9375,267040.6138037971,2184187.285
10,2012-02-24,2039415.74,0,56.02,3.95,130.5502069,7.545,2012,2,8,1,0,2168709.76,2218595.8,1632406.0,1967996.71,1971778.6424999998,274328.6577649673,2119063.2116666664
10,2012-03-02,1990371.02,0,57.62,3.882,130.6457931,7.545,2012,3,9,1,0,2039415.74,2168709.76,1867403.01,1958003.19,2073531.0775,156796.46231177278,2116673.091666667
10,2012-03-09,1917483.1,0,57.65,3.963,130.7413793,7.545,2012,3,10,1,0,1990371.02,2039415.74,2218595.8,1933469.15,2104273.08,107085.5170128693,2080094.7683333333
10,2012-03-16,1930814.66,0,62.11,4.273,130.8261935,7.545,2012,3,11,1,0,1917483.1,1990371.02,2168709.76,1884734.31,2028994.905,105759.98243919943,2026965.7616666667
10,2012-03-23,1837457.69,0,56.54,4.288,130.8966452,7.545,2012,3,12,1,0,1930814.66,1917483.1,2039415.74,1815798.85,1969521.13,56350.45639035937,1897201.4091666667
10,2012-03-30,1815760.42,0,67.92,4.294,130.9670968,7.545,2012,3,13,1,0,1837457.69,1930814.66,1990371.02,1827733.18,1919031.6175,62941.38541488651,1889432.0191666663
10,2012-04-06,2163384.17,0,65.99,4.282,131.0375484,7.382,2012,4,14,2,0,1815760.42,1837457.69,1917483.1,1870720.73,1875378.9675,57266.24505987363,1900461.9058333335
10,2012-04-13,1974687.51,0,70.28,4.254,131.108,7.382,2012,4,15,2,0,2163384.17,1815760.42,1930814.66,1781767.22,1936854.2349999999,159055.20331683086,1938113.6925
10,2012-04-20,1777166.53,0,67.75,4.111,131.1173333,7.382,2012,4,16,2,0,1974687.51,2163384.17,1837457.69,2004831.14,1947822.4474999998,160009.7357410268,1963040.74
10,2012-04-27,1712987.56,0,80.11,4.088,131.1266667,7.382,2012,4,17,2,0,1777166.53,1974687.51,1815760.42,1873646.34,1932749.6575,175920.10789175116,1975104.1174999997
10,2012-05-04,1821364.42,0,77.02,4.058,131.136,7.382,2012,5,18,2,0,1712987.56,1777166.53,2163384.17,1841369.99,1907056.4425,203970.5744305283,1962236.1633333333
10,2012-05-11,1792345.3,0,76.03,4.186,131.1453333,7.382,2012,5,19,2,0,1821364.42,1712987.56,1974687.51,1712995.44,1821551.505,111365.50511396995,1929133.548333333
10,2012-05-18,1795152.73,0,85.19,4.308,131.0983226,7.382,2012,5,20,2,0,1792345.3,1821364.42,1777166.53,1720908.01,1775965.9525000001,45814.92909554551,1897769.8433333335
10,2012-05-25,1830939.1,0,86.03,4.127,131.0287742,7.382,2012,5,21,2,0,1795152.73,1792345.3,1712987.56,1743000.38,1780462.5025,46843.136747306686,1877414.5925
10,2012-06-01,1767471.48,0,80.06,4.277,130.9592258,7.382,2012,6,22,2,0,1830939.1,1795152.73,1821364.42,1792210.89,1809950.3875,19146.069776733664,1864128.5991666669
10,2012-06-08,1840491.41,0,86.87,4.103,130.8896774,7.382,2012,6,23,2,0,1767471.48,1830939.1,1792345.3,1740063.1,1796477.1525,26126.49461567172,1851627.6308333334
10,2012-06-15,1811562.88,0,88.58,4.144,130.8295333,7.382,2012,6,24,2,0,1840491.41,1767471.48,1795152.73,1817934.76,1808513.68,33607.79594017716,1844100.6933333334
10,2012-06-22,1755334.18,0,89.92,4.014,130.7929,7.382,2012,6,25,2,0,1811562.88,1840491.41,1830939.1,1711813.13,1812616.2175,32413.53227615315,1841942.7925000002
10,2012-06-29,1707481.9,0,91.36,3.875,130.7562667,7.382,2012,6,26,2,0,1755334.18,1811562.88,1767471.48,1751369.75,1793714.9874999998,39447.80956674491,1836907.2725
10,2012-07-06,1805999.79,0,86.87,3.666,130.7196333,7.17,2012,7,27,3,0,1707481.9,1755334.18,1840491.41,1699708.38,1778717.5925,59206.20830503727,1798915.4166666667
10,2012-07-13,1765571.91,0,89.8,3.723,130.683,7.17,2012,7,28,3,0,1805999.79,1707481.9,1811562.88,1775068.4,1770094.6875,48809.22424749898,1784858.1066666665
10,2012-07-20,1869967.03,0,84.45,3.589,130.7012903,7.17,2012,7,29,3,0,1765571.91,1805999.79,1755334.18,1774342.61,1758596.9449999998,40493.0994600317,1783891.8883333334
10,2012-07-27,1817603.66,0,83.98,3.769,130.7195806,7.17,2012,7,30,3,0,1869967.03,1765571.91,1707481.9,1745841.33,1787255.1575,68377.7520697137,1796973.5108333332
10,2012-08-03,1939440.09,0,84.76,3.595,130.737871,7.17,2012,8,31,3,0,1817603.66,1869967.03,1805999.79,1886299.98,1814785.5975,43019.799394305046,1796660.1141666668
10,2012-08-10,1880436.94,0,90.78,3.811,130.7561613,7.17,2012,8,32,3,0,1939440.09,1817603.66,1765571.91,1917397.63,1848145.6724999999,74301.37524694526,1808918.0133333334
10,2012-08-17,1827797.4,0,88.83,4.002,130.7909677,7.17,2012,8,33,3,0,1880436.94,1939440.09,1869967.03,1954849.68,1876861.93,49959.61373912367,1816025.0308333335
10,2012-08-24,1764984.15,0,82.5,4.055,130.8381613,7.17,2012,8,34,3,0,1827797.4,1880436.94,1817603.66,1728399.07,1866319.5225,55985.438730125425,1815763.2225
10,2012-08-31,1650285.54,0,86.97,3.886,130.8853548,7.17,2012,8,35,3,1,1764984.15,1827797.4,1939440.09,1758587.35,1853164.645,74401.00201352256,1815555.9449999996
10,2012-09-07,1708283.28,1,83.07,4.124,130.9325484,7.17,2012,9,36,3,0,1650285.54,1764984.15,1880436.94,1670579.82,1780876.0075,99029.31837100082,1799705.4558333335
10,2012-09-14,1640168.99,0,78.47,3.966,130.9776667,7.17,2012,9,37,3,0,1708283.28,1650285.54,1827797.4,1650894.3,1737837.5924999998,76088.81177905519,1791098.8224999998
10,2012-09-21,1671857.57,0,81.93,4.125,131.0103333,7.17,2012,9,38,3,0,1640168.99,1708283.28,1764984.15,1685910.53,1690930.49,57774.8668624714,1781501.7233333334
10,2012-09-28,1694862.41,0,82.52,3.966,131.043,7.17,2012,9,39,3,0,1671857.57,1640168.99,1650285.54,1627707.31,1667648.845,30141.31973020507,1778533.0291666668
10,2012-10-05,1758971.38,0,80.88,4.132,131.0756667,6.943,2012,10,40,4,0,1694862.41,1671857.57,1708283.28,1788227.6,1678793.0625,29820.668950536277,1769271.5808333335
10,2012-10-12,1713889.11,0,76.03,4.468,131.1083333,6.943,2012,10,41,4,0,1758971.38,1694862.41,1640168.99,1704753.02,1691465.0875000001,50280.49883239547,1768721.5366666669
10,2012-10-19,1734834.82,0,72.71,4.449,131.1499677,6.943,2012,10,42,4,0,1713889.11,1758971.38,1671857.57,1745928.56,1709895.1175000002,36956.139912294144,1755715.0433333332
10,2012-10-26,1744349.05,0,70.5,4.301,131.1930968,6.943,2012,10,43,4,0,1734834.82,1713889.11,1694862.41,1771792.97,1725639.43,27573.351073300844,1748817.64
11,2011-02-04,1422546.05,0,47.17,2.989,215.8863367,7.551,2011,2,5,1,0,1100418.69,1187776.19,1178905.44,1528008.64,1165387.525,43778.040664897635,1438341.1216666668
11,2011-02-11,1419236.9,1,44.61,3.022,216.2660913,7.551,2011,2,6,1,0,1422546.05,1100418.69,1194449.78,1574684.08,1226297.6775,137667.63935569284,1450080.3258333334
11,2011-02-18,1554747.15,0,61.5,3.045,216.5843571,7.551,2011,2,7,1,0,1419236.9,1422546.05,1187776.19,1503298.7,1282494.4575,163743.78303879447,1460654.5200000003
11,2011-02-25,1323999.36,0,68.74,3.065,216.8780275,7.551,2011,2,8,1,0,1554747.15,1419236.9,1100418.69,1336404.65,1374237.1975,193148.59258787814,1443779.9066666665
11,2011-03-04,1399456.99,0,66.5,3.288,217.1716979,7.551,2011,3,9,1,0,1323999.36,1554747.15,1422546.05,1426622.65,1430132.365,94814.42000696345,1439069.6333333335
11,2011-03-11,1314557.31,0,63.29,3.459,217.4653683,7.551,2011,3,10,1,0,1399456.99,1323999.36,1419236.9,1331883.16,1424360.1,96124.00499174863,1425314.68
11,2011-03-18,1391813.69,0,70.17,3.488,217.7235226,7.551,2011,3,11,1,0,1314557.31,1399456.99,1554747.15,1364207.0,1398190.2025,111071.18495190878,1381196.86
11,2011-03-25,1229777.24,0,73.74,3.473,217.9674705,7.551,2011,3,12,1,0,1391813.69,1314557.31,1323999.36,1245624.27,1357456.8375,44362.81620199391,1304992.5541666667
11,2011-04-01,1258674.12,0,69.1,3.524,218.2114184,7.574,2011,4,13,2,0,1229777.24,1391813.69,1399456.99,1446210.26,1333901.3074999999,79304.06300413457,1309807.0658333334
11,2011-04-08,1327401.06,0,73.57,3.622,218.4553663,7.574,2011,4,14,2,0,1258674.12,1229777.24,1314557.31,1470308.32,1298705.59,71353.6528769471,1316454.4558333333
11,2011-04-15,1312905.8,0,76.64,3.743,218.6788642,7.574,2011,4,15,2,0,1327401.06,1258674.12,1391813.69,1323243.35,1301916.5275,72583.15651650513,1327533.7291666667
11,2011-04-22,1388118.53,0,78.31,3.807,218.851237,7.574,2011,4,16,2,0,1312905.8,1327401.06,1229777.24,1283766.55,1282189.5550000002,45780.61576025167,1337961.1966666668
11,2011-04-29,1357589.89,0,79.97,3.81,219.0236099,7.574,2011,4,17,2,0,1388118.53,1312905.8,1258674.12,1239766.89,1321774.8775,53208.70946671078,1361936.1833333333
11,2011-05-06,1331453.41,0,71.39,3.906,219.1959827,7.574,2011,5,18,2,0,1357589.89,1388118.53,1327401.06,1312329.78,1346503.8199999998,33408.71854255252,1356523.1700000002
11,2011-05-13,1277959.42,0,80.93,3.899,219.3683556,7.574,2011,5,19,2,0,1331453.41,1357589.89,1312905.8,1266796.13,1347516.9075,32690.066994865323,1349207.8791666667
11,2011-05-20,1239466.97,0,76.97,3.907,219.127216,7.574,2011,5,20,2,0,1277959.42,1331453.41,1388118.53,1271646.62,1338780.3125,46693.76966486505,1326142.235
11,2011-05-27,1216876.52,0,85.61,3.786,218.8860765,7.574,2011,5,21,2,0,1239466.97,1277959.42,1357589.89,1264272.52,1301617.4224999999,53058.091108969835,1319097.8691666666
11,2011-06-03,1343637.0,0,86.14,3.699,218.6449369,7.574,2011,6,22,2,0,1216876.52,1239466.97,1331453.41,1396322.19,1266439.08,50144.86816770725,1303882.83
11,2011-06-10,1314626.75,0,85.79,3.648,218.4037974,7.574,2011,6,23,2,0,1343637.0,1216876.52,1277959.42,1339570.85,1269484.9775,55494.952296960255,1306306.1375
11,2011-06-17,1337506.74,0,87.9,3.637,218.3551748,7.574,2011,6,24,2,0,1314626.75,1343637.0,1239466.97,1336522.92,1278651.81,60191.110550061945,1299873.8925
11,2011-06-24,1254587.84,0,86.13,3.594,218.45094,7.574,2011,6,25,2,0,1337506.74,1314626.75,1216876.52,1262025.08,1303161.7525,58862.58387639016,1308851.3508333333
11,2011-07-01,1297472.06,0,86.43,3.524,218.5467052,7.567,2011,7,26,3,0,1254587.84,1337506.74,1343637.0,1302600.14,1312589.5825,40633.15171859104,1308510.8275
11,2011-07-08,1334627.96,0,87.17,3.48,218.6424704,7.567,2011,7,27,3,0,1297472.06,1254587.84,1314626.75,1280156.47,1301048.3475000001,35047.37739867766,1306016.7441666666
11,2011-07-15,1266546.73,0,88.3,3.575,218.7275216,7.567,2011,7,28,3,0,1334627.96,1297472.06,1337506.74,1290609.54,1306048.65,38850.8311726107,1307826.9241666666
11,2011-07-22,1290576.44,0,87.8,3.651,218.7857881,7.567,2011,7,29,3,0,1266546.73,1334627.96,1254587.84,1244390.03,1288308.6475,35777.65015036883,1297695.9408333332
11,2011-07-29,1212938.67,0,89.46,3.682,218.8440545,7.567,2011,7,30,3,0,1290576.44,1266546.73,1297472.06,1250178.89,1297305.7974999999,28192.05527997484,1292111.4866666666
11,2011-08-05,1403198.94,0,90.04,3.684,218.9023209,7.567,2011,8,31,3,0,1212938.67,1290576.44,1334627.96,1369634.92,1276172.45,50713.86068222049,1282235.2583333333
11,2011-08-12,1354188.43,0,90.3,3.638,218.9605873,7.567,2011,8,32,3,0,1403198.94,1212938.67,1266546.73,1384339.1,1293315.1949999998,80122.5617074799,1292671.885
11,2011-08-19,1484169.74,0,89.51,3.554,219.023271,7.567,2011,8,33,3,0,1354188.43,1403198.94,1290576.44,1430192.37,1315225.6199999999,82315.66843538574,1302232.0066666666
11,2011-08-26,1304706.75,0,89.09,3.523,219.0866908,7.567,2011,8,34,3,0,1484169.74,1354188.43,1212938.67,1311263.07,1363623.9449999998,113860.36765350228,1324506.4416666667
11,2011-09-02,1297792.41,0,91.44,3.533,219.1501106,7.567,2011,9,35,3,0,1304706.75,1484169.74,1403198.94,1303914.27,1386565.9649999999,76490.49745925453,1321262.2541666667
11,2011-09-09,1249439.95,1,84.91,3.546,219.2135305,7.567,2011,9,36,3,0,1297792.41,1304706.75,1354188.43,1231428.46,1360214.3325,86369.05825780462,1319859.3925
11,2011-09-16,1270816.01,0,85.11,3.526,219.3972867,7.567,2011,9,37,3,0,1249439.95,1297792.41,1484169.74,1215676.31,1334027.2125,103070.25755079182,1312520.4933333334
11,2011-09-23,1235775.15,0,82.14,3.467,219.7414914,7.567,2011,9,38,3,0,1270816.01,1249439.95,1304706.75,1170103.25,1280688.78,25451.64045754138,1313872.840833333
11,2011-09-30,1190515.83,0,84.4,3.355,220.085696,7.567,2011,9,39,3,1,1235775.15,1270816.01,1297792.41,1182490.46,1263455.88,27054.50001482253,1308731.4316666666
11,2011-10-07,1346271.06,0,76.97,3.285,220.4299007,7.197,2011,10,40,4,0,1190515.83,1235775.15,1249439.95,1293472.8,1236636.7349999999,33960.886131911204,1296722.0875
11,2011-10-14,1286388.96,0,75.56,3.274,220.7486167,7.197,2011,10,41,4,0,1346271.06,1190515.83,1270816.01,1175003.67,1260844.5125,65756.42503082874,1303365.7816666667
11,2011-10-21,1325107.53,0,70.91,3.353,220.9144005,7.197,2011,10,42,4,0,1286388.96,1346271.06,1235775.15,1169831.38,1264737.75,66992.98754662581,1303016.825
11,2011-10-28,1310684.1,0,72.66,3.372,221.0801842,7.197,2011,10,43,4,0,1325107.53,1286388.96,1190515.83,1195036.0,1287070.845,68980.16804521701,1312364.23
11,2011-11-04,1458287.38,0,61.13,3.332,221.245968,7.197,2011,11,44,4,0,1310684.1,1325107.53,1346271.06,1332759.13,1317112.9125,25162.156518506137,1304654.66
11,2011-11-11,1366053.69,0,64.2,3.297,221.4117517,7.197,2011,11,45,4,0,1458287.38,1310684.1,1286388.96,1281675.6,1345116.9925000002,77120.08187166364,1313329.5725
11,2011-11-18,1315091.63,0,66.17,3.308,221.6432852,7.197,2011,11,46,4,0,1366053.69,1458287.38,1325107.53,1292346.57,1365033.175,66446.13679030647,1303486.5683333334
11,2011-11-25,1848953.48,1,70.03,3.236,221.9011185,7.197,2011,11,47,4,0,1315091.63,1366053.69,1310684.1,1757242.51,1362529.2,68605.85132524993,1304351.9749999999
11,2011-12-02,1399322.44,0,56.89,3.172,222.1589519,7.197,2011,12,48,4,0,1848953.48,1315091.63,1458287.38,1380522.64,1497096.545,241941.77875837398,1350282.0641666667
11,2011-12-09,1646655.94,0,50.63,3.158,222.4167852,7.197,2011,12,49,4,0,1399322.44,1848953.48,1366053.69,1564516.43,1482355.31,246841.2993602374,1362772.2716666667
11,2011-12-16,1783910.06,0,59.69,3.159,222.6426418,7.197,2011,12,50,4,0,1646655.94,1399322.44,1315091.63,1843971.15,1552505.8725,242608.12416807568,1394092.2658333334
11,2011-12-23,2213518.5,0,54.29,3.112,222.8258628,7.197,2011,12,51,4,0,1783910.06,1646655.94,1848953.48,2306265.36,1669710.48,199006.53348640457,1439770.175
11,2011-12-30,1352084.21,1,48.86,3.129,223.0090839,7.197,2011,12,52,4,0,2213518.5,1783910.06,1399322.44,1172003.1,1760851.7349999999,341166.1360814531,1525020.3975
11,2012-01-06,1283885.55,0,54.44,3.157,223.1923049,6.833,2012,1,1,1,0,1352084.21,2213518.5,1646655.94,1178905.44,1749042.1775000002,358242.2797420256,1525504.826666667
11,2012-01-13,1264736.59,0,53.1,3.261,223.3755259,6.833,2012,1,2,1,0,1283885.55,1352084.21,1783910.06,1194449.78,1658349.58,431277.0766366912,1525296.2091666667
11,2012-01-20,1207303.29,0,56.43,3.268,223.4700552,6.833,2012,1,3,1,0,1264736.59,1283885.55,2213518.5,1187776.19,1528556.2125,458177.63268111856,1520265.2975
11,2012-01-27,1162675.85,0,58.36,3.29,223.5645845,6.833,2012,1,4,1,0,1207303.29,1264736.59,1352084.21,1100418.69,1277002.4100000001,59702.23886518544,1511650.2299999997
11,2012-02-03,1376732.18,0,60.24,3.36,223.6591137,6.833,2012,2,5,1,0,1162675.85,1207303.29,1283885.55,1422546.05,1229650.32,55249.36167736448,1487015.9358333333
11,2012-02-10,1574287.76,1,52.23,3.409,223.753643,6.833,2012,2,6,1,0,1376732.18,1162675.85,1264736.59,1419236.9,1252861.9775,92545.42144191661,1487905.8099999998
11,2012-02-17,1569607.94,0,52.77,3.51,223.9170153,6.833,2012,2,7,1,0,1574287.76,1376732.18,1207303.29,1554747.15,1330249.77,187004.46573206474,1509505.4875
11,2012-02-24,1379473.03,0,61.11,3.555,224.1320199,6.833,2012,2,8,1,0,1569607.94,1574287.76,1162675.85,1323999.36,1420825.9325,195168.59580002175,1486226.6925
11,2012-03-02,1438383.44,0,62.61,3.63,224.3470245,6.833,2012,3,9,1,0,1379473.03,1569607.94,1376732.18,1399456.99,1475025.2275,111938.50320017371,1484572.5750000002
11,2012-03-09,1413382.76,0,61.44,3.669,224.5620291,6.833,2012,3,10,1,0,1438383.44,1379473.03,1574287.76,1314557.31,1490438.0425,97162.34427586773,1467216.5333333332
11,2012-03-16,1441884.28,0,64.21,3.734,224.7166953,6.833,2012,3,11,1,0,1413382.76,1438383.44,1569607.94,1391813.69,1450211.7925,83177.9219817817,1436339.2583333335
11,2012-03-23,1300593.61,0,67.16,3.787,224.7909104,6.833,2012,3,12,1,0,1441884.28,1413382.76,1379473.03,1229777.24,1418280.8775000002,28817.091058776252,1372036.4066666667
11,2012-03-30,1300104.03,0,70.23,3.845,224.8651254,6.833,2012,3,13,1,0,1300593.61,1441884.28,1438383.44,1258674.12,1398561.0225,66533.26834604074,1367745.5233333332
11,2012-04-06,1596325.01,0,74.19,3.891,224.9393405,6.664,2012,4,14,2,0,1300104.03,1300593.61,1413382.76,1327401.06,1363991.17,74403.59090691996,1369097.0633333335
11,2012-04-13,1472752.01,0,72.74,3.891,225.0135556,6.664,2012,4,15,2,0,1596325.01,1300104.03,1441884.28,1312905.8,1409726.7325,141162.08220480016,1396729.4316666669
11,2012-04-20,1315356.99,0,71.97,3.877,225.0689541,6.664,2012,4,16,2,0,1472752.01,1596325.01,1300593.61,1388118.53,1417443.665,144314.5567976232,1418850.1583333332
11,2012-04-27,1236238.29,0,73.4,3.814,225.1243526,6.664,2012,4,17,2,0,1315356.99,1472752.01,1300104.03,1357589.89,1421134.5100000002,140467.47953753057,1431573.5866666667
11,2012-05-04,1370251.22,0,79.07,3.749,225.1797511,6.664,2012,5,18,2,0,1236238.29,1315356.99,1596325.01,1331453.41,1405168.0750000002,160947.0568413735,1419865.7625000002
11,2012-05-11,1300147.07,0,75.13,3.688,225.2351496,6.664,2012,5,19,2,0,1370251.22,1236238.29,1472752.01,1277959.42,1348649.6275,99352.4679293494,1402862.7175
11,2012-05-18,1352442.31,0,72.53,3.63,225.2512024,6.664,2012,5,20,2,0,1300147.07,1370251.22,1315356.99,1239466.97,1305498.3925,55123.25300246464,1380407.645
11,2012-05-25,1297335.87,0,78.44,3.561,225.2515168,6.664,2012,5,21,2,0,1352442.31,1300147.07,1236238.29,1216876.52,1314769.7225000001,60217.462224909774,1378155.085
11,2012-06-01,1361595.33,0,81.67,3.501,225.2518313,6.664,2012,6,22,2,0,1297335.87,1352442.31,1370251.22,1343637.0,1330044.1175000002,36887.0032326237,1366401.1208333333
11,2012-06-08,1414343.53,0,82.1,3.452,225.2521458,6.664,2012,6,23,2,0,1361595.33,1297335.87,1300147.07,1314626.75,1327880.145,33872.75125772155,1362085.5016666667
11,2012-06-15,1417875.42,0,84.97,3.393,225.2644795,6.664,2012,6,24,2,0,1414343.53,1361595.33,1352442.31,1337506.74,1356429.26,47918.94357792099,1359790.4391666667
11,2012-06-22,1355680.3,0,83.26,3.346,225.3068615,6.664,2012,6,25,2,0,1417875.42,1414343.53,1297335.87,1254587.84,1372787.5375,56503.79721236106,1369563.9233333333
11,2012-06-29,1297028.6,0,87.86,3.286,225.3492435,6.664,2012,6,26,2,0,1355680.3,1417875.42,1361595.33,1297472.06,1387373.645,33300.26334526193,1374195.2791666666
11,2012-07-06,1461129.94,0,83.44,3.227,225.3916254,6.334,2012,7,27,3,0,1297028.6,1355680.3,1414343.53,1334627.96,1371231.9625,57102.867974329325,1349253.9116666666
11,2012-07-13,1320239.51,0,82.46,3.256,225.4340074,6.334,2012,7,28,3,0,1461129.94,1297028.6,1417875.42,1266546.73,1382928.565,71782.10004077709,1348285.4058333335
11,2012-07-20,1344483.81,0,82.41,3.311,225.4438827,6.334,2012,7,29,3,0,1320239.51,1461129.94,1355680.3,1290576.44,1358519.5875,72533.78953015056,1348692.2825
11,2012-07-27,1272395.02,0,85.43,3.407,225.4537579,6.334,2012,7,30,3,0,1344483.81,1320239.51,1297028.6,1212938.67,1355720.465,72895.02273876312,1357712.7425
11,2012-08-03,1399341.07,0,86.94,3.417,225.4636332,6.334,2012,8,31,3,0,1272395.02,1344483.81,1461129.94,1403198.94,1349562.07,80182.59260716573,1349558.0591666668
11,2012-08-10,1388973.65,0,86.21,3.494,225.4735085,6.334,2012,8,32,3,0,1399341.07,1272395.02,1320239.51,1354188.43,1334114.8525,52801.002459909534,1357824.2258333333
11,2012-08-17,1421307.2,0,87.73,3.571,225.5558664,6.334,2012,8,33,3,0,1388973.65,1399341.07,1344483.81,1484169.74,1351298.3875000002,57734.17421130172,1360868.5041666667
11,2012-08-24,1409515.73,0,83.17,3.62,225.6925864,6.334,2012,8,34,3,0,1421307.2,1388973.65,1272395.02,1304706.75,1370504.2349999999,66780.83972709117,1371199.4483333335
11,2012-08-31,1372872.35,0,86.49,3.638,225.8293063,6.334,2012,8,35,3,1,1409515.73,1421307.2,1399341.07,1297792.41,1404784.4125,13844.349755512396,1375192.815
11,2012-09-07,1304584.4,1,85.17,3.73,225.9660263,6.334,2012,9,36,3,0,1372872.35,1409515.73,1388973.65,1249439.95,1398167.2325,21514.332674451445,1371736.8833333335
11,2012-09-14,1267675.05,0,79.61,3.717,226.1122067,6.334,2012,9,37,3,0,1304584.4,1372872.35,1421307.2,1270816.01,1377069.92,52540.26307486857,1362295.965
11,2012-09-21,1326132.98,0,73.64,3.721,226.3151496,6.334,2012,9,38,3,0,1267675.05,1304584.4,1409515.73,1235775.15,1338661.8825,64267.74461589658,1354962.1941666666
11,2012-09-28,1227430.73,0,77.67,3.666,226.5180926,6.334,2012,9,39,3,0,1326132.98,1267675.05,1372872.35,1190515.83,1317816.1949999998,43930.11092236191,1357387.5591666668
11,2012-10-05,1422794.26,0,73.37,3.617,226.7210356,6.034,2012,10,40,4,0,1227430.73,1326132.98,1304584.4,1346271.06,1281455.79,43357.42846687044,1337912.625
11,2012-10-12,1311965.09,0,69.94,3.601,226.9239785,6.034,2012,10,41,4,0,1422794.26,1227430.73,1267675.05,1286388.96,1311008.255,84828.92109197011,1346458.8541666667
11,2012-10-19,1232073.18,0,73.77,3.594,226.9688442,6.034,2012,10,42,4,0,1311965.09,1422794.26,1326132.98,1325107.53,1322080.7650000001,80042.8729447076,1343748.9608333334
11,2012-10-26,1200729.45,0,74.26,3.506,226.9873637,6.034,2012,10,43,4,0,1232073.18,1311965.09,1227430.73,1310684.1,1298565.815,91458.03763629158,1340388.8074999999
12,2011-02-04,1046068.17,0,45.14,3.348,127.7195806,14.021,2011,2,5,1,0,873119.06,802105.5,910110.24,1100046.37,849336.65,51260.63539969401,1081896.035
12,2011-02-11,1086421.57,1,51.3,3.381,127.859129,14.021,2011,2,6,1,0,1046068.17,873119.06,812011.8,1117863.33,883326.1325000001,112947.89397814103,1090528.7791666668
12,2011-02-18,1128485.1,0,53.35,3.43,127.99525,14.021,2011,2,7,1,0,1086421.57,1046068.17,802105.5,1095421.65,951928.575,136147.61903637875,1106522.7683333333
12,2011-02-25,1046203.72,0,48.45,3.53,128.13,14.021,2011,2,8,1,0,1128485.1,1086421.57,873119.06,1048617.17,1033523.4750000001,112105.4033806351,1067115.0758333334
12,2011-03-04,1085248.21,0,51.72,3.674,128.26475,14.021,2011,3,9,1,0,1046203.72,1128485.1,1046068.17,1077018.27,1076794.6400000001,39346.75666999599,1065170.9549999998
12,2011-03-11,997672.62,0,57.75,3.818,128.3995,14.021,2011,3,10,1,0,1085248.21,1046203.72,1086421.57,985594.23,1086589.65,33605.95078666483,1062113.7933333335
12,2011-03-18,1009502.01,0,64.21,3.692,128.5121935,14.021,2011,3,11,1,0,997672.62,1085248.21,1128485.1,972088.34,1064402.4124999999,55753.0140483786,1037286.0658333333
12,2011-03-25,954107.32,0,54.4,3.909,128.6160645,14.021,2011,3,12,1,0,1009502.01,997672.62,1046203.72,981615.81,1034656.64,39553.40338238262,974057.0758333333
12,2011-04-01,1005463.49,0,63.63,3.772,128.7199355,13.736,2011,4,13,2,0,954107.32,1009502.01,1085248.21,1011822.3,1011632.54,54552.22674979897,979254.61
12,2011-04-08,998362.05,0,64.47,4.003,128.8238065,13.736,2011,4,14,2,0,1005463.49,954107.32,997672.62,1041238.87,991686.36,25529.239785446396,987200.7141666667
12,2011-04-15,990951.77,0,57.63,3.868,128.9107333,13.736,2011,4,15,2,0,998362.05,1005463.49,1009502.01,957997.52,991858.7175,25585.392654310475,1002729.9016666667
12,2011-04-22,1016019.47,0,72.12,4.134,128.9553,13.736,2011,4,16,2,0,990951.77,998362.05,954107.32,993833.44,987221.1575,22857.135168538643,1018467.0908333333
12,2011-04-29,994966.1,0,68.27,4.151,128.9998667,13.736,2011,4,17,2,0,1016019.47,990951.77,1005463.49,954220.22,1002699.195,10675.265395672568,1030375.4583333334
12,2011-05-06,1021154.48,0,68.4,4.193,129.0444333,13.736,2011,5,18,2,0,994966.1,1016019.47,998362.05,1043240.27,1000074.8475,11052.82024391831,1026116.9525
12,2011-05-13,977033.5,0,70.93,4.202,129.089,13.736,2011,5,19,2,0,1021154.48,994966.1,990951.77,966054.97,1005772.955,15033.717889751815,1020678.0283333333
12,2011-05-20,924134.99,0,66.59,4.169,129.0756774,13.736,2011,5,20,2,0,977033.5,1021154.48,1016019.47,958374.56,1002293.3875,20296.939093621226,1008057.0616666665
12,2011-05-27,964332.51,0,76.67,4.087,129.0623548,13.736,2011,5,21,2,0,924134.99,977033.5,994966.1,955451.16,979322.2675,41010.313956630154,997884.6675
12,2011-06-03,970328.68,0,71.81,4.031,129.0490323,13.736,2011,6,22,2,0,964332.51,924134.99,1021154.48,1049357.36,971663.87,39962.05149060315,987808.3591666665
12,2011-06-10,996937.95,0,78.72,3.981,129.0357097,13.736,2011,6,23,2,0,970328.68,964332.51,977033.5,1016039.71,958957.4199999999,23787.555890751406,985529.6975000001
12,2011-06-17,986504.93,0,86.84,3.935,129.0432,13.736,2011,6,24,2,0,996937.95,970328.68,924134.99,956211.2,963933.5325,30079.188011152244,984482.6925
12,2011-06-24,997282.75,0,88.95,3.898,129.0663,13.736,2011,6,25,2,0,986504.93,996937.95,964332.51,958007.69,979526.0175000001,14914.35885657981,987182.4933333333
12,2011-07-01,961993.34,0,89.85,3.842,129.0894,13.503,2011,7,26,3,0,997282.75,986504.93,970328.68,951957.31,987763.5775,12653.63716115009,986500.765
12,2011-07-08,943717.38,0,89.9,3.705,129.1125,13.503,2011,7,27,3,0,961993.34,997282.75,996937.95,943506.28,985679.7424999999,16564.053619813025,983470.0391666666
12,2011-07-15,936001.98,0,88.1,3.692,129.1338387,13.503,2011,7,28,3,0,943717.38,961993.34,986504.93,916402.76,972374.6,24146.00712089731,979533.84
12,2011-07-22,922231.92,0,91.17,3.794,129.1507742,13.503,2011,7,29,3,0,936001.98,943717.38,997282.75,912403.67,959748.8624999999,27293.18138123612,972865.7158333333
12,2011-07-29,890547.07,0,93.29,3.805,129.1677097,13.503,2011,7,30,3,0,922231.92,936001.98,961993.34,913548.25,940986.155,16586.387415494366,966804.5341666667
12,2011-08-05,988712.52,0,90.61,3.803,129.1846452,13.503,2011,8,31,3,0,890547.07,922231.92,943717.38,967576.95,923124.5875,23466.158912182545,955920.5833333334
12,2011-08-12,955913.68,0,91.04,3.701,129.2015806,13.503,2011,8,32,3,0,988712.52,890547.07,936001.98,928264.4,934373.3725,40920.87883158185,956893.8350000001
12,2011-08-19,966817.24,0,91.74,3.743,129.2405806,13.503,2011,8,33,3,0,955913.68,988712.52,922231.92,948447.34,939351.2975000001,42370.463409589196,959542.0591666667
12,2011-08-26,1017593.47,0,94.61,3.74,129.2832581,13.503,2011,8,34,3,0,966817.24,955913.68,890547.07,1004516.46,950497.6275000001,42229.968545967444,959749.1200000001
12,2011-09-02,1052051.45,0,93.66,3.798,129.3259355,13.503,2011,9,35,3,0,1017593.47,966817.24,988712.52,1075758.55,982259.2275,27219.45706147311,963687.8524999999
12,2011-09-09,922850.57,1,88.0,3.913,129.3686129,13.503,2011,9,36,3,0,1052051.45,1017593.47,955913.68,903119.03,998093.96,44903.78919488802,968280.6441666667
12,2011-09-16,889290.23,0,76.36,3.918,129.4306,13.503,2011,9,37,3,0,922850.57,1052051.45,966817.24,852882.61,989828.1825,56739.610676823526,962976.1141666668
12,2011-09-23,871692.74,0,82.95,3.789,129.5183333,13.503,2011,9,38,3,0,889290.23,922850.57,1017593.47,851919.34,970446.4299999999,76885.01665374832,953976.7374999999
12,2011-09-30,866401.45,0,83.26,3.877,129.6060667,13.503,2011,9,39,3,1,871692.74,889290.23,1052051.45,850936.26,933971.2475,81530.3818866783,946451.6875
12,2011-10-07,951244.66,0,70.44,3.827,129.6938,12.89,2011,10,40,4,0,866401.45,871692.74,922850.57,918335.68,887558.7474999999,25481.183897880976,940008.6933333334
12,2011-10-14,927600.01,0,67.31,3.805,129.7706452,12.89,2011,10,41,4,0,951244.66,866401.45,889290.23,862419.84,894657.27,38973.06260896541,941278.9166666666
12,2011-10-21,938604.58,0,73.05,3.842,129.7821613,12.89,2011,10,42,4,0,927600.01,951244.66,871692.74,857883.46,904234.7150000001,41817.89097503962,941726.2575
12,2011-10-28,990926.38,0,67.41,3.727,129.7936774,12.89,2011,10,43,4,0,938604.58,927600.01,866401.45,955294.7,920962.6749999999,37635.16492578039,945731.0500000002
12,2011-11-04,1051944.79,0,59.77,3.828,129.8051935,12.89,2011,11,44,4,0,990926.38,938604.58,951244.66,929690.71,952093.9075,27632.077451892732,945915.5383333332
12,2011-11-11,1095091.53,0,48.76,3.824,129.8167097,12.89,2011,11,45,4,0,1051944.79,990926.38,927600.01,942475.24,977268.94,56935.47102387197,953918.1308333334
12,2011-11-18,970641.34,0,54.2,3.813,129.8268333,12.89,2011,11,46,4,0,1095091.53,1051944.79,938604.58,894493.7,1019141.8200000001,68621.5499949203,964607.6549999999
12,2011-11-25,1591920.42,1,53.25,3.622,129.8364,12.89,2011,11,47,4,0,970641.34,1095091.53,990926.38,1601377.41,1027151.01,56968.44859716772,960694.9775
12,2011-12-02,1071383.1,0,52.5,3.701,129.8459667,12.89,2011,12,48,4,0,1591920.42,970641.34,1051944.79,1069533.17,1177399.52,281122.7584946566,1005684.0583333332
12,2011-12-09,1189646.45,0,42.17,3.644,129.8555333,12.89,2011,12,49,4,0,1071383.1,1591920.42,1095091.53,1121934.15,1182259.0975000001,278385.91085473687,1018061.7691666665
12,2011-12-16,1293404.18,0,43.29,3.6,129.8980645,12.89,2011,12,50,4,0,1189646.45,1071383.1,970641.34,1295605.35,1205897.8275,272468.5767914685,1043091.4541666667
12,2011-12-23,1617612.03,0,45.4,3.541,129.9845484,12.89,2011,12,51,4,0,1293404.18,1189646.45,1591920.42,1768249.89,1286588.5375,222849.0970081961,1078234.0741666667
12,2011-12-30,1111638.07,1,44.64,3.428,130.0710323,12.89,2011,12,52,4,0,1617612.03,1293404.18,1071383.1,891736.91,1293011.44,234640.95942660357,1140834.9558333333
12,2012-01-06,945823.65,0,50.43,3.599,130.1575161,12.187,2012,1,1,1,0,1111638.07,1617612.03,1189646.45,910110.24,1303075.1825,222516.81743446356,1154201.0733333332
12,2012-01-13,865467.86,0,48.07,3.657,130.244,12.187,2012,1,2,1,0,945823.65,1111638.07,1293404.18,812011.8,1242119.4825,287773.86538192857,1155719.71
12,2012-01-20,855922.64,0,46.2,3.66,130.2792258,12.187,2012,1,3,1,0,865467.86,945823.65,1617612.03,802105.5,1135135.4025,337587.1955663205,1149624.9833333332
12,2012-01-27,888203.69,0,50.43,3.675,130.3144516,12.187,2012,1,4,1,0,855922.64,865467.86,1111638.07,873119.06,944713.0549999999,118362.06146180417,1138374.6716666666
12,2012-02-03,1058767.95,0,50.58,3.702,130.3496774,12.187,2012,2,5,1,0,888203.69,855922.64,945823.65,1046068.17,888854.46,40321.003372603525,1124729.5799999998
12,2012-02-10,1199330.85,1,52.27,3.722,130.3849032,12.187,2012,2,6,1,0,1058767.95,888203.69,865467.86,1086421.57,917090.535,95417.24457703662,1121702.615
12,2012-02-17,1240048.85,0,51.8,3.781,130.4546207,12.187,2012,2,7,1,0,1199330.85,1058767.95,855922.64,1128485.1,1000556.2825000001,159626.5668179234,1140760.0741666667
12,2012-02-24,1112034.72,0,53.13,3.95,130.5502069,12.187,2012,2,8,1,0,1240048.85,1199330.85,888203.69,1046203.72,1096587.835,159155.5691191424,1111437.4433333334
12,2012-03-02,1147636.96,0,52.27,4.178,130.6457931,12.187,2012,3,9,1,0,1112034.72,1240048.85,1058767.95,1085248.21,1152545.5925,82221.36262558008,1114825.0783333334
12,2012-03-09,1113208.57,0,54.54,4.25,130.7413793,12.187,2012,3,10,1,0,1147636.96,1112034.72,1199330.85,997672.62,1174762.845,56381.086135892125,1111324.2874999999
12,2012-03-16,1088498.52,0,64.44,4.273,130.8261935,12.187,2012,3,11,1,0,1113208.57,1147636.96,1240048.85,1009502.01,1153232.275,60187.37615310095,1096307.9866666666
12,2012-03-23,1045419.87,0,56.26,4.038,130.8966452,12.187,2012,3,12,1,0,1088498.52,1113208.57,1112034.72,954107.32,1115344.6925,24351.772389134596,1052215.1941666666
12,2012-03-30,1025382.22,0,64.36,4.294,130.9670968,12.187,2012,3,13,1,0,1045419.87,1088498.52,1147636.96,1005463.49,1098690.98,43004.52216163521,1046697.0108333334
12,2012-04-06,1128765.71,0,64.05,4.121,131.0375484,11.627,2012,4,14,2,0,1025382.22,1045419.87,1113208.57,998362.05,1068127.2950000002,39958.63173546654,1053326.8916666666
12,2012-04-13,1083811.19,0,64.28,4.254,131.108,11.627,2012,4,15,2,0,1128765.71,1025382.22,1088498.52,990951.77,1072016.58,46095.07065964716,1075268.3791666667
12,2012-04-20,1006486.96,0,66.73,4.222,131.1173333,11.627,2012,4,16,2,0,1083811.19,1128765.71,1045419.87,1016019.47,1070844.7475,45593.2463222711,1094259.0916666666
12,2012-04-27,1004252.38,0,77.99,4.193,131.1266667,11.627,2012,4,17,2,0,1006486.96,1083811.19,1025382.22,994966.1,1061111.52,55835.442377125655,1104116.0308333335
12,2012-05-04,1073433.69,0,76.03,4.171,131.136,11.627,2012,5,18,2,0,1004252.38,1006486.96,1128765.71,1021154.48,1055829.06,61094.32942805505,1099573.0666666667
12,2012-05-11,1041995.22,0,77.27,4.186,131.1453333,11.627,2012,5,19,2,0,1073433.69,1004252.38,1083811.19,977033.5,1041996.0549999999,42513.96335199921,1089081.6366666665
12,2012-05-18,1020486.05,0,84.51,4.11,131.0983226,11.627,2012,5,20,2,0,1041995.22,1073433.69,1006486.96,924134.99,1031542.0625,32846.41983816066,1072577.1675
12,2012-05-25,991514.21,0,83.84,4.293,131.0287742,11.627,2012,5,21,2,0,1020486.05,1041995.22,1004252.38,964332.51,1035041.835,29900.643858517906,1064948.1116666666
12,2012-06-01,981345.2,0,78.11,4.277,130.9592258,11.627,2012,6,22,2,0,991514.21,1020486.05,1073433.69,970328.68,1031857.2925,34584.40816643697,1051937.8825
12,2012-06-08,1086231.47,0,84.83,4.103,130.8896774,11.627,2012,6,23,2,0,981345.2,991514.21,1041995.22,996937.95,1008835.1699999999,27634.797066371357,1040949.2683333332
12,2012-06-15,1019555.51,0,85.94,4.144,130.8295333,11.627,2012,6,24,2,0,1086231.47,981345.2,1020486.05,986504.93,1019894.2325,47231.4616573547,1040760.3475
12,2012-06-22,981386.25,0,91.61,4.014,130.7929,11.627,2012,6,25,2,0,1019555.51,1086231.47,991514.21,997282.75,1019661.5974999999,47229.86667945154,1038604.9841666665
12,2012-06-29,943124.74,0,90.47,3.875,130.7562667,11.627,2012,6,26,2,0,981386.25,1019555.51,981345.2,961993.34,1017129.6074999999,49460.63697327566,1034938.6533333333
12,2012-07-06,1014898.78,0,89.13,3.765,130.7196333,10.926,2012,7,27,3,0,943124.74,981386.25,1086231.47,943717.38,1007574.4924999999,61019.285291127555,1019468.5724999999
12,2012-07-13,960312.75,0,95.61,3.723,130.683,10.926,2012,7,28,3,0,1014898.78,943124.74,1019555.51,936001.98,989741.3200000001,35424.55101859962,1013725.8716666666
12,2012-07-20,941550.34,0,85.53,3.726,130.7012903,10.926,2012,7,29,3,0,960312.75,1014898.78,981386.25,922231.92,974930.6300000001,30899.973561975974,1009878.0208333334
12,2012-07-27,916967.92,0,93.47,3.769,130.7195806,10.926,2012,7,30,3,0,941550.34,960312.75,943124.74,890547.07,964971.6525000001,34352.43270332821,1004652.8508333332
12,2012-08-03,958667.23,0,88.16,3.76,130.737871,10.926,2012,8,31,3,0,916967.92,941550.34,1014898.78,988712.52,958432.4475,41618.484827180866,991614.0366666667
12,2012-08-10,984689.9,0,95.91,3.811,130.7561613,10.926,2012,8,32,3,0,958667.23,916967.92,960312.75,955913.68,944374.5599999999,20144.53152348399,984670.0375
12,2012-08-17,1005003.12,0,94.87,4.002,130.7909677,10.926,2012,8,33,3,0,984689.9,958667.23,941550.34,966817.24,950468.8475,28519.8517364707,981687.0249999999
12,2012-08-24,1048101.39,0,85.32,4.055,130.8381613,10.926,2012,8,34,3,0,1005003.12,984689.9,916967.92,1017593.47,966332.0425,37982.57981345069,982811.1008333334
12,2012-08-31,1061943.49,0,89.78,4.093,130.8853548,10.926,2012,8,35,3,1,1048101.39,1005003.12,958667.23,1052051.45,999115.41,37764.365786086746,988374.1166666667
12,2012-09-07,955146.04,1,88.52,4.124,130.9325484,10.926,2012,9,36,3,0,1061943.49,1048101.39,984689.9,922850.57,1024934.475,36162.862492494714,986350.1183333333
12,2012-09-14,885892.37,0,83.64,4.133,130.9776667,10.926,2012,9,37,3,0,955146.04,1061943.49,1005003.12,889290.23,1017548.51,48152.00860416558,980982.6625
12,2012-09-21,922735.37,0,82.97,4.125,131.0103333,10.926,2012,9,38,3,0,885892.37,955146.04,1048101.39,871692.74,987770.8225,82835.09219307093,973024.8391666667
12,2012-09-28,880415.67,0,81.22,3.966,131.043,10.926,2012,9,39,3,0,922735.37,885892.37,1061943.49,866401.45,956429.3174999999,75819.14986829112,971325.725
12,2012-10-05,979825.92,0,81.61,3.966,131.0756667,10.199,2012,10,40,4,0,880415.67,922735.37,955146.04,951244.66,911047.3625,34892.10564801823,960118.7991666667
12,2012-10-12,934917.47,0,71.74,4.468,131.1083333,10.199,2012,10,41,4,0,979825.92,880415.67,885892.37,927600.01,917217.3325,45774.44558188052,961744.8966666668
12,2012-10-19,960945.43,0,68.66,4.449,131.1499677,10.199,2012,10,42,4,0,934917.47,979825.92,922735.37,938604.58,929473.6074999999,40894.482469626084,961192.1575000001
12,2012-10-26,974697.6,0,65.95,4.301,131.1930968,10.199,2012,10,43,4,0,960945.43,934917.47,880415.67,990926.38,939026.1224999999,43193.92582659396,964856.9499999998
13,2011-02-04,1848186.58,0,23.35,2.974,127.7195806,7.47,2011,2,5,1,0,1633663.12,1770177.37,1744544.39,1967220.53,1707675.2975,61608.22378515104,2170845.8358333334
13,2011-02-11,1944438.9,1,30.83,3.034,127.859129,7.47,2011,2,6,1,0,1848186.58,1633663.12,1682316.31,2030933.46,1733585.845,95018.21641998614,2163197.665
13,2011-02-18,2003480.59,0,40.85,3.062,127.99525,7.47,2011,2,7,1,0,1944438.9,1848186.58,1770177.37,1970274.64,1799116.4925000002,131325.00002099836,2164784.7475
13,2011-02-25,1831933.95,0,33.17,3.12,128.13,7.47,2011,2,8,1,0,2003480.59,1944438.9,1633663.12,1817850.32,1857442.2975,162335.43494040662,2101208.1258333335
13,2011-03-04,1894960.68,0,34.23,3.23,128.26475,7.47,2011,3,9,1,0,1831933.95,2003480.59,1848186.58,1939980.43,1907010.0050000001,81248.80576405398,2080254.2975
13,2011-03-11,1852432.58,0,41.28,3.346,128.3995,7.47,2011,3,10,1,0,1894960.68,1831933.95,1944438.9,1840686.94,1918703.53,72897.51278513644,2033045.325
13,2011-03-18,1852443.78,0,44.69,3.407,128.5121935,7.47,2011,3,11,1,0,1852432.58,1894960.68,2003480.59,1879794.89,1895701.95,76497.01720907693,1956444.139166667
13,2011-03-25,1807545.43,0,42.38,3.435,128.6160645,7.47,2011,3,12,1,0,1852443.78,1852432.58,1831933.95,1882095.98,1857942.7475,26503.996323905147,1811155.8541666667
13,2011-04-01,1864238.64,0,42.49,3.487,128.7199355,7.193,2011,4,13,2,0,1807545.43,1852443.78,1894960.68,2142482.14,1851845.6175,35693.68548387296,1822176.9733333334
13,2011-04-08,1887465.04,0,42.75,3.547,128.8238065,7.193,2011,4,14,2,0,1864238.64,1807545.43,1852432.58,1898321.33,1844165.1075,25038.86983026676,1832151.4941666666
13,2011-04-15,1950994.04,0,41.72,3.616,128.9107333,7.193,2011,4,15,2,0,1887465.04,1864238.64,1852443.78,1819660.44,1852923.2225,33568.585248138064,1849247.2216666667
13,2011-04-22,2124316.34,0,47.55,3.655,128.9553,7.193,2011,4,16,2,0,1950994.04,1887465.04,1807545.43,1909330.77,1877560.7874999999,59358.14094734644,1864315.2775
13,2011-04-29,1895583.12,0,43.85,3.683,128.9998667,7.193,2011,4,17,2,0,2124316.34,1950994.04,1864238.64,1785823.37,1956753.515,117573.19243538666,1905203.0458333334
13,2011-05-06,1986380.4,0,47.75,3.744,129.0444333,7.193,2011,5,18,2,0,1895583.12,2124316.34,1887465.04,2005478.46,1964589.635,110162.85332772591,1909152.7574999996
13,2011-05-13,1958823.56,0,52.4,3.77,129.089,7.193,2011,5,19,2,0,1986380.4,1895583.12,1950994.04,1890273.44,1989318.475,97447.65250175247,1912647.8825
13,2011-05-20,1860923.55,0,52.12,3.802,129.0756774,7.193,2011,5,20,2,0,1958823.56,1986380.4,2124316.34,1853657.6,1991275.855,96495.22805340741,1908926.4633333331
13,2011-05-27,1866369.93,0,54.62,3.778,129.0623548,7.193,2011,5,21,2,0,1860923.55,1958823.56,1895583.12,1877358.86,1925427.6575,57393.37773942036,1911342.2633333334
13,2011-06-03,1935593.87,0,52.76,3.752,129.0490323,7.193,2011,6,22,2,0,1866369.93,1860923.55,1986380.4,2022705.22,1918124.3599999999,63942.07161277758,1908959.7008333334
13,2011-06-10,1997816.98,0,61.39,3.732,129.0357097,7.193,2011,6,23,2,0,1935593.87,1866369.93,1958823.56,2037880.96,1905427.7275,49218.03342339424,1915889.8083333333
13,2011-06-17,2086433.49,0,63.35,3.704,129.0432,7.193,2011,6,24,2,0,1997816.98,1935593.87,1860923.55,2003435.31,1915176.0825,64734.796903766284,1928004.241666667
13,2011-06-24,2009163.08,0,66.38,3.668,129.0663,7.193,2011,6,25,2,0,2086433.49,1997816.98,1866369.93,1970340.25,1971553.5675000001,93530.49568950219,1951244.913333333
13,2011-07-01,2048035.74,0,74.29,3.613,129.0894,6.877,2011,7,26,3,0,2009163.08,2086433.49,1935593.87,2018314.71,2007251.855,61906.563418314574,1963321.9500000002
13,2011-07-08,2021699.38,0,77.3,3.563,129.1125,6.877,2011,7,27,3,0,2048035.74,2009163.08,1997816.98,1870843.9,2035362.3225000002,40269.64411711013,1976702.8416666666
13,2011-07-15,1956813.31,0,75.59,3.553,129.1338387,6.877,2011,7,28,3,0,2021699.38,2048035.74,2086433.49,1932231.05,2041332.9224999999,34153.39762908949,1982594.9533333331
13,2011-07-22,1987089.36,0,78.5,3.563,129.1507742,6.877,2011,7,29,3,0,1956813.31,2021699.38,2009163.08,1907351.2,2008927.8775,38334.14340311679,1968636.3675
13,2011-07-29,1880785.69,0,77.62,3.574,129.1677097,6.877,2011,7,30,3,0,1987089.36,1956813.31,2048035.74,1817887.23,2003409.4475,39847.9313518882,1976261.8875
13,2011-08-05,2076231.8,0,75.56,3.595,129.1846452,6.877,2011,8,31,3,0,1880785.69,1987089.36,2021699.38,1969121.45,1961596.935,60043.0623634604,1967462.3283333334
13,2011-08-12,1970341.38,0,75.95,3.606,129.2015806,6.877,2011,8,32,3,0,2076231.8,1880785.69,1956813.31,1877592.55,1975230.04,80830.91443413067,1977246.3483333334
13,2011-08-19,2090340.98,0,76.68,3.578,129.2405806,6.877,2011,8,33,3,0,1970341.38,2076231.8,1987089.36,1997397.63,1978612.0575,80083.04245801088,1986364.5008333335
13,2011-08-26,2035244.54,0,81.53,3.57,129.2832581,6.877,2011,8,34,3,0,2090340.98,1970341.38,1880785.69,1908278.27,2004424.9625,98295.71756553961,2005028.7550000001
13,2011-09-02,1953628.82,0,77.0,3.58,129.3259355,6.877,2011,9,35,3,0,2035244.54,2090340.98,2076231.8,1911852.58,2043039.675,53805.00857197657,2013332.9775
13,2011-09-09,1872921.31,1,70.19,3.619,129.3686129,6.877,2011,9,36,3,0,1953628.82,2035244.54,1970341.38,1772143.94,2012388.9300000002,62768.48465030539,2009650.6308333334
13,2011-09-16,1923223.82,0,67.54,3.641,129.4306,6.877,2011,9,37,3,0,1872921.31,1953628.82,2090340.98,1790279.74,1988033.9124999999,95096.79464217441,1991857.9491666667
13,2011-09-23,1847430.96,0,63.6,3.648,129.5183333,6.877,2011,9,38,3,0,1923223.82,1872921.31,2035244.54,1705655.09,1946254.6225,68023.95850345807,1984696.3441666665
13,2011-09-30,1835662.69,0,68.28,3.623,129.6060667,6.877,2011,9,39,3,1,1847430.96,1923223.82,1953628.82,1765584.48,1899301.2275,47993.758054542646,1967979.2791666668
13,2011-10-07,2067232.56,0,60.62,3.592,129.6938,6.392,2011,10,40,4,0,1835662.69,1847430.96,1872921.31,1871924.07,1869809.6949999998,38856.90255322625,1952476.2216666667
13,2011-10-14,1929659.07,0,51.74,3.567,129.7706452,6.392,2011,10,41,4,0,2067232.56,1835662.69,1923223.82,1851431.06,1918387.5075,106546.49475831646,1961677.8258333334
13,2011-10-21,1973544.27,0,54.66,3.579,129.7821613,6.392,2011,10,42,4,0,1929659.07,2067232.56,1847430.96,1796949.59,1919996.32,106692.34856634127,1956891.9683333335
13,2011-10-28,1948733.81,0,47.41,3.567,129.7936774,6.392,2011,10,43,4,0,1973544.27,1929659.07,1835662.69,1887895.07,1951524.6475,96220.7210277299,1964621.8499999999
13,2011-11-04,2036317.54,0,43.51,3.538,129.8051935,6.392,2011,11,44,4,0,1948733.81,1973544.27,2067232.56,1854967.66,1979792.4275000002,60999.47403870092,1953997.0175
13,2011-11-11,2111592.09,0,33.8,3.513,129.8167097,6.392,2011,11,45,4,0,2036317.54,1948733.81,1929659.07,1939964.63,1972063.6725,46451.35252826153,1959495.030833333
13,2011-11-18,2016323.51,0,40.65,3.489,129.8268333,6.392,2011,11,46,4,0,2111592.09,2036317.54,1973544.27,1925393.91,2017546.9275,72728.50768532988,1961265.956666667
13,2011-11-25,2864170.61,1,38.89,3.445,129.8364,6.392,2011,11,47,4,0,2016323.51,2111592.09,1948733.81,2766400.05,2028241.7375,67022.51992173419,1959689.2041666666
13,2011-12-02,2051315.66,0,33.94,3.389,129.8459667,6.392,2011,12,48,4,0,2864170.61,2016323.51,2036317.54,2083379.89,2257100.9375,406786.3854552295,2035567.6866666665
13,2011-12-09,2462779.06,0,24.82,3.341,129.8555333,6.392,2011,12,49,4,0,2051315.66,2864170.61,2111592.09,2461468.35,2260850.4675,404133.44582304213,2050433.8825
13,2011-12-16,2760346.71,0,27.85,3.282,129.8980645,6.392,2011,12,50,4,0,2462779.06,2051315.66,2016323.51,2771646.81,2348647.21,399013.5951481142,2095396.8191666666
13,2011-12-23,3556766.03,0,24.76,3.186,129.9845484,6.392,2011,12,51,4,0,2760346.71,2462779.06,2864170.61,3595903.2,2534653.01,364371.76689157635,2171473.1316666664
13,2011-12-30,1969056.91,1,31.53,3.119,130.0710323,6.392,2011,12,52,4,0,3556766.03,2760346.71,2051315.66,1675292.0,2707801.8649999998,636268.1370081805,2314898.41
13,2012-01-06,1865752.78,0,33.8,3.08,130.1575161,6.104,2012,1,1,1,0,1969056.91,3556766.03,2462779.06,1744544.39,2687237.1774999998,665229.2267106986,2306717.1058333335
13,2012-01-13,1794962.64,0,25.61,3.056,130.244,6.104,2012,1,2,1,0,1865752.78,1969056.91,2760346.71,1682316.31,2537980.6075,788021.752297481,2301391.5816666665
13,2012-01-20,1811606.21,0,32.71,3.047,130.2792258,6.104,2012,1,3,1,0,1794962.64,1865752.78,3556766.03,1770177.37,2296634.59,843123.6093868107,2286509.7791666663
13,2012-01-27,1733983.09,0,34.32,3.058,130.3144516,6.104,2012,1,4,1,0,1811606.21,1794962.64,1969056.91,1633663.12,1860344.635,78523.55508524789,2275082.4791666665
13,2012-02-03,1927780.74,0,31.39,3.077,130.3496774,6.104,2012,2,5,1,0,1733983.09,1811606.21,1865752.78,1848186.58,1801576.1800000002,54258.032328377696,2249887.941666667
13,2012-02-10,2069284.57,1,33.73,3.116,130.3849032,6.104,2012,2,6,1,0,1927780.74,1733983.09,1794962.64,1944438.9,1817083.17,80991.54325861202,2234570.329166667
13,2012-02-17,2214477.06,0,36.57,3.119,130.4546207,6.104,2012,2,7,1,0,2069284.57,1927780.74,1811606.21,2003480.59,1885663.6525,146038.7941986444,2238983.750833333
13,2012-02-24,1929768.03,0,35.38,3.145,130.5502069,6.104,2012,2,8,1,0,2214477.06,2069284.57,1733983.09,1831933.95,1986381.3650000002,204971.1442700904,2184842.6216666666
13,2012-03-02,1969742.76,0,32.36,3.242,130.6457931,6.104,2012,3,9,1,0,1929768.03,2214477.06,1927780.74,1894960.68,2035327.6,136573.24621403203,2174713.6525000003
13,2012-03-09,1986445.65,0,38.24,3.38,130.7413793,6.104,2012,3,10,1,0,1969742.76,1929768.03,2069284.57,1852432.58,2045818.105,126822.1801127621,2133627.294166667
13,2012-03-16,2025582.62,0,52.5,3.529,130.8261935,6.104,2012,3,11,1,0,1986445.65,1969742.76,2214477.06,1852443.78,2025108.375,128465.86819346354,2069135.5391666666
13,2012-03-23,1904421.74,0,47.83,3.671,130.8966452,6.104,2012,3,12,1,0,2025582.62,1986445.65,1929768.03,1807545.43,1977884.765,39706.785969419805,1941536.9216666666
13,2012-03-30,1948982.7,0,53.2,3.734,130.9670968,6.104,2012,3,13,1,0,1904421.74,2025582.62,1969742.76,1864238.64,1971548.1925000001,50500.40860218656,1936150.6575
13,2012-04-06,2271614.76,0,48.85,3.793,131.0375484,5.965,2012,4,14,2,0,1948982.7,1904421.74,1986445.65,1887465.04,1966358.1774999998,51797.91067027722,1943086.4841666666
13,2012-04-13,2057637.86,0,51.7,3.833,131.108,5.965,2012,4,15,2,0,2271614.76,1948982.7,2025582.62,1950994.04,2037650.455,163805.56556785063,1982807.4941666666
13,2012-04-20,1955689.12,0,50.24,3.845,131.1173333,5.965,2012,4,16,2,0,2057637.86,2271614.76,1904421.74,2124316.34,2045664.265,163802.4918890558,2003310.1316666668
13,2012-04-27,1970121.65,0,64.8,3.842,131.1266667,5.965,2012,4,17,2,0,1955689.12,2057637.86,1948982.7,1895583.12,2058481.1099999999,150535.44303980563,2021785.6341666665
13,2012-05-04,1995994.51,0,54.41,3.831,131.136,5.965,2012,5,18,2,0,1970121.65,1955689.12,2271614.76,1986380.4,2063765.8475000001,145703.50877811137,2025314.0433333332
13,2012-05-11,2080764.17,0,56.47,3.809,131.1453333,5.965,2012,5,19,2,0,1995994.51,1970121.65,2057637.86,1958823.56,1994860.7850000001,45050.677454584504,2019206.5383333333
13,2012-05-18,2131900.55,0,65.17,3.808,131.0983226,5.965,2012,5,20,2,0,2080764.17,1995994.51,1955689.12,1860923.55,2000642.3625,55956.57385478943,2008063.7975
13,2012-05-25,2043349.41,0,62.39,3.801,131.0287742,5.965,2012,5,21,2,0,2131900.55,2080764.17,1970121.65,1866369.93,2044695.22,74919.32379023703,2024908.1741666663
13,2012-06-01,2035431.39,0,61.11,3.788,130.9592258,5.965,2012,6,22,2,0,2043349.41,2131900.55,1995994.51,1935593.87,2063002.16,57557.89226195284,2031042.0616666665
13,2012-06-08,2182437.9,0,68.4,3.776,130.8896774,5.965,2012,6,23,2,0,2035431.39,2043349.41,2080764.17,1997816.98,2072861.38,44045.57567169267,2035124.2066666663
13,2012-06-15,2152229.11,0,65.97,3.756,130.8295333,5.965,2012,6,24,2,0,2182437.9,2035431.39,2131900.55,2086433.49,2098279.8125,71134.17137412512,2048195.4800000002
13,2012-06-22,2094373.0,0,72.89,3.737,130.7929,5.965,2012,6,25,2,0,2152229.11,2182437.9,2043349.41,2009163.08,2103361.9524999997,74960.1474874735,2068846.0941666665
13,2012-06-29,2037663.71,0,82.0,3.681,130.7562667,5.965,2012,6,26,2,0,2094373.0,2152229.11,2035431.39,2048035.74,2116117.8499999996,65026.95712713326,2080961.9525
13,2012-07-06,2184980.35,0,79.23,3.63,130.7196333,5.765,2012,7,27,3,0,2037663.71,2094373.0,2182437.9,2021699.38,2116675.9299999997,64106.72586217578,2061466.031666667
13,2012-07-13,2002750.99,0,83.68,3.595,130.683,5.765,2012,7,28,3,0,2184980.35,2037663.71,2152229.11,1956813.31,2117311.5425,64982.71047634989,2072077.905833333
13,2012-07-20,2053089.32,0,75.69,3.556,130.7012903,5.765,2012,7,29,3,0,2002750.99,2184980.35,2094373.0,1987089.36,2079942.0125,79555.46191570697,2075999.7283333335
13,2012-07-27,1914430.53,0,80.42,3.537,130.7195806,5.765,2012,7,30,3,0,2053089.32,2002750.99,2037663.71,1880785.69,2069621.0925,79736.94814315684,2082913.700833333
13,2012-08-03,2044148.23,0,81.99,3.512,130.737871,5.765,2012,8,31,3,0,1914430.53,2053089.32,2184980.35,2076231.8,2038812.7975,113048.91998178024,2076116.7025
13,2012-08-10,2041019.92,0,81.69,3.509,130.7561613,5.765,2012,8,32,3,0,2044148.23,1914430.53,2002750.99,1970341.38,2003604.7674999998,63364.729561850945,2073065.3741666665
13,2012-08-17,2095769.18,0,79.4,3.545,130.7909677,5.765,2012,8,33,3,0,2041019.92,2044148.23,2053089.32,2090340.98,2013172.0,66026.01458789285,2065491.9883333333
13,2012-08-24,2059458.25,0,77.37,3.582,130.8381613,5.765,2012,8,34,3,0,2095769.18,2041019.92,1914430.53,2035244.54,2023841.9649999999,77140.16010407473,2069860.3025000002
13,2012-08-31,2073855.42,0,79.18,3.624,130.8853548,5.765,2012,8,35,3,1,2059458.25,2095769.18,2044148.23,1953628.82,2060098.895,25107.838477181802,2071862.5408333335
13,2012-09-07,2165796.31,1,70.65,3.689,130.9325484,5.765,2012,9,36,3,0,2073855.42,2059458.25,2041019.92,1872921.31,2067525.6925,23132.946495550575,2062814.0008333332
13,2012-09-14,1919917.03,0,68.55,3.749,130.9776667,5.765,2012,9,37,3,0,2165796.31,2073855.42,2095769.18,1923223.82,2098719.79,47144.00298853539,2063944.6008333333
13,2012-09-21,1938379.66,0,67.96,3.821,131.0103333,5.765,2012,9,38,3,0,1919917.03,2165796.31,2059458.25,1847430.96,2054756.7525000002,101486.28359321863,2049406.6033333333
13,2012-09-28,1927664.11,0,64.8,3.821,131.043,5.765,2012,9,39,3,0,1938379.66,1919917.03,2073855.42,1835662.69,2024487.105,116554.58608681179,2041132.9325
13,2012-10-05,2041918.74,0,61.79,3.815,131.0756667,5.621,2012,10,40,4,0,1927664.11,1938379.66,2165796.31,2067232.56,1987939.2774999999,118812.74015379045,2019689.9124999999
13,2012-10-12,1999079.44,0,55.1,3.797,131.1083333,5.621,2012,10,41,4,0,2041918.74,1927664.11,1919917.03,1929659.07,1956969.885,57136.231772152714,2022953.8916666666
13,2012-10-19,2018010.15,0,52.06,3.781,131.1499677,5.621,2012,10,42,4,0,1999079.44,2041918.74,1938379.66,1973544.27,1976760.4874999998,53626.09971757565,2018453.0683333334
13,2012-10-26,2035189.66,0,46.97,3.755,131.1930968,5.621,2012,10,43,4,0,2018010.15,1999079.44,1927664.11,1948733.81,1996668.1099999999,49228.950544460706,2027084.7033333334
14,2011-02-04,1995891.87,0,28.73,3.231,183.4408542,8.549,2011,2,5,1,0,1613718.38,1743188.87,1864746.1,2623469.95,1730187.3125,104573.41274567877,2247281.9841666664
14,2011-02-11,1980405.03,1,30.3,3.239,183.7016129,8.549,2011,2,6,1,0,1995891.87,1613718.38,1699095.9,1704218.84,1762973.7550000001,164316.60222003493,2239257.2183333333
14,2011-02-18,2019031.67,0,40.7,3.245,183.9371353,8.549,2011,2,7,1,0,1980405.03,1995891.87,1743188.87,2204556.7,1833301.0375,186558.39981874896,2240252.4225
14,2011-02-25,1875708.88,0,35.78,3.274,184.1625632,8.549,2011,2,8,1,0,2019031.67,1980405.03,1613718.38,2095591.63,1902261.7375,193015.94249192497,2165029.2525
14,2011-03-04,2041215.61,0,38.65,3.433,184.3879911,8.549,2011,3,9,1,0,1875708.88,2019031.67,1995891.87,2237544.75,1967759.3625,63386.35954635127,2133130.8566666665
14,2011-03-11,1931104.67,0,45.01,3.582,184.613419,8.549,2011,3,10,1,0,2041215.61,1875708.88,1980405.03,2156035.06,1979090.2974999999,73358.28445891377,2086522.219166667
14,2011-03-18,1932491.42,0,46.66,3.631,184.809719,8.549,2011,3,11,1,0,1931104.67,2041215.61,2019031.67,2066219.3,1966765.2075,77109.3903647162,2017209.1575
14,2011-03-25,1879451.23,0,41.76,3.625,184.9943679,8.549,2011,3,12,1,0,1932491.42,1931104.67,1875708.88,2050396.27,1945130.145,69301.70737932855,1860026.2383333333
14,2011-04-01,1869110.55,0,37.27,3.638,185.1790167,8.521,2011,4,13,2,0,1879451.23,1932491.42,2041215.61,2495630.51,1946065.7325,68066.35606172997,1881337.469166667
14,2011-04-08,2037798.88,0,48.71,3.72,185.3636656,8.521,2011,4,14,2,0,1869110.55,1879451.23,1931104.67,2258781.28,1903039.4675,33479.59322985227,1881701.173333333
14,2011-04-15,1974960.86,0,53.69,3.821,185.5339821,8.521,2011,4,15,2,0,2037798.88,1869110.55,1932491.42,2121788.61,1929713.0199999998,77220.85111895438,1909926.4216666669
14,2011-04-22,2256461.39,0,53.04,3.892,185.6684673,8.521,2011,4,16,2,0,1974960.86,2037798.88,1879451.23,2138144.91,1940330.3800000001,80576.90679765583,1929240.7541666667
14,2011-04-29,1930617.64,0,66.18,3.962,185.8029526,8.521,2011,4,17,2,0,2256461.39,1974960.86,1869110.55,2082355.12,2034582.92,163479.1455816565,1982802.6716666669
14,2011-05-06,2095599.93,0,58.21,4.046,185.9374378,8.521,2011,5,18,2,0,1930617.64,2256461.39,2037798.88,2370116.52,2049959.6925000001,144520.1102526563,1977363.1524999999
14,2011-05-13,2004330.3,0,60.38,4.066,186.0719231,8.521,2011,5,19,2,0,2095599.93,1930617.64,1974960.86,2129771.13,2064409.955,145783.04928379063,1986962.7274999998
14,2011-05-20,1959967.8,0,62.28,4.062,185.9661154,8.521,2011,5,20,2,0,2004330.3,2095599.93,2256461.39,2108187.1,2071752.315,140417.08789954067,1985737.6133333333
14,2011-05-27,2080694.24,0,69.7,3.985,185.8603077,8.521,2011,5,21,2,0,1959967.8,2004330.3,1930617.64,2227152.16,1997628.9175,72000.22893764435,1992759.1900000002
14,2011-06-03,2079899.47,0,76.38,3.922,185.7545,8.521,2011,6,22,2,0,2080694.24,1959967.8,2095599.93,2363601.47,2035148.0675,64111.072689451816,1996049.0758333334
14,2011-06-10,2132446.0,0,73.88,3.881,185.6486923,8.521,2011,6,23,2,0,2079899.47,2080694.24,2004330.3,2249570.04,2031222.9525000001,59490.40023152679,2008448.6425
14,2011-06-17,2082083.34,0,69.32,3.842,185.6719333,8.521,2011,6,24,2,0,2132446.0,2079899.47,1959967.8,2248645.59,2063251.8775,73113.62298778685,2025111.5241666667
14,2011-06-24,2069523.52,0,74.85,3.804,185.7919609,8.521,2011,6,25,2,0,2082083.34,2132446.0,2080694.24,2246179.91,2093780.7625,25792.619336357206,2041997.5333333334
14,2011-07-01,2074668.19,0,74.04,3.748,185.9119885,8.625,2011,7,26,3,0,2069523.52,2082083.34,2079899.47,2334788.42,2090988.0825,28176.456678829592,2058698.6141666668
14,2011-07-08,2063401.06,0,77.49,3.711,186.032016,8.625,2011,7,27,3,0,2074668.19,2069523.52,2132446.0,2236209.13,2089680.2625,28972.850074674403,2061771.0566666666
14,2011-07-15,1953544.76,0,78.47,3.76,186.1399808,8.625,2011,7,28,3,0,2063401.06,2074668.19,2082083.34,2130287.27,2072419.0275,7919.708950141901,2069141.0733333332
14,2011-07-22,1882070.88,0,82.33,3.811,186.2177885,8.625,2011,7,29,3,0,1953544.76,2063401.06,2069523.52,2044155.39,2040284.3824999998,58009.5287288351,2043898.0208333333
14,2011-07-29,1871021.01,0,81.31,3.829,186.2955962,8.625,2011,7,30,3,0,1882070.88,1953544.76,2074668.19,2054843.28,1993421.2225000001,92172.44422070301,2039852.4575000003
14,2011-08-05,2066020.69,0,78.22,3.842,186.3734038,8.625,2011,8,31,3,0,1871021.01,1882070.88,2063401.06,2219813.5,1942509.4275,88506.0774419226,2021137.5475
14,2011-08-12,1928773.82,0,77.0,3.812,186.4512115,8.625,2011,8,32,3,0,2066020.69,1871021.01,1953544.76,2052984.81,1943164.335,89700.43993381788,2026278.4133333333
14,2011-08-19,1896873.99,0,72.98,3.747,186.5093071,8.625,2011,8,33,3,0,1928773.82,2066020.69,1882070.88,2057138.31,1936971.6,89599.9267198828,2023678.915
14,2011-08-26,2273470.62,0,72.55,3.704,186.5641172,8.625,2011,8,34,3,0,1896873.99,1928773.82,1871021.01,2020332.07,1940672.3775,86839.67384285587,2008360.560833333
14,2011-09-02,1750891.47,0,70.63,3.703,186.6189274,8.625,2011,9,35,3,0,2273470.62,1896873.99,2066020.69,2182563.66,2041284.78,171304.13687219343,2024491.49
14,2011-09-09,2202742.9,1,71.48,3.738,186.6737376,8.625,2011,9,36,3,0,1750891.47,2273470.62,1928773.82,2191767.76,1962502.475,221303.05379227336,1992695.2791666668
14,2011-09-16,1864637.89,0,69.17,3.742,186.8024,8.625,2011,9,37,3,0,2202742.9,1750891.47,1896873.99,1953539.85,2030994.745,248151.96976209118,2002750.2425
14,2011-09-23,1871555.64,0,63.75,3.711,187.0295321,8.625,2011,9,38,3,0,1864637.89,2202742.9,2273470.62,1879891.13,2022935.72,254404.29440710836,1985676.4400000002
14,2011-09-30,1809989.29,0,70.66,3.645,187.2566641,8.625,2011,9,39,3,1,1871555.64,1864637.89,1750891.47,1855703.66,1922456.975,194875.10081590925,1968750.3941666668
14,2011-10-07,2078796.76,0,55.82,3.583,187.4837962,8.523,2011,10,40,4,0,1809989.29,1871555.64,2202742.9,2091663.2,1937231.4300000002,179136.8511643156,1947632.7466666668
14,2011-10-14,1890870.75,0,63.82,3.541,187.6917481,8.523,2011,10,41,4,0,2078796.76,1809989.29,1864637.89,1932162.63,1906244.895,118284.64944984995,1958070.413333333
14,2011-10-21,2009004.59,0,59.6,3.57,187.7846197,8.523,2011,10,42,4,0,1890870.75,2078796.76,1871555.64,1936621.09,1912803.11,115912.2593744765,1958803.735833333
14,2011-10-28,2056846.12,0,51.78,3.569,187.8774913,8.523,2011,10,43,4,0,2009004.59,1890870.75,1809989.29,1984768.34,1947165.3475000001,119912.84769733327,1970302.3675000004
14,2011-11-04,2174056.71,0,43.92,3.551,187.9703629,8.523,2011,11,44,4,0,2056846.12,2009004.59,2078796.76,2078417.47,2008879.555,83895.37254658846,1969537.82
14,2011-11-11,2081534.65,0,47.65,3.53,188.0632345,8.523,2011,11,45,4,0,2174056.71,2056846.12,1890870.75,2092189.06,2032694.5425,117248.68594085805,1989978.0608333333
14,2011-11-18,1969360.72,0,51.34,3.53,188.1983654,8.523,2011,11,46,4,0,2081534.65,2174056.71,2009004.59,1968462.58,2080360.5175,69342.02755255939,2005366.4491666667
14,2011-11-25,2685351.81,1,48.71,3.492,188.3504,8.523,2011,11,47,4,0,1969360.72,2081534.65,2056846.12,2921709.71,2070449.55,84184.9707564861,1980023.9575000003
14,2011-12-02,2143080.57,0,50.19,3.452,188.5024346,8.523,2011,12,48,4,0,2685351.81,1969360.72,2174056.71,2258489.63,2227575.9725,316452.32045210205,2057895.6524999999
14,2011-12-09,2470581.29,0,46.57,3.415,188.6544692,8.523,2011,12,49,4,0,2143080.57,2685351.81,2081534.65,2600519.26,2219831.9375,318570.5022080816,2052923.7916666667
14,2011-12-16,2594363.09,0,39.93,3.413,188.7979349,8.523,2011,12,50,4,0,2470581.29,2143080.57,1969360.72,2762861.41,2317093.5974999997,321647.46263407555,2103419.0749999997
14,2011-12-23,3369068.99,0,42.27,3.389,188.9299752,8.523,2011,12,51,4,0,2594363.09,2470581.29,2685351.81,3818686.45,2473344.19,237117.76076258702,2163653.0291666663
14,2011-12-30,1914148.89,1,37.79,3.389,189.0620155,8.523,2011,12,52,4,0,3369068.99,2594363.09,2143080.57,1623716.46,2644273.485,519353.0874229907,2293576.3375
14,2012-01-06,1859144.96,0,35.88,3.422,189.1940558,8.424,2012,1,1,1,0,1914148.89,3369068.99,2470581.29,1864746.1,2587040.565,599435.3025690621,2279855.6816666666
14,2012-01-13,1696248.27,0,41.18,3.513,189.3260962,8.424,2012,1,2,1,0,1859144.96,1914148.89,2594363.09,1699095.9,2434181.4825,707289.1201698715,2277211.865833333
14,2012-01-20,1789113.32,0,31.85,3.533,189.4214733,8.424,2012,1,3,1,0,1696248.27,1859144.96,3369068.99,1743188.87,2209652.7775000003,778461.8208975508,2251148.8391666664
14,2012-01-27,1595362.27,0,37.93,3.567,189.5168505,8.424,2012,1,4,1,0,1789113.32,1696248.27,1914148.89,1613718.38,1814663.86,94076.07117054047,2228837.7725
14,2012-02-03,1877410.36,0,42.96,3.617,189.6122277,8.424,2012,2,5,1,0,1595362.27,1789113.32,1859144.96,1995891.87,1734967.205,114514.35195398745,2180613.2358333333
14,2012-02-10,2077256.24,1,37.0,3.64,189.7076048,8.424,2012,2,6,1,0,1877410.36,1595362.27,1696248.27,1980405.03,1739533.555,121280.86104925926,2163602.8783333334
14,2012-02-17,2020550.99,0,36.85,3.695,189.8424834,8.424,2012,2,7,1,0,2077256.24,1877410.36,1789113.32,2019031.67,1834785.5475,200015.30736066742,2172594.1716666664
14,2012-02-24,1875040.16,0,42.86,3.739,190.0069881,8.424,2012,2,8,1,0,2020550.99,2077256.24,1595362.27,1875708.88,1892644.965,215290.7863211974,2117194.103333333
14,2012-03-02,1926004.99,0,41.55,3.816,190.1714927,8.424,2012,3,9,1,0,1875040.16,2020550.99,1877410.36,2041215.61,1962564.4375,102352.9284686248,2094857.4024999999
14,2012-03-09,2020839.31,0,45.52,3.848,190.3359973,8.424,2012,3,10,1,0,1926004.99,1875040.16,2077256.24,1931104.67,1974713.095,91147.10210922835,2049476.0441666667
14,2012-03-16,1941040.5,0,50.56,3.862,190.4618964,8.424,2012,3,11,1,0,2020839.31,1926004.99,2020550.99,1932491.42,1960608.8625,72434.32955629373,2001682.3958333333
14,2012-03-23,1893447.71,0,59.45,3.9,190.5363213,8.424,2012,3,12,1,0,1941040.5,2020839.31,1875040.16,1879451.23,1940731.24,60414.068316092504,1882680.0216666665
14,2012-03-30,1905033.01,0,50.04,3.953,190.6107463,8.424,2012,3,13,1,0,1893447.71,1941040.5,1926004.99,1869110.55,1945333.1275000002,54114.9507836431,1880954.9233333336
14,2012-04-06,2376022.26,0,49.73,3.996,190.6851712,8.567,2012,4,14,2,0,1905033.01,1893447.71,2020839.31,2037798.88,1940090.1325,57520.5768398381,1884778.9275000002
14,2012-04-13,1912909.69,0,51.83,4.044,190.7595962,8.567,2012,4,15,2,0,2376022.26,1905033.01,1941040.5,1974960.86,2028885.8699999999,232309.784847042,1941426.76
14,2012-04-20,1875686.44,0,63.13,4.027,190.8138013,8.567,2012,4,16,2,0,1912909.69,2376022.26,1893447.71,2256461.39,2021853.1675,236247.98982296712,1951743.1241666668
14,2012-04-27,1784029.95,0,53.2,4.004,190.8680064,8.567,2012,4,17,2,0,1875686.44,1912909.69,1905033.01,1930617.64,2017412.8499999999,239608.8639988444,1975103.4716666667
14,2012-05-04,1949354.29,0,55.21,3.951,190.9222115,8.567,2012,5,18,2,0,1784029.95,1875686.44,2376022.26,2095599.93,1987162.085,264836.51407493756,1967321.770833333
14,2012-05-11,1987531.05,0,61.24,3.889,190.9764167,8.567,2012,5,19,2,0,1949354.29,1784029.95,1912909.69,2004330.3,1880495.0925,70995.1690089909,1956663.2750000001
14,2012-05-18,1932233.17,0,66.3,3.848,190.9964479,8.567,2012,5,20,2,0,1987531.05,1949354.29,1875686.44,1959967.8,1899150.4324999999,89693.6365127387,1953911.6133333333
14,2012-05-25,2030869.61,0,67.21,3.798,191.0028096,8.567,2012,5,21,2,0,1932233.17,1987531.05,1784029.95,2080694.24,1913287.115,89217.65651235265,1958677.6975
14,2012-06-01,2049485.49,0,74.48,3.742,191.0091712,8.567,2012,6,22,2,0,2030869.61,1932233.17,1949354.29,2079899.47,1974997.03,43837.36872436187,1967416.4158333333
14,2012-06-08,2099615.88,0,64.3,3.689,191.0155329,8.567,2012,6,23,2,0,2049485.49,2030869.61,1987531.05,2132446.0,2000029.83,52120.248608804715,1969803.5975000001
14,2012-06-15,1905733.68,0,71.93,3.62,191.0299731,8.567,2012,6,24,2,0,2099615.88,2049485.49,1932233.17,2082083.34,2028051.0375,70166.39869912215,1983018.2125000001
14,2012-06-22,1660228.88,0,74.22,3.564,191.0646096,8.567,2012,6,25,2,0,1905733.68,2099615.88,2030869.61,2069523.52,2021426.165,82411.34021921743,1984042.0433333332
14,2012-06-29,1591835.02,0,75.22,3.506,191.0992462,8.567,2012,6,26,2,0,1660228.88,1905733.68,2049485.49,2074668.19,1928765.9825,196981.85140121708,1963641.6991666665
14,2012-07-06,1862128.95,0,82.99,3.475,191.1338827,8.684,2012,7,27,3,0,1591835.02,1660228.88,2099615.88,2063401.06,1814353.3649999998,233090.7085032799,1898292.7625
14,2012-07-13,1544422.35,0,79.97,3.523,191.1685192,8.684,2012,7,28,3,0,1862128.95,1591835.02,1905733.68,1953544.76,1754981.6325,152535.92882710646,1894061.0341666664
14,2012-07-20,1553250.16,0,78.89,3.567,191.1670428,8.684,2012,7,29,3,0,1544422.35,1862128.95,1660228.88,1882070.88,1664653.7999999998,139969.2717162417,1866455.6933333334
14,2012-07-27,1479514.66,0,77.2,3.647,191.1655664,8.684,2012,7,30,3,0,1553250.16,1544422.35,1591835.02,1871021.01,1637909.1199999999,150890.98772442655,1847224.0441666667
14,2012-08-03,1656886.46,0,76.58,3.654,191.16409,8.684,2012,8,31,3,0,1479514.66,1553250.16,1862128.95,2066020.69,1609829.03,171382.89196961734,1808070.7416666665
14,2012-08-10,1648570.03,0,78.65,3.722,191.1626135,8.684,2012,8,32,3,0,1656886.46,1479514.66,1544422.35,1928773.82,1558518.4075,73358.29682786956,1780517.0258333336
14,2012-08-17,1660433.3,0,75.71,3.807,191.2284919,8.684,2012,8,33,3,0,1648570.03,1656886.46,1553250.16,1896873.99,1584555.3275,84346.9624150762,1756878.4308333332
14,2012-08-24,1621841.33,0,72.62,3.834,191.3448865,8.684,2012,8,34,3,0,1660433.3,1648570.03,1479514.66,2273470.62,1611351.1125,88031.48495357293,1726008.7383333333
14,2012-08-31,1613342.19,0,75.09,3.867,191.461281,8.684,2012,8,35,3,1,1621841.33,1660433.3,1656886.46,1750891.47,1646932.78,17450.89526340911,1690371.7249999999
14,2012-09-07,1904512.34,1,75.7,3.911,191.5776756,8.684,2012,9,36,3,0,1613342.19,1621841.33,1648570.03,2202742.9,1636046.7125,22127.11281837294,1649848.9174999997
14,2012-09-14,1554794.22,0,67.87,3.948,191.69985,8.684,2012,9,37,3,0,1904512.34,1613342.19,1660433.3,1864637.89,1700032.29,137851.5753999681,1649747.1391666664
14,2012-09-21,1565352.46,0,65.32,4.038,191.8567038,8.684,2012,9,38,3,0,1554794.22,1904512.34,1621841.33,1871555.64,1673622.52,156785.71755026325,1640960.9175000002
14,2012-09-28,1522512.2,0,64.88,3.997,192.0135577,8.684,2012,9,39,3,0,1565352.46,1554794.22,1613342.19,1809989.29,1659500.3025,165316.5144295141,1638754.0375000003
14,2012-10-05,1687592.16,0,64.89,3.985,192.1704115,8.667,2012,10,40,4,0,1522512.2,1565352.46,1904512.34,2078796.76,1636792.805,179407.63355694516,1610452.6416666666
14,2012-10-12,1639585.61,0,54.47,4.0,192.3272654,8.667,2012,10,41,4,0,1687592.16,1522512.2,1554794.22,1890870.75,1582562.7599999998,72352.21917928444,1622383.4591666667
14,2012-10-19,1590274.72,0,56.47,3.969,192.3308542,8.667,2012,10,42,4,0,1639585.61,1687592.16,1565352.46,2009004.59,1603760.6075,73909.06465461287,1629578.08
14,2012-10-26,1704357.62,0,58.85,3.882,192.3088989,8.667,2012,10,43,4,0,1590274.72,1639585.61,1522512.2,2056846.12,1609991.1724999999,70566.87872924318,1638808.085
15,2011-02-04,556550.85,0,20.69,3.4,133.1834194,7.771,2011,2,5,1,0,481119.6,487311.03,509640.77,652122.44,489373.89999999997,13929.961124774578,733556.7958333334
15,2011-02-11,582864.35,1,21.64,3.416,133.260871,7.771,2011,2,6,1,0,556550.85,481119.6,479424.2,682447.1,501101.42000000004,37121.37363261759,728299.3883333333
15,2011-02-18,649993.5,0,33.06,3.42,133.3701429,7.771,2011,2,7,1,0,582864.35,556550.85,487311.03,660838.75,526961.4575,50577.655930816145,726188.0166666666
15,2011-02-25,547564.09,0,20.87,3.452,133.4921429,7.771,2011,2,8,1,0,649993.5,582864.35,481119.6,564883.2,567632.075,69815.53888123539,687019.2316666666
15,2011-03-04,573374.49,0,28.16,3.605,133.6141429,7.771,2011,3,9,1,0,547564.09,649993.5,556550.85,605325.43,584243.1975,46322.15645644618,669804.9933333333
15,2011-03-11,537035.28,0,34.27,3.752,133.7361429,7.771,2011,3,10,1,0,573374.49,547564.09,582864.35,604173.59,588449.1074999999,43656.73110863063,646978.3641666666
15,2011-03-18,551553.99,0,40.23,3.796,133.8492258,7.771,2011,3,11,1,0,537035.28,573374.49,649993.5,593710.67,576991.84,51006.03474385343,609745.875
15,2011-03-25,527389.28,0,32.63,3.789,133.9587419,7.771,2011,3,12,1,0,551553.99,537035.28,547564.09,592111.49,552381.9624999999,15276.390372951488,541682.1933333334
15,2011-04-01,542556.05,0,30.34,3.811,134.0682581,7.658,2011,4,13,2,0,527389.28,551553.99,573374.49,718470.71,547338.26,19998.09034187963,540318.4525
15,2011-04-08,587370.81,0,40.94,3.895,134.1777742,7.658,2011,4,14,2,0,542556.05,527389.28,537035.28,634605.77,539633.65,10121.117376204735,543061.3925
15,2011-04-15,607691.36,0,48.63,3.981,134.2784667,7.658,2011,4,15,2,0,587370.81,542556.05,551553.99,641208.65,552217.5325,25468.80165969221,552056.9433333334
15,2011-04-22,655318.26,0,41.37,4.061,134.3571,7.658,2011,4,16,2,0,607691.36,587370.81,527389.28,643097.6,566251.875,37572.30249870884,562088.6375000001
15,2011-04-29,560764.41,0,55.46,4.117,134.4357333,7.658,2011,4,17,2,0,655318.26,607691.36,542556.05,570791.11,598234.12,46783.53489223016,576605.1925
15,2011-05-06,630522.67,0,49.87,4.192,134.5143667,7.658,2011,5,18,2,0,560764.41,655318.26,587370.81,661348.88,602786.21,39946.393271167595,576956.3225
15,2011-05-13,630482.91,0,57.07,4.211,134.593,7.658,2011,5,19,2,0,630522.67,560764.41,607691.36,594385.2,613574.175,40221.46569072729,580927.8491666667
15,2011-05-20,593941.9,0,57.19,4.202,134.6803871,7.658,2011,5,20,2,0,630482.91,630522.67,655318.26,616598.1,619272.0625,40721.546409963485,579301.9666666667
15,2011-05-27,636193.24,0,65.87,4.134,134.7677742,7.658,2011,5,21,2,0,593941.9,630482.91,560764.41,744772.88,603927.9725,33542.29873066458,583166.7841666667
15,2011-06-03,695396.19,0,69.8,4.069,134.8551613,7.658,2011,6,22,2,0,636193.24,593941.9,630522.67,693192.5,622785.18,19415.068656195515,588401.68
15,2011-06-10,642679.81,0,69.86,4.025,134.9425484,7.658,2011,6,23,2,0,695396.19,636193.24,630482.91,619337.29,639003.56,41996.75104575256,601598.4225
15,2011-06-17,639928.85,0,63.9,3.989,135.0837333,7.658,2011,6,24,2,0,642679.81,695396.19,593941.9,652329.53,642052.785,41612.912821359736,609192.2408333333
15,2011-06-24,656594.95,0,69.96,3.964,135.2652667,7.658,2011,6,25,2,0,639928.85,642679.81,636193.24,672194.03,653549.5225,28024.141332427673,618570.5383333333
15,2011-07-01,674669.16,0,67.43,3.916,135.4468,7.806,2011,7,26,3,0,656594.95,639928.85,695396.19,709337.11,658649.95,25560.608599735187,628073.7799999999
15,2011-07-08,635118.48,0,73.47,3.886,135.6283333,7.806,2011,7,27,3,0,674669.16,656594.95,642679.81,691497.62,653468.1925,15905.561162665197,635348.6425
15,2011-07-15,624114.56,0,73.34,3.915,135.7837419,7.806,2011,7,28,3,0,635118.48,674669.16,639928.85,633203.69,651577.86,17934.974693058768,637634.2358333333
15,2011-07-22,607475.44,0,79.97,3.972,135.8738387,7.806,2011,7,29,3,0,624114.56,635118.48,656594.95,598553.43,647624.2875,22516.663626307534,635033.9275
15,2011-07-29,577511.02,0,74.67,4.004,135.9639355,7.806,2011,7,30,3,0,607475.44,624114.56,674669.16,619224.06,635344.41,28573.157723115834,638926.5133333333
15,2011-08-05,607961.21,0,73.63,4.02,136.0540323,7.806,2011,8,31,3,0,577511.02,607475.44,635118.48,639651.24,611054.875,25083.95915769576,634508.8758333334
15,2011-08-12,590836.37,0,70.63,3.995,136.144129,7.806,2011,8,32,3,0,607961.21,577511.02,624114.56,622437.08,604265.5575,19440.07347506539,632632.0675
15,2011-08-19,599488.98,0,70.41,3.942,136.183129,7.806,2011,8,33,3,0,590836.37,607961.21,607475.44,637090.44,595946.01,14642.974019348483,632373.2733333333
15,2011-08-26,605413.17,0,69.19,3.906,136.2136129,7.806,2011,8,34,3,0,599488.98,590836.37,577511.02,649791.15,593949.395,12999.090466349886,629314.5850000001
15,2011-09-02,649159.68,0,67.63,3.879,136.2440968,7.806,2011,9,35,3,0,605413.17,599488.98,607961.21,638647.21,600924.9325,7604.703145892006,621816.0
15,2011-09-09,607593.51,1,67.59,3.93,136.2745806,7.806,2011,9,36,3,0,649159.68,605413.17,590836.37,641965.2,611224.55,25988.76496076678,622355.9891666666
15,2011-09-16,545052.34,0,62.1,3.937,136.3145,7.806,2011,9,37,3,0,607593.51,649159.68,599488.98,583210.87,615413.835,22756.34596533629,619661.3775
15,2011-09-23,545570.86,0,59.0,3.899,136.367,7.806,2011,9,38,3,0,545052.34,607593.51,605413.17,548542.47,601804.675,42855.78869232585,610366.16
15,2011-09-30,521297.31,0,64.87,3.858,136.4195,7.806,2011,9,39,3,1,545570.86,545052.34,649159.68,566945.95,586844.0975,50871.737635216945,599607.9683333334
15,2011-10-07,579068.88,0,51.24,3.775,136.472,7.866,2011,10,40,4,0,521297.31,545570.86,607593.51,591603.79,554878.505,36922.23442060666,590122.8708333333
15,2011-10-14,537300.94,0,61.3,3.744,136.5150968,7.866,2011,10,41,4,0,579068.88,521297.31,545052.34,577011.26,547747.3474999999,23753.196593034743,586369.0641666667
15,2011-10-21,603318.89,0,51.67,3.757,136.5017742,7.866,2011,10,42,4,0,537300.94,579068.88,545570.86,600395.73,545809.4975,24354.919824018285,580521.1891666666
15,2011-10-28,589842.69,0,45.54,3.757,136.4884516,7.866,2011,10,43,4,0,603318.89,537300.94,521297.31,598301.5,560246.505,37652.13979995243,582671.8450000001
15,2011-11-04,615121.78,0,43.39,3.738,136.475129,7.866,2011,11,44,4,0,589842.69,603318.89,579068.88,612987.64,577382.85,28503.37985874404,581161.9683333334
15,2011-11-11,618949.82,0,47.13,3.719,136.4618065,7.866,2011,11,45,4,0,615121.78,589842.69,537300.94,619639.74,586396.075,34320.835415711466,583185.7525000001
15,2011-11-18,597856.51,0,46.53,3.717,136.4666667,7.866,2011,11,46,4,0,618949.82,615121.78,603318.89,608200.81,606808.2949999999,13121.716890207155,584807.4891666666
15,2011-11-25,1066478.1,1,41.1,3.689,136.4788,7.866,2011,11,47,4,0,597856.51,618949.82,589842.69,1120018.92,605442.7,13868.879683862282,584177.7675
15,2011-12-02,699028.66,0,45.67,3.666,136.4909333,7.866,2011,12,48,4,0,1066478.1,597856.51,615121.78,754134.95,724601.5525,228102.30796417443,618954.3025
15,2011-12-09,764565.55,0,38.53,3.627,136.5030667,7.866,2011,12,49,4,0,699028.66,1066478.1,618949.82,847294.04,745578.2725000001,218327.00994309766,626573.8983333333
15,2011-12-16,870415.49,0,35.49,3.611,136.5335161,7.866,2011,12,50,4,0,764565.55,699028.66,597856.51,983825.15,781982.2050000001,201680.28851835383,644866.6658333333
15,2011-12-23,1182691.87,0,34.93,3.587,136.5883871,7.866,2011,12,51,4,0,870415.49,764565.55,1066478.1,1368318.17,850121.9500000001,160593.5773648678,671937.0516666666
15,2011-12-30,603460.79,1,31.44,3.566,136.6432581,7.866,2011,12,52,4,0,1182691.87,870415.49,699028.66,543754.17,879175.3925000001,214310.7161997256,727053.265
15,2012-01-06,516087.65,0,30.24,3.585,136.698129,7.943,2012,1,1,1,0,603460.79,1182691.87,764565.55,509640.77,855283.425,244315.12546391136,729085.9241666667
15,2012-01-13,454183.42,0,36.26,3.666,136.753,7.943,2012,1,2,1,0,516087.65,603460.79,870415.49,479424.2,793163.9500000001,300254.53969788854,727318.15
15,2012-01-20,492721.85,0,21.39,3.705,136.8564194,7.943,2012,1,3,1,0,454183.42,516087.65,1182691.87,487311.03,689105.9325,334706.8772772982,714890.1941666667
15,2012-01-27,466045.63,0,30.87,3.737,136.9598387,7.943,2012,1,4,1,0,492721.85,454183.42,603460.79,481119.6,516613.4275,63274.676680521974,706796.7908333334
15,2012-02-03,523831.64,0,35.3,3.796,137.0632581,7.943,2012,2,5,1,0,466045.63,492721.85,516087.65,556550.85,482259.6375,27718.58791744856,694373.7783333333
15,2012-02-10,628218.22,1,31.91,3.826,137.1666774,7.943,2012,2,6,1,0,523831.64,466045.63,454183.42,582864.35,484195.63499999995,30950.847943644454,686447.2633333333
15,2012-02-17,598502.83,0,30.26,3.874,137.2583103,7.943,2012,2,7,1,0,628218.22,523831.64,492721.85,649993.5,527704.335,71048.36147162438,688977.4058333334
15,2012-02-24,561137.06,0,33.18,3.917,137.3411034,7.943,2012,2,8,1,0,598502.83,628218.22,466045.63,547564.09,554149.58,73336.79774041928,649979.4666666667
15,2012-03-02,541292.64,0,33.24,3.983,137.4238966,7.943,2012,3,9,1,0,561137.06,598502.83,523831.64,573374.49,577922.4375,45316.59580015613,638488.5
15,2012-03-09,545120.67,0,36.97,4.021,137.5066897,7.943,2012,3,10,1,0,541292.64,561137.06,628218.22,537035.28,582287.6875,38731.93180998156,619882.4241666667
15,2012-03-16,570611.23,0,47.42,4.021,137.5843871,7.943,2012,3,11,1,0,545120.67,541292.64,598502.83,551553.99,561513.3,26114.876317980852,592774.5225000001
15,2012-03-23,565481.88,0,58.92,4.054,137.6552903,7.943,2012,3,12,1,0,570611.23,545120.67,561137.06,527389.28,554540.4,13735.864956799722,541767.8025
15,2012-03-30,557547.25,0,42.65,4.098,137.7261935,7.943,2012,3,13,1,0,565481.88,570611.23,541292.64,542556.05,555626.605,14577.41008731218,538602.8933333333
15,2012-04-06,659950.36,0,40.01,4.143,137.7970968,8.15,2012,4,14,2,0,557547.25,565481.88,545120.67,587370.81,559690.2575000001,11100.689056582347,542057.86
15,2012-04-13,558585.13,0,43.52,4.187,137.868,8.15,2012,4,15,2,0,659950.36,557547.25,570611.23,607691.36,588397.68,48003.56493570406,559205.105
15,2012-04-20,534780.57,0,54.47,4.17,137.9230667,8.15,2012,4,16,2,0,558585.13,659950.36,565481.88,655318.26,585391.155,49830.714434662266,564693.7116666667
15,2012-04-27,527402.62,0,41.57,4.163,137.9781333,8.15,2012,4,17,2,0,534780.57,558585.13,557547.25,560764.41,577715.8275,55912.75876248095,570421.6233333334
15,2012-05-04,577868.38,0,51.04,4.124,138.0332,8.15,2012,5,18,2,0,527402.62,534780.57,659950.36,630522.67,570179.6699999999,61308.46170091997,570719.205
15,2012-05-11,579539.95,0,54.23,4.055,138.0882667,8.15,2012,5,19,2,0,577868.38,527402.62,558585.13,630482.91,549659.175,23037.354062532584,566523.385
15,2012-05-18,600050.98,0,58.84,4.029,138.1065806,8.15,2012,5,20,2,0,579539.95,577868.38,534780.57,593941.9,554897.88,27662.073724614034,564943.1449999999
15,2012-05-25,693780.42,0,67.97,3.979,138.1101935,8.15,2012,5,21,2,0,600050.98,579539.95,527402.62,636193.24,571215.4825,30900.97431484312,568185.9716666667
15,2012-06-01,663971.26,0,67.61,3.915,138.1138065,8.15,2012,6,22,2,0,693780.42,600050.98,577868.38,695396.19,612809.9325,54914.523098917685,580893.2866666666
15,2012-06-08,611390.67,0,59.35,3.871,138.1174194,8.15,2012,6,23,2,0,663971.26,693780.42,579539.95,642679.81,634335.6525000001,53509.990954721194,590797.5025
15,2012-06-15,636737.65,0,67.7,3.786,138.1295333,8.15,2012,6,24,2,0,611390.67,663971.26,600050.98,639928.85,642298.3325,44197.44907514535,594195.7891666667
15,2012-06-22,687085.6,0,74.28,3.722,138.1629,8.15,2012,6,25,2,0,636737.65,611390.67,693780.42,656594.95,651470.0,35448.77981884333,600133.77
15,2012-06-29,624099.48,0,68.91,3.667,138.1962667,8.15,2012,6,26,2,0,687085.6,636737.65,663971.26,674669.16,649796.295,32847.84184189277,610928.6325
15,2012-07-06,678024.75,0,74.64,3.646,138.2296333,8.193,2012,7,27,3,0,624099.48,687085.6,611390.67,635118.48,639828.35,33160.71520796315,607941.0591666667
15,2012-07-13,591335.5,0,72.62,3.689,138.263,8.193,2012,7,28,3,0,678024.75,624099.48,636737.65,624114.56,656486.87,30763.275043071004,617894.3608333333
15,2012-07-20,592369.22,0,75.31,3.732,138.2331935,8.193,2012,7,29,3,0,591335.5,678024.75,687085.6,607475.44,645136.3325,45381.59608710633,622607.2716666666
15,2012-07-27,571190.83,0,73.9,3.82,138.2033871,8.193,2012,7,30,3,0,592369.22,591335.5,624099.48,577511.02,621457.2374999999,40662.41814405051,628021.155
15,2012-08-03,590739.62,0,73.13,3.819,138.1735806,8.193,2012,8,31,3,0,571190.83,592369.22,678024.75,607961.21,608230.075,47540.14343789352,627464.6925
15,2012-08-10,590453.63,0,73.99,3.863,138.1437742,8.193,2012,8,32,3,0,590739.62,571190.83,591335.5,590836.37,586408.7925,10167.621686161072,628397.9983333334
15,2012-08-17,579738.2,0,70.29,3.963,138.1857097,8.193,2012,8,33,3,0,590453.63,590739.62,592369.22,599488.98,586188.325,10033.866522853232,627598.2191666666
15,2012-08-24,606210.77,0,66.98,3.997,138.2814516,8.193,2012,8,34,3,0,579738.2,590453.63,571190.83,605413.17,583030.5700000001,9408.336997043461,618094.7008333333
15,2012-08-31,610185.32,0,71.42,4.026,138.3771935,8.193,2012,8,35,3,1,606210.77,579738.2,590739.62,649159.68,591785.5549999999,10894.854971060071,613281.3266666667
15,2012-09-07,587259.82,1,71.61,4.076,138.4729355,8.193,2012,9,36,3,0,610185.32,606210.77,590453.63,607593.51,596646.98,14130.54793027964,613180.8808333334
15,2012-09-14,527509.76,0,65.44,4.088,138.5673,8.193,2012,9,37,3,0,587259.82,610185.32,579738.2,545052.34,595848.5275,14676.83250902441,609057.7283333334
15,2012-09-21,533161.64,0,60.34,4.203,138.6534,8.193,2012,9,38,3,0,527509.76,587259.82,606210.77,545570.86,582791.4175,38187.78269965093,595759.7416666667
15,2012-09-28,553901.97,0,57.13,4.158,138.7395,8.193,2012,9,39,3,0,533161.64,527509.76,610185.32,521297.31,564529.135,40642.85561361847,588181.5883333333
15,2012-10-05,573498.64,0,59.57,4.151,138.8256,7.992,2012,10,40,4,0,553901.97,533161.64,587259.82,579068.88,550458.2975,27030.97404007552,577838.0233333333
15,2012-10-12,551799.63,0,49.12,4.186,138.9117,7.992,2012,10,41,4,0,573498.64,553901.97,527509.76,537300.94,547018.0025,20985.578207560513,576351.6183333333
15,2012-10-19,555652.77,0,52.89,4.153,138.8336129,7.992,2012,10,42,4,0,551799.63,573498.64,533161.64,603318.89,553090.47,16492.184695309807,572970.8191666667
15,2012-10-26,558473.6,0,55.75,4.071,138.7281613,7.992,2012,10,43,4,0,555652.77,551799.63,553901.97,589842.69,558713.2525,9981.997996802374,571675.9808333333
16,2011-02-04,479263.15,0,13.64,3.011,191.7625895,6.614,2011,2,5,1,0,448391.99,462888.13,573545.96,477409.3,488797.91750000004,57230.345884211674,569196.7658333333
16,2011-02-11,466806.89,1,15.02,3.037,191.8572881,6.614,2011,2,6,1,0,479263.15,448391.99,470365.59,472044.28,465227.21499999997,13067.85481506447,571332.6316666667
16,2011-02-18,491179.79,0,27.18,3.051,191.9178331,6.614,2011,2,7,1,0,466806.89,479263.15,462888.13,469868.7,464337.54000000004,12717.87295430219,572013.6491666667
16,2011-02-25,475201.64,0,26.15,3.101,191.9647167,6.614,2011,2,8,1,0,491179.79,466806.89,448391.99,443242.17,471410.45499999996,18289.650687121677,558625.4841666666
16,2011-03-04,484829.07,0,31.77,3.232,192.0116004,6.614,2011,3,9,1,0,475201.64,491179.79,479263.15,444181.85,478112.8675,10138.50722473722,555537.2383333333
16,2011-03-11,457504.35,0,29.36,3.372,192.058484,6.614,2011,3,10,1,0,484829.07,475201.64,466806.89,445393.74,479504.34750000003,10714.59045830719,548431.0241666667
16,2011-03-18,497373.49,0,36.5,3.406,192.1237981,6.614,2011,3,11,1,0,457504.35,484829.07,491179.79,504307.35,477178.71249999997,14669.100137028978,532502.0525
16,2011-03-25,465279.68,0,32.61,3.414,192.1964844,6.614,2011,3,12,1,0,497373.49,457504.35,475201.64,483177.2,478727.1375,16810.27348262114,490222.2858333333
16,2011-04-01,459756.11,0,35.75,3.461,192.2691707,6.339,2011,4,13,2,0,465279.68,497373.49,484829.07,490503.69,476246.64749999996,18180.11314333104,481052.47750000004
16,2011-04-08,439276.5,0,38.04,3.532,192.3418571,6.339,2011,4,14,2,0,459756.11,465279.68,457504.35,424083.99,469978.4075,18553.221301550962,471569.99
16,2011-04-15,427855.24,0,34.59,3.611,192.4225954,6.339,2011,4,15,2,0,439276.5,459756.11,497373.49,436312.41,465421.445,24059.699684414256,468979.2325
16,2011-04-22,368600.0,0,40.74,3.636,192.5234638,6.339,2011,4,16,2,0,427855.24,439276.5,465279.68,370230.94,448041.8825,17499.49765342839,466059.825
16,2011-04-29,378100.31,0,37.77,3.663,192.6243322,6.339,2011,4,17,2,0,368600.0,427855.24,459756.11,383550.93,423871.9625,39140.03983831352,459410.4925
16,2011-05-06,423805.22,0,38.64,3.735,192.7252006,6.339,2011,5,18,2,0,378100.31,368600.0,439276.5,403217.22,403458.0125,35290.61663768132,450980.2558333333
16,2011-05-13,410406.95,0,43.29,3.767,192.826069,6.339,2011,5,19,2,0,423805.22,378100.31,427855.24,401770.9,399590.1925,30591.325284869992,447396.7833333334
16,2011-05-20,435397.19,0,43.95,3.828,192.831317,6.339,2011,5,20,2,0,410406.95,423805.22,368600.0,435300.51,395228.12,26137.241468255706,440665.7133333334
16,2011-05-27,444718.68,0,45.17,3.795,192.8365651,6.339,2011,5,21,2,0,435397.19,410406.95,378100.31,479430.0,411927.4175,24755.4535181385,437348.6758333333
16,2011-06-03,531080.31,0,54.08,3.763,192.8418131,6.339,2011,6,22,2,0,444718.68,435397.19,423805.22,516295.81,428582.01,14832.277031631904,434006.1433333333
16,2011-06-10,600952.06,0,55.78,3.735,192.8470612,6.339,2011,6,23,2,0,531080.31,444718.68,410406.95,535587.31,455400.7825,52491.54494579112,440137.4733333333
16,2011-06-17,581546.23,0,58.34,3.697,192.9034759,6.339,2011,6,24,2,0,600952.06,531080.31,435397.19,540149.85,503037.06000000006,78209.02879464284,448769.0208333333
16,2011-06-24,569105.03,0,54.36,3.661,192.9982655,6.339,2011,6,25,2,0,581546.23,600952.06,444718.68,546554.96,539574.3200000001,69758.17477124173,458457.89999999997
16,2011-07-01,608737.56,0,63.59,3.597,193.0930552,6.338,2011,7,26,3,0,569105.03,581546.23,531080.31,610641.42,570670.9075,29467.995175326043,467570.31000000006
16,2011-07-08,634634.66,0,65.0,3.54,193.1878448,6.338,2011,7,27,3,0,608737.56,569105.03,600952.06,614253.33,590085.22,18065.443270852767,481692.065
16,2011-07-15,586841.77,0,65.16,3.532,193.3125484,6.338,2011,7,28,3,0,634634.66,608737.56,581546.23,586583.69,598505.87,29223.368096754224,498923.68333333335
16,2011-07-22,581758.22,0,65.36,3.545,193.5120367,6.338,2011,7,29,3,0,586841.77,634634.66,569105.03,588344.18,599829.755,28304.457144076987,517110.49750000006
16,2011-07-29,582381.95,0,66.84,3.547,193.711525,6.338,2011,7,30,3,0,581758.22,586841.77,608737.56,562633.67,602993.0525,24124.48776174147,534081.9900000001
16,2011-08-05,592981.33,0,63.96,3.554,193.9110133,6.338,2011,8,31,3,0,582381.95,581758.22,634634.66,586936.45,596404.15,25587.342994334696,547296.7174999999
16,2011-08-12,563884.47,0,67.09,3.542,194.1105017,6.338,2011,8,32,3,0,592981.33,582381.95,586841.77,543757.97,585990.8175,5181.061390593312,562511.2491666666
16,2011-08-19,554630.42,0,68.83,3.499,194.2500634,6.338,2011,8,33,3,0,563884.47,592981.33,581758.22,521516.96,580251.4924999999,12065.615956238415,573218.5225000001
16,2011-08-26,557312.01,0,67.51,3.485,194.3796374,6.338,2011,8,34,3,0,554630.42,563884.47,582381.95,581010.52,573469.5425,17387.035498624795,582377.8341666667
16,2011-09-02,580805.33,0,63.44,3.511,194.5092113,6.338,2011,9,35,3,0,557312.01,554630.42,592981.33,542087.89,567202.0575,17620.40849349535,584563.8091666667
16,2011-09-09,574622.56,1,56.99,3.566,194.6387853,6.338,2011,9,36,3,0,580805.33,557312.01,563884.47,537518.57,564158.0575,11759.404385610353,582884.915
16,2011-09-16,539081.09,0,53.68,3.596,194.7419707,6.338,2011,9,37,3,0,574622.56,580805.33,554630.42,522049.52,566842.5800000001,12851.136042561324,582307.9425
16,2011-09-23,504856.97,0,50.39,3.581,194.8099713,6.338,2011,9,38,3,0,539081.09,574622.56,557312.01,511330.32,562955.2475,18766.75386639489,579805.9474999999
16,2011-09-30,450075.31,0,57.61,3.538,194.8779718,6.338,2011,9,39,3,1,504856.97,539081.09,580805.33,463977.54,549841.4875,35176.95299331071,571149.2316666667
16,2011-10-07,482926.93,0,48.91,3.498,194.9459724,6.232,2011,10,40,4,0,450075.31,504856.97,574622.56,442894.2,517158.9825,53022.63719072401,555769.2858333333
16,2011-10-14,498241.06,0,39.97,3.491,195.0261012,6.232,2011,10,41,4,0,482926.93,450075.31,539081.09,452169.28,494235.075,37425.25307403863,547109.7158333333
16,2011-10-21,560104.16,0,46.99,3.548,195.1789994,6.232,2011,10,42,4,0,498241.06,482926.93,504856.97,541216.92,484025.0675,24425.768802689458,540149.9525
16,2011-10-28,505918.21,0,41.97,3.55,195.3318977,6.232,2011,10,43,4,0,560104.16,498241.06,450075.31,495022.51,497836.865,46118.87429219306,538293.4700000001
16,2011-11-04,511059.95,0,33.43,3.527,195.4847959,6.232,2011,11,44,4,0,505918.21,560104.16,482926.93,446905.02,511797.58999999997,33592.59009973178,531038.2100000001
16,2011-11-11,513181.31,0,29.56,3.505,195.6376941,6.232,2011,11,45,4,0,511059.95,505918.21,498241.06,453632.76,518830.845,28015.166899257016,526636.1666666666
16,2011-11-18,480353.64,0,31.73,3.479,195.7184713,6.232,2011,11,46,4,0,513181.31,511059.95,560104.16,458634.68,522565.9075,25210.60597601761,523182.07416666666
16,2011-11-25,712422.4,1,31.39,3.424,195.7704,6.232,2011,11,47,4,0,480353.64,513181.31,505918.21,651837.77,502628.2775,15159.625409887094,516768.87666666665
16,2011-12-02,530492.84,0,27.83,3.378,195.8223287,6.232,2011,12,48,4,0,712422.4,480353.64,511059.95,512260.59,554254.325,106506.96031325156,527736.9658333333
16,2011-12-09,574798.86,0,14.44,3.331,195.8742575,6.232,2011,12,49,4,0,530492.84,712422.4,513181.31,570103.64,559112.5475,104300.2758382933,524059.4891666667
16,2011-12-16,679481.9,0,22.5,3.266,195.9841685,6.232,2011,12,50,4,0,574798.86,530492.84,480353.64,648652.01,574516.935,99704.3025223382,527035.97
16,2011-12-23,950691.96,0,20.79,3.173,196.1713893,6.232,2011,12,51,4,0,679481.9,574798.86,712422.4,1004730.69,624299.0,85753.02831180378,541588.0475
16,2011-12-30,665861.06,1,23.91,3.119,196.3586101,6.232,2011,12,52,4,0,950691.96,679481.9,530492.84,575317.38,683866.39,188533.18054415795,583306.1016666667
16,2012-01-06,564538.07,0,26.49,3.095,196.5458309,6.162,2012,1,1,1,0,665861.06,950691.96,574798.86,573545.96,717708.4450000001,162125.35049625687,598550.6124999999
16,2012-01-13,508520.09,0,19.55,3.077,196.7330517,6.162,2012,1,2,1,0,564538.07,665861.06,679481.9,470365.59,715143.2474999999,165192.39405464445,604075.3633333333
16,2012-01-20,474389.75,0,29.3,3.055,196.7796652,6.162,2012,1,3,1,0,508520.09,564538.07,950691.96,462888.13,672402.7949999999,196621.45826490206,599776.6908333333
16,2012-01-27,453979.19,0,28.17,3.038,196.8262786,6.162,2012,1,4,1,0,474389.75,508520.09,665861.06,448391.99,553327.2424999999,83722.46088854896,597149.3191666667
16,2012-02-03,475905.1,0,25.53,3.031,196.8728921,6.162,2012,2,5,1,0,453979.19,474389.75,564538.07,479263.15,500356.77499999997,48342.68340865764,592392.5891666666
16,2012-02-10,473766.97,1,23.69,3.103,196.9195056,6.162,2012,2,6,1,0,475905.1,453979.19,508520.09,466806.89,478198.5325,22551.718760237283,589286.2383333334
16,2012-02-17,494069.49,0,31.19,3.113,196.9432711,6.162,2012,2,7,1,0,473766.97,475905.1,474389.75,491179.79,469510.25249999994,10392.900086990843,588737.3491666667
16,2012-02-24,495720.3,0,26.21,3.129,196.9499007,6.162,2012,2,8,1,0,494069.49,473766.97,453979.19,475201.64,474430.1875,16396.755022122703,570541.2733333333
16,2012-03-02,464189.09,0,23.4,3.191,196.9565303,6.162,2012,3,9,1,0,495720.3,494069.49,475905.1,484829.07,484865.46499999997,11633.375137596337,567643.5616666666
16,2012-03-09,495951.66,0,28.16,3.286,196.9631599,6.162,2012,3,10,1,0,464189.09,495720.3,473766.97,457504.35,481936.46249999997,15480.249469388522,558426.0808333333
16,2012-03-16,520850.71,0,38.02,3.486,197.0457208,6.162,2012,3,11,1,0,495951.66,464189.09,494069.49,497373.49,487482.63499999995,15551.62806655012,543131.8941666667
16,2012-03-23,493503.89,0,38.7,3.664,197.2295234,6.162,2012,3,12,1,0,520850.71,495951.66,495720.3,465279.68,494177.93999999994,23211.295675478228,507311.79000000004
16,2012-03-30,485095.41,0,48.29,3.75,197.4133259,6.162,2012,3,13,1,0,493503.89,520850.71,464189.09,459756.11,493623.8375,23188.647305052087,492948.69249999995
16,2012-04-06,502662.07,0,48.93,3.854,197.5971285,6.169,2012,4,14,2,0,485095.41,493503.89,495951.66,439276.5,498850.4175,15386.154520246386,486328.4708333334
16,2012-04-13,450756.71,0,45.83,3.901,197.780931,6.169,2012,4,15,2,0,502662.07,485095.41,520850.71,427855.24,500528.02,15330.468050123998,485840.3025
16,2012-04-20,436221.26,0,43.61,3.936,197.7227385,6.169,2012,4,16,2,0,450756.71,502662.07,493503.89,368600.0,483004.52,22663.84134245291,483870.8825
16,2012-04-27,398445.15,0,59.69,3.927,197.664546,6.169,2012,4,17,2,0,436221.26,450756.71,485095.41,378100.31,468683.8625,30545.380633243163,482391.055
16,2012-05-04,426959.62,0,51.34,3.903,197.6063534,6.169,2012,5,18,2,0,398445.15,436221.26,502662.07,423805.22,447021.29750000004,43151.407033394775,475936.05916666664
16,2012-05-11,479855.0,0,53.57,3.87,197.5481609,6.169,2012,5,19,2,0,426959.62,398445.15,450756.71,410406.95,428095.685,22060.461559101426,472035.4466666667
16,2012-05-18,493506.47,0,56.74,3.837,197.5553137,6.169,2012,5,20,2,0,479855.0,426959.62,436221.26,435397.19,435370.2575,33733.360874112666,470850.9058333333
16,2012-05-25,518045.09,0,57.36,3.804,197.5886046,6.169,2012,5,21,2,0,493506.47,479855.0,398445.15,444718.68,449691.56,44618.81174644263,470666.42
16,2012-06-01,532311.93,0,58.97,3.764,197.6218954,6.169,2012,6,22,2,0,518045.09,493506.47,426959.62,531080.31,479591.545,38481.55055159704,475154.42
16,2012-06-08,603618.89,0,65.43,3.741,197.6551863,6.169,2012,6,23,2,0,532311.93,518045.09,479855.0,600952.06,505929.62250000006,23643.401886671065,478184.44249999995
16,2012-06-15,570045.79,0,65.36,3.723,197.692292,6.169,2012,6,24,2,0,603618.89,532311.93,493506.47,581546.23,536870.595,47296.804992550096,485081.79083333333
16,2012-06-22,581745.72,0,70.41,3.735,197.7389345,6.169,2012,6,25,2,0,570045.79,603618.89,518045.09,569105.03,556005.425,38585.587280169435,491460.28250000003
16,2012-06-29,570162.28,0,77.31,3.693,197.785577,6.169,2012,6,26,2,0,581745.72,570045.79,532311.93,608737.56,571930.5825,29853.39637317832,499514.47500000003
16,2012-07-06,641763.53,0,70.49,3.646,197.8322195,6.061,2012,7,27,3,0,570162.28,581745.72,603618.89,634634.66,581393.1699999999,15800.873858507706,505139.4925
16,2012-07-13,569005.06,0,70.29,3.613,197.8788621,6.061,2012,7,28,3,0,641763.53,570162.28,570045.79,586841.77,590929.3300000001,34330.973337528194,521056.72750000004
16,2012-07-20,565297.54,0,68.43,3.585,197.9290378,6.061,2012,7,29,3,0,569005.06,641763.53,581745.72,581758.22,590669.1475,34545.27359506791,532122.0441666667
16,2012-07-27,539337.87,0,69.0,3.57,197.9792136,6.061,2012,7,30,3,0,565297.54,569005.06,570162.28,582381.95,586557.1025,36862.73201908439,546026.41
16,2012-08-03,584000.71,0,68.59,3.528,198.0293893,6.061,2012,8,31,3,0,539337.87,565297.54,641763.53,592981.33,578851.0,43969.35556291076,555391.2641666667
16,2012-08-10,554036.84,0,70.24,3.509,198.0795651,6.061,2012,8,32,3,0,584000.71,539337.87,569005.06,563884.47,564410.295,18567.982517837052,564070.0733333334
16,2012-08-17,521896.6,0,62.07,3.545,198.1001057,6.061,2012,8,33,3,0,554036.84,584000.71,565297.54,554630.42,560668.24,18839.627783724074,569114.2708333334
16,2012-08-24,551152.15,0,61.44,3.558,198.0984199,6.061,2012,8,34,3,0,521896.6,554036.84,539337.87,557312.01,549818.005,26303.953927540333,569435.23
16,2012-08-31,551837.31,0,64.19,3.556,198.0967341,6.061,2012,8,35,3,1,551152.15,521896.6,584000.71,580805.33,552771.575,25382.05656856628,571005.2483333334
16,2012-09-07,537138.58,1,60.09,3.596,198.0950484,6.061,2012,9,36,3,0,551837.31,551152.15,554036.84,574622.56,544730.725,15272.407475593542,566690.1166666667
16,2012-09-14,526525.16,0,56.69,3.659,198.1267184,6.061,2012,9,37,3,0,537138.58,551837.31,521896.6,539081.09,540506.16,14134.925796911666,563947.8491666666
16,2012-09-21,509942.56,0,56.48,3.765,198.358523,6.061,2012,9,38,3,0,526525.16,537138.58,551152.15,504856.97,541663.3,12154.356249792301,559346.1358333334
16,2012-09-28,469607.73,0,51.4,3.789,198.5903276,6.061,2012,9,39,3,0,509942.56,526525.16,551837.31,450075.31,531360.9025,17652.144556905456,554327.8258333333
16,2012-10-05,471281.68,0,50.46,3.779,198.8221322,5.847,2012,10,40,4,0,469607.73,509942.56,537138.58,482926.93,510803.5075,29656.588449214414,539981.5091666667
16,2012-10-12,491817.19,0,43.26,3.76,199.0539368,5.847,2012,10,41,4,0,471281.68,469607.73,526525.16,498241.06,494339.28250000003,28417.69226670371,531837.8941666667
16,2012-10-19,577198.97,0,40.59,3.75,199.1481963,5.847,2012,10,42,4,0,491817.19,471281.68,509942.56,560104.16,485662.29,19078.47955200246,525714.5316666666
16,2012-10-26,475770.14,0,40.99,3.686,199.2195317,5.847,2012,10,43,4,0,577198.97,491817.19,469607.73,505918.21,502476.39249999996,50828.27706659627,528869.6233333333
17,2011-02-04,816603.05,0,11.29,2.974,127.7195806,6.866,2011,2,5,1,0,736335.69,755804.37,1083071.14,789036.02,833430.39,166720.01949865316,905032.8275
17,2011-02-11,813211.46,1,14.19,3.034,127.859129,6.866,2011,2,6,1,0,816603.05,736335.69,758510.36,841951.91,766813.3674999999,34631.581293885945,901794.7516666668
17,2011-02-18,860962.91,0,26.86,3.062,127.99525,6.866,2011,2,7,1,0,813211.46,816603.05,755804.37,800714.0,780488.6425000001,40553.79035937363,904374.6591666667
17,2011-02-25,767256.53,0,24.36,3.12,128.13,6.866,2011,2,8,1,0,860962.91,813211.46,736335.69,749549.55,806778.2775,51755.98041003077,892334.1716666667
17,2011-03-04,816138.33,0,24.21,3.23,128.26475,6.866,2011,3,9,1,0,767256.53,860962.91,816603.05,783300.05,814508.4875,38283.28760609363,879057.7316666666
17,2011-03-11,779602.36,0,32.42,3.346,128.3995,6.866,2011,3,10,1,0,816138.33,767256.53,813211.46,763961.82,814392.3075000001,38275.516687701056,866862.9633333333
17,2011-03-18,778436.81,0,34.48,3.407,128.5121935,6.866,2011,3,11,1,0,779602.36,816138.33,860962.91,752034.52,805990.0325000001,42117.29129729438,844382.1283333334
17,2011-03-25,781267.76,0,36.71,3.435,128.6160645,6.866,2011,3,12,1,0,778436.81,779602.36,767256.53,793097.64,785358.5075000001,21261.24951537765,800149.6299999999
17,2011-04-01,795859.23,0,39.38,3.487,128.7199355,6.774,2011,4,13,2,0,781267.76,778436.81,816138.33,848521.17,788861.315,18221.74687047927,812266.7308333335
17,2011-04-08,811855.72,0,39.16,3.547,128.8238065,6.774,2011,4,14,2,0,795859.23,781267.76,779602.36,770228.02,783791.5399999999,8128.570392345934,788332.4049999999
17,2011-04-15,825283.43,0,39.98,3.616,128.9107333,6.774,2011,4,15,2,0,811855.72,795859.23,778436.81,757738.76,791854.88,15364.46259009804,792777.8516666667
17,2011-04-22,1060770.11,0,42.24,3.655,128.9553,6.774,2011,4,16,2,0,825283.43,811855.72,781267.76,977790.83,803566.5349999999,19122.16892570048,798567.7733333333
17,2011-04-29,806979.15,0,40.14,3.683,128.9998667,6.774,2011,4,17,2,0,1060770.11,825283.43,795859.23,807798.73,873442.1225,125463.17487038251,825603.975
17,2011-05-06,882132.28,0,45.66,3.744,129.0444333,6.774,2011,5,18,2,0,806979.15,1060770.11,811855.72,843848.65,876222.1025,123275.21120827731,824801.9833333333
17,2011-05-13,870625.49,0,49.26,3.77,129.089,6.774,2011,5,19,2,0,882132.28,806979.15,825283.43,813756.09,893791.2425,115826.78644700881,830545.3850000001
17,2011-05-20,844443.35,0,51.93,3.802,129.0756774,6.774,2011,5,20,2,0,870625.49,882132.28,1060770.11,826626.5,905126.7575,108898.86667610177,831350.6000000001
17,2011-05-27,892056.64,0,51.04,3.778,129.0623548,6.774,2011,5,21,2,0,844443.35,870625.49,806979.15,872817.62,851045.0675,33342.64279350344,837782.8350000001
17,2011-06-03,895020.48,0,49.61,3.752,129.0490323,6.774,2011,6,22,2,0,892056.64,844443.35,882132.28,876902.87,872314.4400000001,20540.97249398904,844109.3608333333
17,2011-06-10,881190.46,0,54.57,3.732,129.0357097,6.774,2011,6,23,2,0,895020.48,892056.64,870625.49,845252.21,875536.49,23405.430270220382,853727.5375
17,2011-06-17,894686.67,0,56.61,3.704,129.0432,6.774,2011,6,24,2,0,881190.46,895020.48,844443.35,877996.27,878177.7325,23262.181800711944,862290.3416666668
17,2011-06-24,920719.98,0,60.99,3.668,129.0663,6.774,2011,6,25,2,0,894686.67,881190.46,892056.64,893995.44,890738.5625,6501.947399436725,871741.9175
17,2011-07-01,940554.34,0,67.39,3.613,129.0894,6.745,2011,7,26,3,0,920719.98,894686.67,895020.48,958875.37,897904.3975,16518.446879973566,882146.9800000001
17,2011-07-08,915064.22,0,70.6,3.563,129.1125,6.745,2011,7,27,3,0,940554.34,920719.98,881190.46,836915.92,909287.8624999999,26526.3691161652,892871.8650000001
17,2011-07-15,902727.76,0,67.93,3.553,129.1338387,6.745,2011,7,28,3,0,915064.22,940554.34,894686.67,876591.41,917756.3025,18867.86642281467,900353.5975
17,2011-07-22,899044.34,0,69.82,3.563,129.1507742,6.745,2011,7,29,3,0,902727.76,915064.22,920719.98,893504.87,919766.575,15763.602739007769,887183.4016666665
17,2011-07-29,861894.77,0,68.59,3.574,129.1677097,6.745,2011,7,30,3,0,899044.34,902727.76,940554.34,833517.19,914347.665,18766.257075653568,894855.5008333334
17,2011-08-05,866184.92,0,65.71,3.595,129.1846452,6.745,2011,8,31,3,0,861894.77,899044.34,915064.22,795301.17,894682.7725,22907.07027002582,893169.0416666666
17,2011-08-12,800819.79,0,64.79,3.606,129.2015806,6.745,2011,8,32,3,0,866184.92,861894.77,902727.76,759995.18,882462.9475,21398.047479942998,892798.9941666666
17,2011-08-19,797523.04,0,67.59,3.578,129.2405806,6.745,2011,8,33,3,0,800819.79,866184.92,899044.34,783929.7,856985.9550000001,40956.331465725176,889163.6974999999
17,2011-08-26,837390.79,0,72.04,3.57,129.2832581,6.745,2011,8,34,3,0,797523.04,800819.79,861894.77,802583.89,831605.6300000001,37516.88590691526,881285.8975000001
17,2011-09-02,847380.07,0,69.31,3.58,129.3259355,6.745,2011,9,35,3,0,837390.79,797523.04,866184.92,834373.73,825479.635,32600.996916164866,876483.4233333333
17,2011-09-09,1161900.18,1,61.94,3.619,129.3686129,6.745,2011,9,36,3,0,847380.07,837390.79,800819.79,1200888.28,820778.4225,25316.517863249737,873665.8908333333
17,2011-09-16,1051116.95,0,61.48,3.641,129.4306,6.745,2011,9,37,3,0,1161900.18,847380.07,797523.04,871264.25,911048.52,168615.66025347085,895933.6833333332
17,2011-09-23,895535.31,0,56.96,3.648,129.5183333,6.745,2011,9,38,3,0,1051116.95,1161900.18,837390.79,852876.29,974446.9974999999,159109.38095568554,906800.0974999998
17,2011-09-30,868191.05,0,61.4,3.623,129.6060667,6.745,2011,9,39,3,1,895535.31,1051116.95,847380.07,829207.27,988983.1275,144389.33413126637,903048.5116666666
17,2011-10-07,918006.9,0,54.4,3.592,129.6938,6.617,2011,10,40,4,0,868191.05,895535.31,1161900.18,827738.06,994185.8725,137811.3025165075,899142.4141666667
17,2011-10-14,884042.63,0,47.69,3.567,129.7706452,6.617,2011,10,41,4,0,918006.9,868191.05,1051116.95,838297.32,933212.5525000001,81199.40313317269,900415.6758333334
17,2011-10-21,877380.22,0,47.27,3.579,129.7821613,6.617,2011,10,42,4,0,884042.63,918006.9,895535.31,815093.76,891443.9725,20958.740702491123,899165.5333333333
17,2011-10-28,936508.43,0,41.89,3.567,129.7936774,6.617,2011,10,43,4,0,877380.22,884042.63,868191.05,861941.25,886905.2,21729.048944658454,900455.9874999999
17,2011-11-04,927657.63,0,37.52,3.538,129.8051935,6.617,2011,11,44,4,0,936508.43,877380.22,918006.9,818434.49,903984.545,28046.982118179443,906316.2799999999
17,2011-11-11,914759.2,0,27.61,3.513,129.8167097,6.617,2011,11,45,4,0,927657.63,936508.43,884042.63,855459.96,906397.2275,30002.24427216744,916886.1000000001
17,2011-11-18,877724.31,0,32.93,3.489,129.8268333,6.617,2011,11,46,4,0,914759.2,927657.63,877380.22,782252.57,914076.37,26043.051668746233,926655.7799999999
17,2011-11-25,1225700.28,1,32.81,3.445,129.8364,6.617,2011,11,47,4,0,877724.31,914759.2,936508.43,1005448.76,914162.3925,25881.504738596825,930016.9066666667
17,2011-12-02,945267.68,0,26.47,3.389,129.8459667,6.617,2011,12,48,4,0,1225700.28,877724.31,927657.63,926573.81,986460.355,160891.3559849294,961543.5908333333
17,2011-12-09,976522.93,0,17.56,3.341,129.8555333,6.617,2011,12,49,4,0,945267.68,1225700.28,914759.2,962475.55,990862.8675,158975.50422731508,943490.8825
17,2011-12-16,1067754.06,0,21.07,3.282,129.8980645,6.617,2011,12,50,4,0,976522.93,945267.68,877724.31,1049372.38,1006303.8,151964.69858453132,937274.7141666667
17,2011-12-23,1289156.9,0,18.76,3.186,129.9845484,6.617,2011,12,51,4,0,1067754.06,976522.93,1225700.28,1309226.79,1053811.2375,125824.52275795891,951626.2766666667
17,2011-12-30,777207.3,1,26.73,3.119,130.0710323,6.617,2011,12,52,4,0,1289156.9,1067754.06,945267.68,635862.55,1069675.3925,155274.47080610224,986706.7641666667
17,2012-01-06,1198104.22,0,27.64,3.08,130.1575161,6.403,2012,1,1,1,0,777207.3,1289156.9,976522.93,1083071.14,1027660.2975000001,212390.92669102343,974973.4641666667
17,2012-01-13,873576.96,0,20.28,3.056,130.244,6.403,2012,1,2,1,0,1198104.22,777207.3,1067754.06,758510.36,1083055.62,223227.27623422653,1001145.2633333333
17,2012-01-20,809272.65,0,27.26,3.047,130.2792258,6.403,2012,1,3,1,0,873576.96,1198104.22,1289156.9,755804.37,1034511.345,247461.94002358863,1000828.3250000001
17,2012-01-27,769522.33,0,29.99,3.058,130.3144516,6.403,2012,1,4,1,0,809272.65,873576.96,777207.3,736335.69,914540.2825,193242.6134640459,990225.3433333334
17,2012-02-03,864852.85,0,26.26,3.077,130.3496774,6.403,2012,2,5,1,0,769522.33,809272.65,1198104.22,816603.05,912619.04,195092.47102268852,977047.4016666667
17,2012-02-10,880165.7,1,23.63,3.116,130.3849032,6.403,2012,2,6,1,0,864852.85,769522.33,873576.96,813211.46,829306.1975,48986.11624729373,972888.5391666667
17,2012-02-17,927084.65,0,30.76,3.119,130.4546207,6.403,2012,2,7,1,0,880165.7,864852.85,809272.65,860962.91,830953.3825,51038.72537429896,973091.9883333333
17,2012-02-24,843864.43,0,30.01,3.145,130.5502069,6.403,2012,2,8,1,0,927084.65,880165.7,769522.33,767256.53,860406.3825000001,66121.3633074802,948207.3525
17,2012-03-02,856178.47,0,26.28,3.242,130.6457931,6.403,2012,3,9,1,0,843864.43,927084.65,864852.85,816138.33,878991.9075,35346.58065738178,939757.0816666667
17,2012-03-09,860224.98,0,32.02,3.38,130.7413793,6.403,2012,3,10,1,0,856178.47,843864.43,880165.7,779602.36,876823.3125,36741.76124878604,929728.3766666668
17,2012-03-16,853136.46,0,43.69,3.529,130.8261935,6.403,2012,3,11,1,0,860224.98,856178.47,927084.65,778436.81,871838.1325000001,37482.42284964685,912434.2866666666
17,2012-03-23,851762.28,0,40.69,3.671,130.8966452,6.403,2012,3,12,1,0,853136.46,860224.98,843864.43,781267.76,853351.085,6959.100166678607,876099.25
17,2012-03-30,872469.03,0,45.29,3.734,130.9670968,6.403,2012,3,13,1,0,851762.28,853136.46,856178.47,795859.23,855325.5475,3751.483927415703,882312.1649999999
17,2012-04-06,986922.62,0,43.92,3.793,131.0375484,6.235,2012,4,14,2,0,872469.03,851762.28,860224.98,811855.72,859398.1875,9470.07258211149,855175.8991666668
17,2012-04-13,877055.32,0,46.94,3.833,131.108,6.235,2012,4,15,2,0,986922.62,872469.03,853136.46,825283.43,891072.5974999999,64595.59099336941,864621.3708333332
17,2012-04-20,1119979.98,0,47.69,3.845,131.1173333,6.235,2012,4,16,2,0,877055.32,986922.62,851762.28,1060770.11,897052.3125,60915.45151961639,870269.9266666666
17,2012-04-27,925916.65,0,59.11,3.842,131.1266667,6.235,2012,4,17,2,0,1119979.98,877055.32,872469.03,806979.15,964106.7375,116608.24863095128,899474.7308333333
17,2012-05-04,930121.14,0,48.86,3.831,131.136,6.235,2012,5,18,2,0,925916.65,1119979.98,986922.62,882132.28,977468.6425,105102.01753981583,904563.3808333334
17,2012-05-11,944100.3,0,49.96,3.809,131.1453333,6.235,2012,5,19,2,0,930121.14,925916.65,877055.32,870625.49,963268.2725000001,107214.90652374893,908726.3341666666
17,2012-05-18,968816.33,0,59.67,3.808,131.0983226,6.235,2012,5,20,2,0,944100.3,930121.14,1119979.98,844443.35,980029.5175000001,93623.51769700112,910144.305
17,2012-05-25,984881.59,0,55.69,3.801,131.0287742,6.235,2012,5,21,2,0,968816.33,944100.3,925916.65,892056.64,942238.605,19348.389661654914,920556.9633333334
17,2012-06-01,938914.28,0,54.13,3.788,130.9592258,6.235,2012,6,22,2,0,984881.59,968816.33,930121.14,895020.48,956979.8400000001,24534.889884169763,931282.2233333333
17,2012-06-08,987990.24,0,60.51,3.776,130.8896774,6.235,2012,6,23,2,0,938914.28,984881.59,944100.3,881190.46,959178.125,21537.0017221812,937839.665
17,2012-06-15,964169.67,0,56.67,3.756,130.8295333,6.235,2012,6,24,2,0,987990.24,938914.28,968816.33,894686.67,970150.6100000001,22455.458024612566,949077.48
17,2012-06-22,981210.57,0,62.9,3.737,130.7929,6.235,2012,6,25,2,0,964169.67,987990.24,984881.59,920719.98,968988.9450000001,22666.68820951214,958444.7625000001
17,2012-06-29,982322.24,0,71.14,3.681,130.7562667,6.235,2012,6,26,2,0,981210.57,964169.67,938914.28,940554.34,968071.1900000001,21868.99722397143,967506.5575
17,2012-07-06,1046782.52,0,68.91,3.63,130.7196333,5.936,2012,7,27,3,0,982322.24,981210.57,987990.24,915064.22,978923.1799999999,10273.970285146312,967123.1925
17,2012-07-13,960746.04,0,72.94,3.595,130.683,5.936,2012,7,28,3,0,1046782.52,982322.24,964169.67,902727.76,993621.25,36401.50545216776,981267.1258333334
17,2012-07-20,944698.7,0,70.59,3.556,130.7012903,5.936,2012,7,29,3,0,960746.04,1046782.52,981210.57,899044.34,992765.3425,37352.65432338142,967997.6308333334
17,2012-07-27,907493.24,0,74.2,3.537,130.7195806,5.936,2012,7,30,3,0,944698.7,960746.04,982322.24,861894.77,983637.375,44830.319152622294,969562.8016666666
17,2012-08-03,877813.33,0,72.94,3.512,130.737871,5.936,2012,8,31,3,0,907493.24,944698.7,1046782.52,866184.92,964930.125,58950.90457478991,967677.1433333334
17,2012-08-10,849074.04,0,73.29,3.509,130.7561613,5.936,2012,8,32,3,0,877813.33,907493.24,960746.04,800819.79,922687.8275,37316.22552402646,962153.2291666666
17,2012-08-17,844928.17,0,70.98,3.545,130.7909677,5.936,2012,8,33,3,0,849074.04,877813.33,944698.7,797523.04,894769.8274999999,40948.77017884686,952174.705
17,2012-08-24,924299.78,0,68.89,3.582,130.8381613,5.936,2012,8,34,3,0,844928.17,849074.04,907493.24,837390.79,869827.1950000001,29058.35615094755,940511.9199999999
17,2012-08-31,865924.2,0,68.07,3.624,130.8853548,5.936,2012,8,35,3,1,924299.78,844928.17,877813.33,847380.07,874028.83,36565.3789375197,939294.045
17,2012-09-07,1255633.29,1,61.99,3.689,130.9325484,5.936,2012,9,36,3,0,865924.2,924299.78,849074.04,1161900.18,871056.5475000001,36638.34760048053,929121.875
17,2012-09-14,1071040.22,0,59.64,3.749,130.9776667,5.936,2012,9,37,3,0,1255633.29,865924.2,844928.17,1051116.95,972696.3600000001,191590.30928908678,953410.5100000001
17,2012-09-21,938303.28,0,58.43,3.821,131.0103333,5.936,2012,9,38,3,0,1071040.22,1255633.29,924299.78,895535.31,1029224.3725,173863.6242149639,960896.3141666666
17,2012-09-28,972716.24,0,57.77,3.821,131.043,5.936,2012,9,39,3,0,938303.28,1071040.22,865924.2,868191.05,1032725.2475,171166.71203101627,957228.0675
17,2012-10-05,952609.17,0,52.81,3.815,131.0756667,5.527,2012,10,40,4,0,972716.24,938303.28,1255633.29,918006.9,1059423.2574999998,142386.19608272408,951055.8775000001
17,2012-10-12,919878.34,0,44.82,3.797,131.1083333,5.527,2012,10,41,4,0,952609.17,972716.24,1071040.22,884042.63,983667.2274999999,59934.56046413457,950377.805
17,2012-10-19,957356.84,0,48.16,3.781,131.1499677,5.527,2012,10,42,4,0,919878.34,952609.17,938303.28,877380.22,945876.7575000001,22352.915342195716,948309.4416666668
17,2012-10-26,943465.29,0,39.94,3.755,131.1930968,5.527,2012,10,43,4,0,957356.84,919878.34,972716.24,936508.43,950640.1475,22230.86194521403,952464.7416666667
18,2011-02-04,1055841.24,0,20.79,3.24,133.1834194,9.131,2011,2,5,1,0,849540.85,891148.55,933960.3,1205307.5,862956.245,66770.07480150313,1196972.4008333331
18,2011-02-11,1122053.58,1,24.3,3.255,133.260871,9.131,2011,2,6,1,0,1055841.24,849540.85,777175.28,1187880.7,893426.48,118073.4704225592,1194848.9941666666
18,2011-02-18,1095058.57,0,31.59,3.263,133.3701429,9.131,2011,2,7,1,0,1122053.58,1055841.24,891148.55,1150663.42,979646.0549999999,130185.48581815606,1201209.9283333332
18,2011-02-25,1005983.31,0,26.15,3.281,133.4921429,9.131,2011,2,8,1,0,1095058.57,1122053.58,849540.85,1068157.45,1030623.56,123744.62724555995,1154651.5291666666
18,2011-03-04,1063310.62,0,28.49,3.437,133.6141429,9.131,2011,3,9,1,0,1005983.31,1095058.57,1055841.24,1179738.5,1069734.175,50450.74017571659,1137564.6275
18,2011-03-11,1002714.25,0,38.4,3.6,133.7361429,9.131,2011,3,10,1,0,1063310.62,1005983.31,1122053.58,1138800.32,1071601.52,49900.34087846388,1108159.7641666667
18,2011-03-18,945889.59,0,41.12,3.634,133.8492258,9.131,2011,3,11,1,0,1002714.25,1063310.62,1095058.57,1087507.47,1041766.6875,45128.36782615387,1059350.0591666666
18,2011-03-25,944523.3,0,36.65,3.624,133.9587419,9.131,2011,3,12,1,0,945889.59,1002714.25,1005983.31,1092704.09,1004474.4425,47955.72848655562,969215.2624999998
18,2011-04-01,938083.17,0,35.06,3.638,134.0682581,8.975,2011,4,13,2,0,944523.3,945889.59,1063310.62,1254107.84,989109.44,56411.53925292099,973933.2866666666
18,2011-04-08,1018541.3,0,43.32,3.72,134.1777742,8.975,2011,4,14,2,0,938083.17,944523.3,1002714.25,1174447.55,957802.5774999999,30133.988788943836,974276.8591666667
18,2011-04-15,988157.72,0,49.91,3.823,134.2784667,8.975,2011,4,15,2,0,1018541.3,938083.17,945889.59,1135577.62,961759.34,38007.37668425118,994390.6941666667
18,2011-04-22,1105860.06,0,45.99,3.919,134.3571,8.975,2011,4,16,2,0,988157.72,1018541.3,944523.3,1132433.55,972326.3725,38000.258092953736,1002474.7916666666
18,2011-04-29,974114.39,0,58.82,3.988,134.4357333,8.975,2011,4,17,2,0,1105860.06,988157.72,938083.17,1060446.16,1012660.5625,70434.14458550642,1023834.7258333334
18,2011-05-06,1065427.37,0,54.17,4.078,134.5143667,8.975,2011,5,18,2,0,974114.39,1105860.06,1018541.3,1222255.47,1021668.3675,59111.09289325377,1017024.1550000001
18,2011-05-13,993172.98,0,58.48,4.095,134.593,8.975,2011,5,19,2,0,1065427.37,974114.39,988157.72,1092616.49,1033389.885,62816.82303263141,1012305.3041666667
18,2011-05-20,994610.43,0,57.55,4.101,134.6803871,8.975,2011,5,20,2,0,993172.98,1065427.37,1105860.06,1101621.36,1034643.7000000001,61652.310734509876,1003814.8383333334
18,2011-05-27,1065214.14,0,64.6,4.034,134.7677742,8.975,2011,5,21,2,0,994610.43,993172.98,974114.39,1256282.79,1006831.2925000001,40165.470195898735,1002867.0983333333
18,2011-06-03,1178039.0,0,70.9,3.973,134.8551613,8.975,2011,6,22,2,0,1065214.14,994610.43,1065427.37,1271311.76,1029606.23,41243.848222778965,1003025.7250000001
18,2011-06-10,1044079.2,0,69.49,3.924,134.9425484,8.975,2011,6,23,2,0,1178039.0,1065214.14,993172.98,1173521.82,1057759.1375,86952.00473983679,1017636.1208333335
18,2011-06-17,1045859.39,0,63.23,3.873,135.0837333,8.975,2011,6,24,2,0,1044079.2,1178039.0,994610.43,1183225.92,1070485.6925,77566.87765093797,1025818.5883333334
18,2011-06-24,1056478.65,0,67.41,3.851,135.2652667,8.975,2011,6,25,2,0,1045859.39,1044079.2,1065214.14,1220983.17,1083297.9324999999,63881.78369888623,1034263.2625000001
18,2011-07-01,1087051.26,0,69.75,3.815,135.4468,8.89,2011,7,26,3,0,1056478.65,1045859.39,1178039.0,1257928.35,1081114.06,64848.07895355781,1044129.5524999999
18,2011-07-08,1048802.62,0,73.12,3.784,135.6283333,8.89,2011,7,27,3,0,1087051.26,1056478.65,1044079.2,1171391.41,1058367.125,19890.820111802303,1049838.7158333333
18,2011-07-15,974916.13,0,74.36,3.827,135.7837419,8.89,2011,7,28,3,0,1048802.62,1087051.26,1045859.39,1115514.61,1059547.98,18874.069117226445,1054892.4575
18,2011-07-22,991262.46,0,78.68,3.882,135.8738387,8.89,2011,7,29,3,0,974916.13,1048802.62,1056478.65,1032908.23,1041812.165,47559.182283772025,1043980.4633333334
18,2011-07-29,954148.64,0,73.85,3.898,135.9639355,8.89,2011,7,30,3,0,991262.46,974916.13,1087051.26,1078557.62,1025508.1175,51841.12425576845,1045409.4691666666
18,2011-08-05,1002806.39,0,74.58,3.903,136.0540323,8.89,2011,8,31,3,0,954148.64,991262.46,1048802.62,1166117.85,992282.4624999999,40625.71653475964,1036136.2416666667
18,2011-08-12,928470.83,0,73.57,3.88,136.144129,8.89,2011,8,32,3,0,1002806.39,954148.64,974916.13,1084722.78,980783.4049999999,21123.90497781463,1036939.0258333334
18,2011-08-19,932679.79,0,69.24,3.82,136.183129,8.89,2011,8,33,3,0,928470.83,1002806.39,991262.46,1141860.67,969172.08,34164.05127575778,1031427.3925000001
18,2011-08-26,1147906.46,0,70.32,3.796,136.2136129,8.89,2011,8,34,3,0,932679.79,928470.83,954148.64,1214302.76,954526.4125,34094.31640579515,1020382.8633333333
18,2011-09-02,540922.94,0,68.23,3.784,136.2440968,8.89,2011,9,35,3,0,1147906.46,932679.79,1002806.39,1187359.77,1002965.8674999999,102465.35038699243,1017871.8183333334
18,2011-09-09,951549.61,1,68.11,3.809,136.2745806,8.89,2011,9,36,3,0,540922.94,1147906.46,928470.83,1011201.12,887495.005,252749.5500579642,975942.13
18,2011-09-16,845715.37,0,66.23,3.809,136.3145,8.89,2011,9,37,3,0,951549.61,540922.94,932679.79,997998.21,893264.7,254255.65993648552,968082.9816666666
18,2011-09-23,853073.17,0,60.44,3.758,136.367,8.89,2011,9,38,3,0,845715.37,951549.61,1147906.46,950862.92,871523.595,253478.80168202767,950519.375
18,2011-09-30,847348.08,0,69.01,3.684,136.4195,8.89,2011,9,39,3,1,853073.17,845715.37,540922.94,948977.5,797815.2725,177928.61077829992,931021.2008333333
18,2011-10-07,1019741.1,0,54.65,3.633,136.472,8.471,2011,10,40,4,0,847348.08,853073.17,951549.61,1107432.71,874421.5575,51515.397426475334,914233.3225000001
18,2011-10-14,953533.95,0,60.26,3.583,136.5150968,8.471,2011,10,41,4,0,1019741.1,847348.08,845715.37,1029618.1,891469.43,85572.62342378058,917968.7366666667
18,2011-10-21,1048212.62,0,55.83,3.618,136.5017742,8.471,2011,10,42,4,0,953533.95,1019741.1,853073.17,1052120.43,918424.075,83307.42409278807,914824.6941666667
18,2011-10-28,1106642.63,0,45.61,3.604,136.4884516,8.471,2011,10,43,4,0,1048212.62,953533.95,847348.08,1038576.54,967208.9375,89209.22059826342,922663.3591666665
18,2011-11-04,1100625.06,0,38.29,3.586,136.475129,8.471,2011,11,44,4,0,1106642.63,1048212.62,1019741.1,1089530.94,1032032.575,63617.525488583895,931316.3791666665
18,2011-11-11,1079931.63,0,45.69,3.57,136.4618065,8.471,2011,11,45,4,0,1100625.06,1106642.63,953533.95,1081322.12,1052253.565,70851.63734252698,945662.565
18,2011-11-18,1056992.18,0,47.88,3.571,136.4666667,8.471,2011,11,46,4,0,1079931.63,1100625.06,1048212.62,1045722.37,1083852.9849999999,26370.96295423557,957933.5516666666
18,2011-11-25,1624170.99,1,41.97,3.536,136.4788,8.471,2011,11,47,4,0,1056992.18,1079931.63,1106642.63,1653759.36,1086047.875,22496.519144580066,950357.3616666667
18,2011-12-02,1188047.61,0,46.25,3.501,136.4909333,8.471,2011,12,48,4,0,1624170.99,1056992.18,1100625.06,1211026.13,1215429.9649999999,273076.132384107,1040628.0324999999
18,2011-12-09,1368471.23,0,42.36,3.47,136.5030667,8.471,2011,12,49,4,0,1188047.61,1624170.99,1079931.63,1416168.98,1237285.6025,264178.3954229592,1060336.1991666667
18,2011-12-16,1516924.23,0,35.52,3.445,136.5335161,8.471,2011,12,50,4,0,1368471.23,1188047.61,1056992.18,1588430.71,1309420.5025,245632.7168991306,1103899.1874999998
18,2011-12-23,1882393.4,0,35.78,3.413,136.5883871,8.471,2011,12,51,4,0,1516924.23,1368471.23,1624170.99,2027507.15,1424403.5150000001,189261.42511147,1159220.1091666666
18,2011-12-30,1010562.49,1,32.36,3.402,136.6432581,8.471,2011,12,52,4,0,1882393.4,1516924.23,1188047.61,887907.01,1488959.1175,294752.80521343,1245473.8858333335
18,2012-01-06,977286.07,0,31.27,3.439,136.698129,8.075,2012,1,1,1,0,1010562.49,1882393.4,1368471.23,933960.3,1444587.8375,361053.09140792425,1244709.0016666667
18,2012-01-13,890130.25,0,35.25,3.523,136.753,8.075,2012,1,2,1,0,977286.07,1010562.49,1516924.23,777175.28,1346791.5475,434126.9979571708,1246688.345
18,2012-01-20,937522.77,0,24.2,3.542,136.8564194,8.075,2012,1,3,1,0,890130.25,977286.07,1882393.4,891148.55,1190093.0525,464318.6724311207,1233514.8141666667
18,2012-01-27,825584.22,0,30.44,3.568,136.9598387,8.075,2012,1,4,1,0,937522.77,890130.25,1010562.49,849540.85,953875.395,51936.94349547769,1219421.4925
18,2012-02-03,1049772.04,0,37.62,3.633,137.0632581,8.075,2012,2,5,1,0,825584.22,937522.77,977286.07,1055841.24,907630.8275,65277.09411743946,1196501.4224999999
18,2012-02-10,1161615.51,1,32.83,3.655,137.1666774,8.075,2012,2,6,1,0,1049772.04,825584.22,890130.25,1122053.58,925752.3200000001,94555.12425877494,1193988.1233333333
18,2012-02-17,1115985.81,0,32.87,3.703,137.2583103,8.075,2012,2,7,1,0,1161615.51,1049772.04,937522.77,1095058.57,993623.635,144635.7096263468,1202706.7341666666
18,2012-02-24,1037861.11,0,36.34,3.751,137.3411034,8.075,2012,2,8,1,0,1115985.81,1161615.51,825584.22,1005983.31,1038239.395,149020.575931449,1160357.9691666667
18,2012-03-02,1047178.91,0,33.59,3.827,137.4238966,8.075,2012,3,9,1,0,1037861.11,1115985.81,1049772.04,1063310.62,1091308.6175,58120.41033080747,1147842.4275
18,2012-03-09,1084894.47,0,38.1,3.876,137.5066897,8.075,2012,3,10,1,0,1047178.91,1037861.11,1161615.51,1002714.25,1090660.335,58749.209991531316,1121068.0675000001
18,2012-03-16,1022018.43,0,45.84,3.867,137.5843871,8.075,2012,3,11,1,0,1084894.47,1047178.91,1115985.81,945889.59,1071480.0750000002,35969.83861114073,1085065.5875000001
18,2012-03-23,1031139.3,0,58.06,3.889,137.6552903,8.075,2012,3,12,1,0,1022018.43,1084894.47,1037861.11,944523.3,1047988.23,26706.519936365516,1013367.6733333333
18,2012-03-30,1009121.2,0,45.35,3.921,137.7261935,8.075,2012,3,13,1,0,1031139.3,1022018.43,1047178.91,938083.17,1046307.7775,27747.35315644813,1015082.4075000001
18,2012-04-06,1200815.3,0,43.8,3.957,137.7970968,8.304,2012,4,14,2,0,1009121.2,1031139.3,1084894.47,1018541.3,1036793.3500000001,33315.32266733522,1017735.335
18,2012-04-13,998443.5,0,47.75,4.025,137.868,8.304,2012,4,15,2,0,1200815.3,1009121.2,1022018.43,988157.72,1065773.5575,90479.8408539375,1043625.7558333334
18,2012-04-20,1025813.8,0,60.88,4.046,137.9230667,8.304,2012,4,16,2,0,998443.5,1200815.3,1031139.3,1105860.06,1059879.825,94938.02527991172,1048702.4833333334
18,2012-04-27,961186.23,0,50.43,4.023,137.9781333,8.304,2012,4,17,2,0,1025813.8,998443.5,1009121.2,974114.39,1058548.45,95511.03248073837,1065388.2816666667
18,2012-05-04,1050027.89,0,49.66,3.991,138.0332,8.304,2012,5,18,2,0,961186.23,1025813.8,1200815.3,1065427.37,1046564.7075,106190.05050717761,1058006.1308333334
18,2012-05-11,1060433.1,0,57.44,3.947,138.0882667,8.304,2012,5,19,2,0,1050027.89,961186.23,998443.5,993172.98,1008867.855,38137.98663166609,1048707.1624999999
18,2012-05-18,1047444.59,0,62.31,3.899,138.1065806,8.304,2012,5,20,2,0,1060433.1,1050027.89,1025813.8,994610.43,1024365.255,44546.40936018398,1044077.77
18,2012-05-25,1088446.58,0,65.48,3.85,138.1101935,8.304,2012,5,21,2,0,1047444.59,1060433.1,961186.23,1065214.14,1029772.9524999999,46067.821065158474,1044876.3933333334
18,2012-06-01,1118313.7,0,71.42,3.798,138.1138065,8.304,2012,6,22,2,0,1088446.58,1047444.59,1050027.89,1178039.0,1061588.04,18765.121042865536,1048315.3658333333
18,2012-06-08,1110479.94,0,59.1,3.746,138.1174194,8.304,2012,6,23,2,0,1118313.7,1088446.58,1060433.1,1044079.2,1078659.4925,31489.759053985006,1051100.3016666665
18,2012-06-15,1057425.83,0,66.58,3.683,138.1295333,8.304,2012,6,24,2,0,1110479.94,1118313.7,1047444.59,1045859.39,1091171.2025,31775.161803279527,1058472.0941666665
18,2012-06-22,1080357.89,0,70.92,3.629,138.1629,8.304,2012,6,25,2,0,1057425.83,1110479.94,1088446.58,1056478.65,1093666.5125,27269.09092316766,1060662.6383333332
18,2012-06-29,1097006.3,0,70.17,3.577,138.1962667,8.304,2012,6,26,2,0,1080357.89,1057425.83,1118313.7,1087051.26,1091644.3399999999,28073.267060746,1066599.0291666666
18,2012-07-06,1158247.31,0,76.08,3.538,138.2296333,8.535,2012,7,27,3,0,1097006.3,1080357.89,1110479.94,1048802.62,1086317.49,22864.23334186641,1057948.2791666668
18,2012-07-13,1024784.92,0,75.09,3.561,138.263,8.535,2012,7,28,3,0,1158247.31,1097006.3,1057425.83,974916.13,1098259.3325,43158.48354219033,1071265.2633333334
18,2012-07-20,1033543.56,0,77.43,3.61,138.2331935,8.535,2012,7,29,3,0,1024784.92,1158247.31,1080357.89,991262.46,1090099.105,54932.447058122285,1071179.5233333332
18,2012-07-27,924506.26,0,72.97,3.701,138.2033871,8.535,2012,7,30,3,0,1033543.56,1024784.92,1097006.3,954148.64,1078395.5225,62205.209445870576,1077209.3008333333
18,2012-08-03,1052066.58,0,72.67,3.698,138.1735806,8.535,2012,8,31,3,0,924506.26,1033543.56,1158247.31,1002806.39,1035270.5125000001,95751.31395139036,1066749.1649999998
18,2012-08-10,967304.07,0,75.7,3.772,138.1437742,8.535,2012,8,32,3,0,1052066.58,924506.26,1024784.92,928470.83,1008725.3300000001,57286.329592462316,1066051.9549999998
18,2012-08-17,1048134.24,0,73.25,3.84,138.1857097,8.535,2012,8,33,3,0,967304.07,1052066.58,1033543.56,932679.79,994355.1174999999,59095.87970512453,1059373.5783333334
18,2012-08-24,1145840.91,0,68.52,3.874,138.2814516,8.535,2012,8,34,3,0,1048134.24,967304.07,924506.26,1147906.46,998002.7875,62663.67102754783,1056014.2166666666
18,2012-08-31,1117097.23,0,70.09,3.884,138.3771935,8.535,2012,8,35,3,1,1145840.91,1048134.24,1052066.58,540922.94,1053336.45,73000.73307179166,1058308.1508333334
18,2012-09-07,1083521.24,1,71.85,3.921,138.4729355,8.535,2012,9,36,3,0,1117097.23,1145840.91,967304.07,951549.61,1069594.1124999998,79569.46487942197,1058859.5916666668
18,2012-09-14,960476.1,0,64.45,3.988,138.5673,8.535,2012,9,37,3,0,1083521.24,1117097.23,1048134.24,845715.37,1098648.405,42221.651865047206,1061034.2091666667
18,2012-09-21,971386.65,0,60.23,4.056,138.6534,8.535,2012,9,38,3,0,960476.1,1083521.24,1145840.91,853073.17,1076733.8699999999,81582.10850617664,1051044.06
18,2012-09-28,1002856.2,0,58.24,4.018,138.7395,8.535,2012,9,39,3,0,971386.65,960476.1,1117097.23,847348.08,1033120.3049999999,78910.50386581596,1040575.7558333332
18,2012-10-05,1092204.79,0,59.68,4.027,138.8256,8.243,2012,10,40,4,0,1002856.2,971386.65,1083521.24,1019741.1,1004560.0475,55622.66248631993,1027626.4966666667
18,2012-10-12,1074079.0,0,50.97,4.029,138.9117,8.243,2012,10,41,4,0,1092204.79,1002856.2,960476.1,953533.95,1006730.935,59748.142796575194,1033244.8191666667
18,2012-10-19,1048706.75,0,51.96,4.0,138.8336129,8.243,2012,10,42,4,0,1074079.0,1092204.79,971386.65,1048212.62,1035131.66,57385.738876438016,1036622.7725
18,2012-10-26,1127516.25,0,56.09,3.917,138.7281613,8.243,2012,10,43,4,0,1048706.75,1074079.0,1002856.2,1106642.63,1054461.685,38754.0379908537,1046972.8133333334
19,2011-02-04,1370562.11,0,21.02,3.4,133.1834194,7.771,2011,2,5,1,0,1284185.49,1212967.84,1224175.99,1507637.17,1225633.4625,43068.98414889047,1587009.1983333332
19,2011-02-11,1430851.11,1,21.79,3.416,133.260871,7.771,2011,2,6,1,0,1370562.11,1284185.49,1181204.53,1536549.95,1262229.9925,84082.84960834653,1577036.3858333335
19,2011-02-18,1457270.16,0,34.74,3.42,133.3701429,7.771,2011,2,7,1,0,1430851.11,1370562.11,1212967.84,1515976.11,1324641.6375000002,95737.2772434456,1581474.5533333335
19,2011-02-25,1296658.47,0,23.24,3.452,133.4921429,7.771,2011,2,8,1,0,1457270.16,1430851.11,1284185.49,1373270.06,1385717.2175,76801.17361317098,1536799.7475000003
19,2011-03-04,1433569.44,0,29.28,3.605,133.6141429,7.771,2011,3,9,1,0,1296658.47,1457270.16,1370562.11,1495844.57,1388835.4625,71365.57483524695,1510188.9566666668
19,2011-03-11,1351450.43,0,35.59,3.752,133.7361429,7.771,2011,3,10,1,0,1433569.44,1296658.47,1430851.11,1467889.2,1404587.295,72924.31747513913,1479730.495
19,2011-03-18,1257972.37,0,40.32,3.796,133.8492258,7.771,2011,3,11,1,0,1351450.43,1433569.44,1457270.16,1332940.35,1384737.125,74187.8015246962,1433020.7441666666
19,2011-03-25,1266564.94,0,33.26,3.789,133.9587419,7.771,2011,3,12,1,0,1257972.37,1351450.43,1296658.47,1427023.45,1334912.6775,76135.51373347659,1314667.9066666667
19,2011-04-01,1305950.22,0,30.68,3.811,134.0682581,7.658,2011,4,13,2,0,1266564.94,1257972.37,1433569.44,1642970.27,1327389.295,82404.43565596029,1313952.74
19,2011-04-08,1419911.91,0,41.26,3.895,134.1777742,7.658,2011,4,14,2,0,1305950.22,1266564.94,1351450.43,1489613.32,1295484.49,42759.86226831041,1320767.2591666668
19,2011-04-15,1392093.04,0,48.67,3.981,134.2784667,7.658,2011,4,15,2,0,1419911.91,1305950.22,1257972.37,1460354.67,1312599.86,74528.45163747804,1340659.5408333333
19,2011-04-22,1514288.82,0,41.66,4.061,134.3571,7.658,2011,4,16,2,0,1392093.04,1419911.91,1266564.94,1456793.33,1346130.0275,71882.73965966978,1355586.6408333334
19,2011-04-29,1297237.7,0,54.23,4.117,134.4357333,7.658,2011,4,17,2,0,1514288.82,1392093.04,1305950.22,1405065.57,1408060.9975,85841.67781163768,1374761.9183333332
19,2011-05-06,1451953.95,0,50.43,4.192,134.5143667,7.658,2011,5,18,2,0,1297237.7,1514288.82,1419911.91,1566219.77,1405882.8675,89335.6896476849,1368651.5508333333
19,2011-05-13,1429143.06,0,54.2,4.211,134.593,7.658,2011,5,19,2,0,1451953.95,1297237.7,1392093.04,1437319.45,1413893.3775,92397.06680390704,1370410.1208333333
19,2011-05-20,1355234.3,0,52.8,4.202,134.6803871,7.658,2011,5,20,2,0,1429143.06,1451953.95,1514288.82,1377716.17,1423155.8824999998,91334.14105658726,1368066.1958333335
19,2011-05-27,1388553.11,0,63.2,4.134,134.7677742,7.658,2011,5,21,2,0,1355234.3,1429143.06,1297237.7,1648882.62,1383392.2525,70732.64205549343,1372947.515
19,2011-06-03,1457345.75,0,66.01,4.069,134.8551613,7.658,2011,6,22,2,0,1388553.11,1355234.3,1451953.95,1519013.49,1406221.105,42929.09450184343,1369196.1541666668
19,2011-06-10,1467473.63,0,68.26,4.025,134.9425484,7.658,2011,6,23,2,0,1457345.75,1388553.11,1429143.06,1410683.94,1407569.0550000002,44883.88649993305,1378020.764166667
19,2011-06-17,1418973.62,0,64.02,3.989,135.0837333,7.658,2011,6,24,2,0,1467473.63,1457345.75,1355234.3,1457314.39,1417151.6974999998,54158.72372657969,1395479.2025
19,2011-06-24,1440785.7,0,68.4,3.964,135.2652667,7.658,2011,6,25,2,0,1418973.62,1467473.63,1388553.11,1450407.32,1433086.5274999999,36301.43306162688,1408179.9258333333
19,2011-07-01,1462731.93,0,67.64,3.916,135.4468,7.806,2011,7,26,3,0,1440785.7,1418973.62,1457345.75,1549018.68,1446144.675,21192.55565374889,1419416.2158333333
19,2011-07-08,1465489.75,0,73.2,3.886,135.6283333,7.806,2011,7,27,3,0,1462731.93,1440785.7,1467473.63,1577541.24,1447491.2199999997,22284.474856897035,1422984.5508333333
19,2011-07-15,1391580.41,0,73.7,3.915,135.7837419,7.806,2011,7,28,3,0,1465489.75,1462731.93,1418973.62,1412157.02,1446995.25,21706.065870567407,1429100.9433333334
19,2011-07-22,1377119.45,0,79.37,3.972,135.8738387,7.806,2011,7,29,3,0,1391580.41,1465489.75,1440785.7,1372043.71,1440146.9474999998,34212.35470106737,1418875.2425
19,2011-07-29,1298775.8,0,74.86,4.004,135.9639355,7.806,2011,7,30,3,0,1377119.45,1391580.41,1462731.93,1366395.96,1424230.385,46440.51834216036,1425532.055
19,2011-08-05,1408968.55,0,73.84,4.02,136.0540323,7.806,2011,8,31,3,0,1298775.8,1377119.45,1465489.75,1492060.89,1383241.3524999998,68328.24213714429,1412767.2091666665
19,2011-08-12,1360969.45,0,70.92,3.995,136.144129,7.806,2011,8,32,3,0,1408968.55,1298775.8,1391580.41,1418027.08,1369111.0525,48664.409678883756,1411086.0
19,2011-08-19,1391792.69,0,71.14,3.942,136.183129,7.806,2011,8,33,3,0,1360969.45,1408968.55,1377119.45,1419383.19,1361458.3125,46302.736618035604,1411563.9291666665
19,2011-08-26,1547729.24,0,69.34,3.906,136.2136129,7.806,2011,8,34,3,0,1391792.69,1360969.45,1298775.8,1557888.16,1365126.6225,48486.79370870562,1411833.8941666668
19,2011-09-02,1609951.02,0,69.27,3.879,136.2440968,7.806,2011,9,35,3,0,1547729.24,1391792.69,1408968.55,1623519.64,1427364.9825,82663.45008913768,1419365.8516666666
19,2011-09-09,1566712.79,1,68.28,3.93,136.2745806,7.806,2011,9,36,3,0,1609951.02,1547729.24,1360969.45,1591453.39,1477610.5999999999,120278.12490406993,1431238.9675
19,2011-09-16,1365633.53,0,62.76,3.937,136.3145,7.806,2011,9,37,3,0,1566712.79,1609951.02,1391792.69,1386789.31,1529046.435,95134.89351477339,1443550.5649999997
19,2011-09-23,1300375.76,0,61.32,3.899,136.367,7.806,2011,9,38,3,0,1365633.53,1566712.79,1547729.24,1318343.58,1522506.645,107774.54164943806,1437287.8841666665
19,2011-09-30,1330757.22,0,64.99,3.858,136.4195,7.806,2011,9,39,3,1,1300375.76,1365633.53,1609951.02,1379456.3,1460668.275,150837.7386891412,1423758.2033333334
19,2011-10-07,1461718.87,0,53.1,3.775,136.472,7.866,2011,10,40,4,0,1330757.22,1300375.76,1566712.79,1428960.72,1390869.825,120222.46047145115,1412530.4925
19,2011-10-14,1318905.53,0,61.86,3.744,136.5150968,7.866,2011,10,41,4,0,1461718.87,1330757.22,1365633.53,1369317.63,1364621.345,70007.6853724125,1418375.3641666668
19,2011-10-21,1374863.1,0,52.05,3.757,136.5017742,7.866,2011,10,42,4,0,1318905.53,1461718.87,1300375.76,1357154.71,1352939.345,73589.54355125934,1413524.2041666666
19,2011-10-28,1396612.36,0,46.49,3.757,136.4884516,7.866,2011,10,43,4,0,1374863.1,1318905.53,1330757.22,1404576.48,1371561.1800000002,64747.95330208512,1419864.8125
19,2011-11-04,1480289.64,0,44.97,3.738,136.475129,7.866,2011,11,44,4,0,1396612.36,1374863.1,1461718.87,1435379.25,1388024.965,59034.63946992721,1418835.13
19,2011-11-11,1502078.93,0,48.22,3.719,136.4618065,7.866,2011,11,45,4,0,1480289.64,1396612.36,1318905.53,1490235.86,1392667.6575000002,66960.25242918669,1428778.4791666667
19,2011-11-18,1411835.57,0,48.21,3.717,136.4666667,7.866,2011,11,46,4,0,1502078.93,1480289.64,1374863.1,1377593.1,1438461.0075,62163.434310946555,1437968.9991666668
19,2011-11-25,1974646.78,1,42.75,3.689,136.4788,7.866,2011,11,47,4,0,1411835.57,1502078.93,1396612.36,1993367.83,1447704.125,51365.86705587902,1426644.5266666666
19,2011-12-02,1484708.38,0,45.67,3.666,136.4909333,7.866,2011,12,48,4,0,1974646.78,1411835.57,1480289.64,1615987.96,1592212.73,257838.8401221819,1457035.84
19,2011-12-09,1713769.06,0,40.18,3.627,136.5030667,7.866,2011,12,49,4,0,1484708.38,1974646.78,1502078.93,1799070.98,1593317.4149999998,257208.17010392816,1450202.1391666664
19,2011-12-16,1852179.15,0,37.07,3.611,136.5335161,7.866,2011,12,50,4,0,1713769.06,1484708.38,1411835.57,1911967.44,1646239.9475,253935.0889222744,1479213.4333333333
19,2011-12-23,2480159.47,0,36.09,3.587,136.5883871,7.866,2011,12,51,4,0,1852179.15,1713769.06,1974646.78,2678206.42,1756325.8425,210110.29958988956,1525197.0491666666
19,2011-12-30,1405168.06,1,31.65,3.566,136.6432581,7.866,2011,12,52,4,0,2480159.47,1852179.15,1484708.38,1275146.94,1882704.0150000001,426155.03148988326,1620980.5700000003
19,2012-01-06,1266570.4,0,31.84,3.585,136.698129,7.943,2012,1,1,1,0,1405168.06,2480159.47,1713769.06,1224175.99,1862818.935,451989.20702627156,1616268.0025000002
19,2012-01-13,1182198.7,0,37.08,3.666,136.753,7.943,2012,1,2,1,0,1266570.4,1405168.06,1852179.15,1181204.53,1751019.27,546559.7008197109,1611906.7416666665
19,2012-01-20,1237104.73,0,23.44,3.705,136.8564194,7.943,2012,1,3,1,0,1182198.7,1266570.4,2480159.47,1212967.84,1583524.1575000002,604783.0432941377,1595851.3749999998
19,2012-01-27,1279623.26,0,32.41,3.737,136.9598387,7.943,2012,1,4,1,0,1237104.73,1182198.7,1405168.06,1284185.49,1272760.4725,94943.58471691809,1582559.0724999998
19,2012-02-03,1345311.65,0,36.22,3.796,137.0632581,7.943,2012,2,5,1,0,1279623.26,1237104.73,1266570.4,1370562.11,1241374.2725,43273.576462763594,1565836.8741666665
19,2012-02-10,1499496.67,1,32.61,3.826,137.1666774,7.943,2012,2,6,1,0,1345311.65,1279623.26,1182198.7,1430851.11,1261059.585,68886.12522931464,1552772.9341666664
19,2012-02-17,1424720.27,0,30.95,3.874,137.2583103,7.943,2012,2,7,1,0,1499496.67,1345311.65,1237104.73,1457270.16,1340384.0775,115035.6446586735,1560078.0258333336
19,2012-02-24,1352470.09,0,33.91,3.917,137.3411034,7.943,2012,2,8,1,0,1424720.27,1499496.67,1279623.26,1296658.47,1387287.9625,95473.67989679659,1514250.8166666667
19,2012-03-02,1308977.05,0,34.83,3.983,137.4238966,7.943,2012,3,9,1,0,1352470.09,1424720.27,1345311.65,1433569.44,1405499.6700000002,72202.49667857379,1503230.9591666665
19,2012-03-09,1358816.46,0,38.15,4.021,137.5066897,7.943,2012,3,10,1,0,1308977.05,1352470.09,1499496.67,1351450.43,1396416.02,83673.11238925045,1469498.2916666667
19,2012-03-16,1312849.1,0,48.2,4.021,137.5843871,7.943,2012,3,11,1,0,1358816.46,1308977.05,1424720.27,1257972.37,1361245.9675,47763.11459369987,1428384.7341666669
19,2012-03-23,1342254.55,0,56.72,4.054,137.6552903,7.943,2012,3,12,1,0,1312849.1,1358816.46,1352470.09,1266564.94,1333278.175,26002.726675816768,1331108.8699999999
19,2012-03-30,1327139.35,0,43.47,4.098,137.7261935,7.943,2012,3,13,1,0,1342254.55,1312849.1,1308977.05,1305950.22,1330724.29,23906.636290175524,1325866.0775
19,2012-04-06,1631737.68,0,40.23,4.143,137.7970968,8.15,2012,4,14,2,0,1327139.35,1342254.55,1358816.46,1419911.91,1335264.865,19765.490448385746,1330913.49
19,2012-04-13,1365098.46,0,44.42,4.187,137.868,8.15,2012,4,15,2,0,1631737.68,1327139.35,1312849.1,1392093.04,1403495.17,152634.6161736184,1368375.0716666665
19,2012-04-20,1255087.26,0,55.2,4.17,137.9230667,8.15,2012,4,16,2,0,1365098.46,1631737.68,1342254.55,1514288.82,1416557.5100000002,144299.5456110658,1379041.2158333333
19,2012-04-27,1285897.24,0,42.45,4.163,137.9781333,8.15,2012,4,17,2,0,1255087.26,1365098.46,1327139.35,1297237.7,1394765.6875,164437.68247119756,1376996.5491666666
19,2012-05-04,1405007.44,0,50.76,4.124,138.0332,8.15,2012,5,18,2,0,1285897.24,1255087.26,1631737.68,1451953.95,1384455.1600000001,171243.5338707018,1372045.3483333334
19,2012-05-11,1442873.22,0,55.33,4.055,138.0882667,8.15,2012,5,19,2,0,1405007.44,1285897.24,1365098.46,1429143.06,1327772.6,69270.35142736632,1364171.2458333333
19,2012-05-18,1366937.1,0,58.81,4.029,138.1065806,8.15,2012,5,20,2,0,1442873.22,1405007.44,1255087.26,1355234.3,1347216.29,90807.21215298706,1365683.9916666667
19,2012-05-25,1485540.28,0,67.79,3.979,138.1101935,8.15,2012,5,21,2,0,1366937.1,1442873.22,1285897.24,1388553.11,1375178.75,67110.36889160397,1366889.5758333334
19,2012-06-01,1450733.29,0,68.18,3.915,138.1138065,8.15,2012,6,22,2,0,1485540.28,1366937.1,1405007.44,1457345.75,1425089.51,50844.692477031545,1381603.1783333332
19,2012-06-08,1390122.11,0,60.19,3.871,138.1174194,8.15,2012,6,23,2,0,1450733.29,1485540.28,1442873.22,1467473.63,1436520.9725,49957.14442366097,1389262.9141666668
19,2012-06-15,1440263.15,0,68.19,3.786,138.1295333,8.15,2012,6,24,2,0,1390122.11,1450733.29,1366937.1,1418973.62,1423333.195,54479.29982520643,1395702.3316666668
19,2012-06-22,1468350.36,0,75.83,3.722,138.1629,8.15,2012,6,25,2,0,1440263.15,1390122.11,1485540.28,1440785.7,1441664.7075,39437.329064548954,1403869.7149999999
19,2012-06-29,1379652.65,0,69.92,3.667,138.1962667,8.15,2012,6,26,2,0,1468350.36,1440263.15,1450733.29,1462731.93,1437367.2275,33561.35486430271,1415637.2991666666
19,2012-07-06,1557120.44,0,76.07,3.646,138.2296333,8.193,2012,7,27,3,0,1379652.65,1468350.36,1390122.11,1465489.75,1419597.0675,41905.84726316133,1394630.2133333334
19,2012-07-13,1321741.35,0,73.17,3.689,138.263,8.193,2012,7,28,3,0,1557120.44,1379652.65,1440263.15,1391580.41,1461346.65,73801.74887941303,1410632.045
19,2012-07-20,1317672.92,0,76.17,3.732,138.2331935,8.193,2012,7,29,3,0,1321741.35,1557120.44,1468350.36,1377119.45,1431716.2000000002,103074.9985205108,1416186.5525
19,2012-07-27,1248915.43,0,74.43,3.82,138.2033871,8.193,2012,7,30,3,0,1317672.92,1321741.35,1379652.65,1298775.8,1394046.8399999999,112340.62972796088,1418834.5258333331
19,2012-08-03,1342123.78,0,73.41,3.819,138.1735806,8.193,2012,8,31,3,0,1248915.43,1317672.92,1557120.44,1408968.55,1361362.535,134714.673232632,1405826.8583333334
19,2012-08-10,1408907.89,0,74.45,3.863,138.1437742,8.193,2012,8,32,3,0,1342123.78,1248915.43,1321741.35,1360969.45,1307613.37,40567.683869868364,1397431.0716666665
19,2012-08-17,1375101.26,0,69.83,3.963,138.1857097,8.193,2012,8,33,3,0,1408907.89,1342123.78,1317672.92,1391792.69,1329405.005,66077.45319687018,1400928.6375
19,2012-08-24,1544653.37,0,66.66,3.997,138.2814516,8.193,2012,8,34,3,0,1375101.26,1408907.89,1248915.43,1547729.24,1343762.0899999999,68859.0149187515,1391725.3858333335
19,2012-08-31,1542719.87,0,71.85,4.026,138.3771935,8.193,2012,8,35,3,1,1544653.37,1375101.26,1342123.78,1609951.02,1417696.5750000002,88921.08296079909,1399552.0591666668
19,2012-09-07,1497073.82,1,72.2,4.076,138.4729355,8.193,2012,9,36,3,0,1542719.87,1544653.37,1408907.89,1566712.79,1467845.5975000001,88658.06243180706,1412268.5391666666
19,2012-09-14,1370653.41,0,65.08,4.088,138.5673,8.193,2012,9,37,3,0,1497073.82,1542719.87,1375101.26,1365633.53,1489887.08,79620.10618022134,1417002.7616666667
19,2012-09-21,1338572.29,0,60.62,4.203,138.6534,8.193,2012,9,38,3,0,1370653.41,1497073.82,1544653.37,1300375.76,1488775.1175000002,81759.8550036224,1408861.3491666669
19,2012-09-28,1338299.02,0,56.81,4.158,138.7395,8.193,2012,9,39,3,0,1338572.29,1370653.41,1542719.87,1330757.22,1437254.8475,98107.38856594833,1405437.985833333
19,2012-10-05,1408016.1,0,59.86,4.151,138.8256,7.992,2012,10,40,4,0,1338299.02,1338572.29,1497073.82,1461718.87,1386149.6349999998,75493.03040743554,1387202.8675
19,2012-10-12,1352809.5,0,48.29,4.186,138.9117,7.992,2012,10,41,4,0,1408016.1,1338299.02,1370653.41,1318905.53,1363885.205,33109.62106436015,1394392.43
19,2012-10-19,1321102.35,0,53.44,4.153,138.8336129,7.992,2012,10,42,4,0,1352809.5,1408016.1,1338572.29,1374863.1,1359424.2275,33095.83247872547,1397320.4783333335
19,2012-10-26,1322117.96,0,56.49,4.071,138.7281613,7.992,2012,10,43,4,0,1321102.35,1352809.5,1338299.02,1396612.36,1355056.7425000002,37609.687046024956,1403336.055
20,2011-02-04,2351143.07,0,28.58,3.231,205.7329407,7.343,2011,2,5,1,0,1761506.68,1781805.66,1843030.95,2401395.47,1817672.0749999997,56359.8678826244,2327411.5141666667
20,2011-02-11,2211388.14,1,25.38,3.239,206.0763862,7.343,2011,2,6,1,0,2351143.07,1761506.68,1884345.01,2109107.9,1944700.105,276244.488612015,2341026.33
20,2011-02-18,2258616.24,0,42.95,3.245,206.3694701,7.343,2011,2,7,1,0,2211388.14,2351143.07,1781805.66,2161549.76,2026460.8875000002,299818.56778458203,2349887.0991666666
20,2011-02-25,1938608.52,0,33.2,3.274,206.6424093,7.343,2011,2,8,1,0,2258616.24,2211388.14,1761506.68,1898193.95,2145663.5325,262600.05446593254,2303802.2824999997
20,2011-03-04,2143424.61,0,37.33,3.433,206.9153485,7.343,2011,3,9,1,0,1938608.52,2258616.24,2351143.07,2119213.72,2189938.9925,177323.04913382808,2264015.395
20,2011-03-11,1990932.77,0,39.53,3.582,207.1882876,7.343,2011,3,10,1,0,2143424.61,1938608.52,2211388.14,2010974.84,2138009.3775,141091.55985020456,2213290.6058333335
20,2011-03-18,1931668.64,0,44.8,3.631,207.4283845,7.343,2011,3,11,1,0,1990932.77,2143424.61,2258616.24,1951848.43,2082895.535,145850.86896108426,2144268.9058333333
20,2011-03-25,1824711.21,0,44.83,3.625,207.6553444,7.343,2011,3,12,1,0,1931668.64,1990932.77,1938608.52,1894742.95,2001158.635,98464.12586878914,1991350.6733333336
20,2011-04-01,1927993.09,0,32.43,3.638,207.8823043,7.287,2011,4,13,2,0,1824711.21,1931668.64,2143424.61,2405395.22,1972684.3074999999,132995.71402320036,1993431.7916666667
20,2011-04-08,2027056.39,0,47.09,3.72,208.1092642,7.287,2011,4,14,2,0,1927993.09,1824711.21,1990932.77,2007796.26,1918826.4274999998,69055.4099186201,2000511.9699999997
20,2011-04-15,2057406.33,0,55.0,3.821,208.3172811,7.287,2011,4,15,2,0,2027056.39,1927993.09,1931668.64,1985784.59,1927857.3325,82652.12255922199,2012404.585
20,2011-04-22,2313861.81,0,52.56,3.892,208.4779405,7.287,2011,4,16,2,0,2057406.33,2027056.39,1824711.21,1878862.42,1959291.7550000001,105372.42698700544,2035371.3075
20,2011-04-29,1881788.19,0,62.97,3.962,208.6386,7.287,2011,4,17,2,0,2313861.81,2057406.33,1927993.09,1919053.21,2081579.405,164419.147858465,2081400.9016666666
20,2011-05-06,2090838.44,0,53.41,4.046,208.7992595,7.287,2011,5,18,2,0,1881788.19,2313861.81,2027056.39,2137202.38,2070028.1799999997,179717.38812870043,2042287.995
20,2011-05-13,2036748.53,0,62.26,4.066,208.9599189,7.287,2011,5,19,2,0,2090838.44,1881788.19,2057406.33,2033211.62,2085973.6925,177449.02882923753,2032242.1866666665
20,2011-05-20,1953416.06,0,59.01,4.062,208.7583165,7.287,2011,5,20,2,0,2036748.53,2090838.44,2313861.81,1893736.9,2080809.2425,178852.64861057527,2013753.2108333334
20,2011-05-27,1944433.17,0,69.12,3.985,208.556714,7.287,2011,5,21,2,0,1953416.06,2036748.53,1881788.19,2065984.95,1990697.805,92014.58000578723,2014987.1724999996
20,2011-06-03,2182246.69,0,73.51,3.922,208.3551116,7.287,2011,6,22,2,0,1944433.17,1953416.06,2090838.44,2203619.35,2006359.0499999998,69995.38707029002,1998404.5525
20,2011-06-10,2135062.04,0,73.64,3.881,208.1535092,7.287,2011,6,23,2,0,2182246.69,1944433.17,2036748.53,2100489.79,2029211.1125,110164.86155052803,2014347.3791666664
20,2011-06-17,2065191.27,0,66.41,3.842,208.1265604,7.287,2011,6,24,2,0,2135062.04,2182246.69,1953416.06,2091903.63,2053789.49,122665.00423137797,2031296.8291666666
20,2011-06-24,1950826.32,0,72.4,3.804,208.2306018,7.287,2011,6,25,2,0,2065191.27,2135062.04,1944433.17,1973135.87,2081733.2925,103395.45530602294,2051336.8341666667
20,2011-07-01,2053165.41,0,69.66,3.748,208.3346432,7.274,2011,7,26,3,0,1950826.32,2065191.27,2182246.69,2143676.77,2083331.58,100576.59478011348,2053239.6033333335
20,2011-07-08,2123787.79,0,74.69,3.711,208.4386847,7.274,2011,7,27,3,0,2053165.41,1950826.32,2135062.04,2107285.85,2051061.26,75954.50144052634,2055415.3550000002
20,2011-07-15,2039875.75,0,74.88,3.76,208.5309337,7.274,2011,7,28,3,0,2123787.79,2053165.41,2065191.27,2031852.16,2048242.6975,71899.23229586352,2060947.1433333333
20,2011-07-22,1950904.84,0,78.89,3.811,208.5937018,7.274,2011,7,29,3,0,2039875.75,2123787.79,1950826.32,1900535.9,2041913.8175,71018.85108116493,2038114.9716666667
20,2011-07-29,1858440.92,0,77.47,3.829,208.6564699,7.274,2011,7,30,3,0,1950904.84,2039875.75,2053165.41,1955896.59,2041933.4475,70985.28455509036,2043874.6925
20,2011-08-05,2189353.63,0,77.8,3.842,208.719238,7.274,2011,8,31,3,0,1858440.92,1950904.84,2123787.79,1910177.38,1993252.325,114281.34257961564,2024508.2325000002
20,2011-08-12,2052246.4,0,73.52,3.812,208.7820061,7.274,2011,8,32,3,0,2189353.63,1858440.92,2039875.75,2071022.45,2009643.785,140857.10269821767,2037225.3241666667
20,2011-08-19,1990017.93,0,71.25,3.747,208.8424359,7.274,2011,8,33,3,0,2052246.4,2189353.63,1950904.84,1975374.56,2012736.4474999998,141874.26709746686,2045461.1858333333
20,2011-08-26,1933577.2,0,70.15,3.704,208.902476,7.274,2011,8,34,3,0,1990017.93,2052246.4,1858440.92,1946369.57,2022514.72,137471.75211942854,2049259.9158333333
20,2011-09-02,2141765.98,0,70.82,3.703,208.9625161,7.274,2011,9,35,3,0,1933577.2,1990017.93,2189353.63,2121561.41,2041298.79,109960.22518257465,2028537.458333333
20,2011-09-09,2050542.56,1,68.74,3.738,209.0225562,7.274,2011,9,36,3,0,2141765.98,1933577.2,2052246.4,2014954.79,2029401.8775,89220.75221521714,2029096.1199999999
20,2011-09-16,1979009.46,0,64.02,3.742,209.1893892,7.274,2011,9,37,3,0,2050542.56,2141765.98,1990017.93,1948359.78,2028975.9175,89079.28745070116,2027875.3941666668
20,2011-09-23,1888119.7,0,62.15,3.711,209.4986126,7.274,2011,9,38,3,0,1979009.46,2050542.56,1933577.2,1789687.65,2026223.7999999998,90836.82043512214,2030223.9891666665
20,2011-09-30,1945808.26,0,63.44,3.645,209.807836,7.274,2011,9,39,3,1,1888119.7,1979009.46,2141765.98,1933719.21,2014859.425,107589.86586256688,2016470.18
20,2011-10-07,2135982.79,0,52.42,3.583,210.1170595,7.082,2011,10,40,4,0,1945808.26,1888119.7,2050542.56,2060389.27,1965869.995,67797.91144267184,2001638.5525
20,2011-10-14,2010107.68,0,62.54,3.541,210.4027602,7.082,2011,10,41,4,0,2135982.79,1945808.26,1979009.46,1950676.39,1987230.0524999998,106040.21551811474,2009647.4725
20,2011-10-21,2104241.9,0,53.69,3.57,210.5473252,7.082,2011,10,42,4,0,2010107.68,2135982.79,1888119.7,1893955.27,1995004.6075000002,106376.08565614461,2014581.0424999997
20,2011-10-28,2065421.52,0,49.36,3.569,210.6918901,7.082,2011,10,43,4,0,2104241.9,2010107.68,1945808.26,1891816.0,2049035.1575,87137.4701009984,2035064.4574999998
20,2011-11-04,2284106.6,0,43.88,3.551,210.8364551,7.082,2011,11,44,4,0,2065421.52,2104241.9,2135982.79,2184316.64,2078938.4724999997,54205.48435769246,2024736.7816666665
20,2011-11-11,2269975.85,0,47.27,3.53,210.9810201,7.082,2011,11,45,4,0,2284106.6,2065421.52,2010107.68,2187765.28,2115969.425,118560.03291433207,2044058.4649999999
20,2011-11-18,2169933.82,0,49.3,3.53,211.1847207,7.082,2011,11,46,4,0,2269975.85,2284106.6,2104241.9,2105058.91,2180936.4675,112246.52579031972,2067388.2916666667
20,2011-11-25,2906233.25,1,46.38,3.492,211.4120757,7.082,2011,11,47,4,0,2169933.82,2269975.85,2065421.52,2811634.04,2197359.4475,101584.1065909858,2087084.6766666668
20,2011-12-02,2298776.83,0,46.32,3.452,211.6394306,7.082,2011,12,48,4,0,2906233.25,2169933.82,2284106.6,2416051.17,2407562.38,336309.0602244121,2150790.2825
20,2011-12-09,2546123.78,0,41.64,3.415,211.8667856,7.082,2011,12,49,4,0,2298776.83,2906233.25,2269975.85,2752122.08,2411229.9375,334589.5566852083,2171476.471666666
20,2011-12-16,2762816.65,0,37.16,3.413,212.0685039,7.082,2011,12,50,4,0,2546123.78,2298776.83,2169933.82,2819193.17,2480266.92,324052.3239779591,2218735.9983333335
20,2011-12-23,3555371.03,0,40.19,3.389,212.2360401,7.082,2011,12,51,4,0,2762816.65,2546123.78,2906233.25,3766687.43,2628487.6275,265003.1009043788,2291627.410833333
20,2011-12-30,2043245.0,1,36.35,3.389,212.4035763,7.082,2011,12,52,4,0,3555371.03,2762816.65,2298776.83,1799737.79,2790772.0725,543845.9270550319,2425757.6416666666
20,2012-01-06,1964701.94,0,33.42,3.422,212.5711125,6.961,2012,1,1,1,0,2043245.0,3555371.03,2546123.78,1843030.95,2726889.1149999998,629210.7367077797,2418029.4925
20,2012-01-13,1911510.64,0,37.79,3.513,212.7386486,6.961,2012,1,2,1,0,1964701.94,2043245.0,2762816.65,1884345.01,2581533.6550000003,741947.6167391272,2414245.6808333336
20,2012-01-20,1892775.94,0,27.65,3.533,212.8336399,6.961,2012,1,3,1,0,1911510.64,1964701.94,3555371.03,1781805.66,2368707.1525,792957.67723181,2398184.7425
20,2012-01-27,1761016.51,0,37.19,3.567,212.9286312,6.961,2012,1,4,1,0,1892775.94,1911510.64,2043245.0,1761506.68,1953058.3800000001,67402.73532520927,2383797.6108333333
20,2012-02-03,2203523.2,0,39.93,3.617,213.0236225,6.961,2012,2,5,1,0,1761016.51,1892775.94,1964701.94,2351143.07,1882501.2574999998,86530.55231557044,2340206.77
20,2012-02-10,2462978.28,1,33.47,3.64,213.1186138,6.961,2012,2,6,1,0,2203523.2,1761016.51,1911510.64,2211388.14,1942206.5725,186638.55108928581,2334669.049166667
20,2012-02-17,2309025.16,0,31.11,3.695,213.2732106,6.961,2012,2,7,1,0,2462978.28,2203523.2,1892775.94,2258616.24,2080073.4825,315559.6287163238,2359089.4208333334
20,2012-02-24,2045837.55,0,39.79,3.739,213.4725116,6.961,2012,2,8,1,0,2309025.16,2462978.28,1761016.51,1938608.52,2184135.7875,301527.38169892353,2309322.08
20,2012-03-02,2148822.76,0,39.98,3.816,213.6718127,6.961,2012,3,9,1,0,2045837.55,2309025.16,2203523.2,2143424.61,2255341.0475,175662.56387312486,2288243.8066666666
20,2012-03-09,2139265.4,0,41.14,3.848,213.8711137,6.961,2012,3,10,1,0,2148822.76,2045837.55,2462978.28,1990932.77,2241665.9375,183016.42071846093,2255135.388333333
20,2012-03-16,2064991.71,0,53.73,3.862,214.0167132,6.961,2012,3,11,1,0,2139265.4,2148822.76,2309025.16,1931668.64,2160737.7175000003,109231.01013565733,2203172.784166666
20,2012-03-23,1992436.96,0,66.11,3.9,214.0907105,6.961,2012,3,12,1,0,2064991.71,2139265.4,2045837.55,1824711.21,2099729.355,51911.116006246426,2078974.5075
20,2012-03-30,2074721.74,0,51.52,3.953,214.1647079,6.961,2012,3,13,1,0,1992436.96,2064991.71,2148822.76,1927993.09,2086379.2075,72981.08777994693,2074740.5041666667
20,2012-04-06,2565259.92,0,50.06,3.996,214.2387053,7.139,2012,4,14,2,0,2074721.74,1992436.96,2139265.4,2027056.39,2067853.9525,60118.42903543599,2083908.820833333
20,2012-04-13,2045396.06,0,45.68,4.044,214.3127027,7.139,2012,4,15,2,0,2565259.92,2074721.74,2064991.71,2057406.33,2174352.5825,263177.97870903765,2138387.9274999998
20,2012-04-20,1884427.84,0,60.11,4.027,214.3675045,7.139,2012,4,16,2,0,2045396.06,2565259.92,1992436.96,2313861.81,2169453.67,266058.84832665947,2151106.2708333335
20,2012-04-27,1886503.93,0,47.64,4.004,214.4223063,7.139,2012,4,17,2,0,1884427.84,2045396.06,2074721.74,1881788.19,2142451.39,294023.949118603,2161390.5483333333
20,2012-05-04,2163510.89,0,62.74,3.951,214.4771081,7.139,2012,5,18,2,0,1886503.93,1884427.84,2565259.92,2090838.44,2095396.9375,322188.12245691026,2134972.2758333334
20,2012-05-11,2168097.11,0,63.19,3.889,214.5319099,7.139,2012,5,19,2,0,2163510.89,1886503.93,2045396.06,2036748.53,1994959.6800000002,135318.48380988656,2110016.6599999997
20,2012-05-18,2039222.26,0,60.99,3.848,214.5485571,7.139,2012,5,20,2,0,2168097.11,2163510.89,1884427.84,1953416.06,2025634.9425,161866.33426332998,2098272.6558333333
20,2012-05-25,2114989.0,0,70.04,3.798,214.5499425,7.139,2012,5,21,2,0,2039222.26,2168097.11,1886503.93,1944433.17,2064333.5474999999,132736.54581935375,2097721.381666667
20,2012-06-01,2143126.59,0,73.67,3.742,214.5513278,7.139,2012,6,22,2,0,2114989.0,2039222.26,2163510.89,2182246.69,2121454.815,59855.98547824885,2094901.9016666666
20,2012-06-08,2231962.13,0,62.01,3.689,214.5527132,7.139,2012,6,23,2,0,2143126.59,2114989.0,2168097.11,2135062.04,2116358.7399999998,55813.04942496133,2095223.6675000002
20,2012-06-15,2165160.29,0,71.51,3.62,214.5653243,7.139,2012,6,24,2,0,2231962.13,2143126.59,2039222.26,2065191.27,2132324.995,79609.23127517843,2109137.8691666666
20,2012-06-22,2060588.69,0,76.51,3.564,214.606,7.139,2012,6,25,2,0,2165160.29,2231962.13,2114989.0,1950826.32,2163809.5025,49859.2338350714,2123531.48
20,2012-06-29,2055952.61,0,74.15,3.506,214.6466757,7.139,2012,6,26,2,0,2060588.69,2165160.29,2143126.59,2053165.41,2150209.425,70684.92491954385,2122353.7258333336
20,2012-07-06,2358055.3,0,79.2,3.475,214.6873514,7.28,2012,7,27,3,0,2055952.61,2060588.69,2231962.13,2123787.79,2128415.93,85485.73128051181,2079911.45
20,2012-07-13,2134680.12,0,78.27,3.523,214.728027,7.28,2012,7,28,3,0,2358055.3,2055952.61,2165160.29,2039875.75,2159939.2225,141375.36748798224,2105966.3866666667
20,2012-07-20,1970170.29,0,76.04,3.567,214.7331351,7.28,2012,7,29,3,0,2134680.12,2358055.3,2060588.69,1950904.84,2152319.1799999997,141820.88012647603,2126820.7433333336
20,2012-07-27,1911559.1,0,74.6,3.647,214.7382432,7.28,2012,7,30,3,0,1970170.29,2134680.12,2055952.61,1858440.92,2129714.58,166392.45744874468,2133792.94
20,2012-08-03,2094515.71,0,74.73,3.654,214.7433514,7.28,2012,8,31,3,0,1911559.1,1970170.29,2358055.3,2189353.63,2093616.2025000001,199998.30290173012,2112796.9575
20,2012-08-10,2144245.39,0,75.4,3.722,214.7484595,7.28,2012,8,32,3,0,2094515.71,1911559.1,2134680.12,2052246.4,2027731.3050000002,104414.9693027825,2106665.174166667
20,2012-08-17,2045061.22,0,69.57,3.807,214.825578,7.28,2012,8,33,3,0,2144245.39,2094515.71,1970170.29,1990017.93,2030122.6225,107737.4382769561,2115417.1016666666
20,2012-08-24,2005341.43,0,68.27,3.834,214.9567044,7.28,2012,8,34,3,0,2045061.22,2144245.39,1911559.1,1933577.2,2048845.355,100081.27279608458,2109589.7866666666
20,2012-08-31,2062481.56,0,72.66,3.867,215.0878309,7.28,2012,8,35,3,1,2005341.43,2045061.22,2094515.71,2141765.98,2072290.9375,60263.5263291603,2098107.69
20,2012-09-07,2080529.06,1,76.36,3.911,215.2189573,7.28,2012,9,36,3,0,2062481.56,2005341.43,2144245.39,2050542.56,2064282.4,58426.06296160803,2083984.3091666668
20,2012-09-14,2047949.98,0,64.84,3.948,215.3583757,7.28,2012,9,37,3,0,2080529.06,2062481.56,2045061.22,1979009.46,2048353.3175,32123.439074034854,2076931.7066666668
20,2012-09-21,2028587.24,0,60.94,4.038,215.5475459,7.28,2012,9,38,3,0,2047949.98,2080529.06,2005341.43,1888119.7,2049075.5075,32057.160174884924,2075878.4808333332
20,2012-09-28,2008350.58,0,58.65,3.997,215.7367162,7.28,2012,9,39,3,0,2028587.24,2047949.98,2062481.56,1945808.26,2054886.96,22022.65655464225,2073598.0333333332
20,2012-10-05,2246411.89,0,60.77,3.985,215.9258865,7.293,2012,10,40,4,0,2008350.58,2028587.24,2080529.06,2135982.79,2041354.215,30715.946838602355,2044455.9733333334
20,2012-10-12,2162951.36,0,47.2,4.0,216.1150568,7.293,2012,10,41,4,0,2246411.89,2008350.58,2047949.98,2010107.68,2082824.9225,110249.88502489058,2053766.9541666668
20,2012-10-19,1999363.49,0,56.26,3.969,216.1464699,7.293,2012,10,42,4,0,2162951.36,2246411.89,2028587.24,2104241.9,2111575.2675,113082.22151100445,2069832.0433333332
20,2012-10-26,2031650.55,0,60.04,3.882,216.1515902,7.293,2012,10,43,4,0,1999363.49,2162951.36,2008350.58,2065421.52,2104269.33,120904.54895763131,2077149.0758333334
21,2011-02-04,596218.24,0,36.33,2.989,212.2240646,8.028,2011,2,5,1,0,649878.29,663941.73,629152.06,798593.88,648440.3025,14374.924370265693,876024.6083333333
21,2011-02-11,771908.51,1,34.61,3.022,212.5928624,8.028,2011,2,6,1,0,596218.24,649878.29,650789.13,809321.44,640206.8475,30021.457548558003,864393.0966666667
21,2011-02-18,884701.92,0,59.87,3.045,212.9033115,8.028,2011,2,7,1,0,771908.51,596218.24,663941.73,867283.25,670486.6925,73642.6753304484,865694.7316666666
21,2011-02-25,768313.85,0,61.27,3.065,213.190421,8.028,2011,2,8,1,0,884701.92,771908.51,649878.29,749597.24,725676.74,129010.71360681464,835617.5075
21,2011-03-04,796277.72,0,59.52,3.288,213.4775305,8.028,2011,3,9,1,0,768313.85,884701.92,596218.24,747444.32,755285.63,119019.69771798243,830542.7675000001
21,2011-03-11,763479.9,0,54.69,3.459,213.7646401,8.028,2011,3,10,1,0,796277.72,768313.85,771908.51,712312.89,805300.5,54372.27642628163,818241.6074999999
21,2011-03-18,793569.0,0,63.26,3.488,214.0156238,8.028,2011,3,11,1,0,763479.9,796277.72,884701.92,727070.0,803193.3475,56229.32376407296,786235.1966666667
21,2011-03-25,753711.32,0,70.33,3.473,214.2521573,8.028,2011,3,12,1,0,793569.0,763479.9,768313.85,686497.53,780410.1174999999,16910.44006697519,720094.465
21,2011-04-01,732056.37,0,56.36,3.524,214.4886908,7.931,2011,4,13,2,0,753711.32,793569.0,796277.72,753664.12,776759.485,21378.23332029193,726828.4725
21,2011-04-08,744782.89,0,68.62,3.622,214.7252242,7.931,2011,4,14,2,0,732056.37,753711.32,763479.9,751181.4,760704.1475,25543.41483254837,735403.8316666667
21,2011-04-15,768390.05,0,71.01,3.743,214.9420631,7.931,2011,4,15,2,0,744782.89,732056.37,793569.0,716026.51,756029.895,26556.76446549915,743236.645
21,2011-04-22,801302.01,0,70.79,3.807,215.1096657,7.931,2011,4,16,2,0,768390.05,744782.89,753711.32,718780.59,749735.1575,15284.843945069586,751940.6716666667
21,2011-04-29,783250.75,0,70.19,3.81,215.2772683,7.931,2011,4,17,2,0,801302.01,768390.05,732056.37,680532.69,761632.8300000001,30430.200613517078,764559.315
21,2011-05-06,718898.33,0,61.87,3.906,215.4448709,7.931,2011,5,18,2,0,783250.75,801302.01,744782.89,744969.42,774431.425,23911.940331386435,780145.3574999999
21,2011-05-13,754236.7,0,75.04,3.899,215.6124735,7.931,2011,5,19,2,0,718898.33,783250.75,768390.05,723559.88,767960.2849999999,35368.201689605194,775727.8424999999
21,2011-05-20,744836.56,0,68.36,3.907,215.3834778,7.931,2011,5,20,2,0,754236.7,718898.33,801302.01,753361.72,764421.9475,36012.96910147397,764855.7408333333
21,2011-05-27,744389.81,0,76.86,3.786,215.1544822,7.931,2011,5,21,2,0,744836.56,754236.7,783250.75,755214.26,750305.585,26565.412746067686,762899.2999999999
21,2011-06-03,773878.58,0,83.82,3.699,214.9254865,7.931,2011,6,22,2,0,744389.81,744836.56,718898.33,806012.48,740590.35,15157.317217099288,758575.3075
21,2011-06-10,794397.89,0,84.71,3.648,214.6964908,7.931,2011,6,23,2,0,773878.58,744389.81,754236.7,784305.55,754335.4125000001,13797.201986830149,759441.8641666668
21,2011-06-17,823220.43,0,87.54,3.637,214.6513538,7.931,2011,6,24,2,0,794397.89,773878.58,744836.56,785104.29,764375.71,24309.46600073366,759510.9383333334
21,2011-06-24,771298.98,0,85.72,3.594,214.7441108,7.931,2011,6,25,2,0,823220.43,794397.89,744389.81,769848.75,783971.6775,33255.40222697724,765303.3641666666
21,2011-07-01,784639.12,0,87.57,3.524,214.8368678,7.852,2011,7,26,3,0,771298.98,823220.43,773878.58,711470.8,790698.97,24018.135519164447,768573.5816666667
21,2011-07-08,734099.4,0,89.16,3.48,214.9296249,7.852,2011,7,27,3,0,784639.12,771298.98,794397.89,714677.47,793389.105,22026.207560149345,771894.9341666667
21,2011-07-15,728311.15,0,91.05,3.575,215.0134426,7.852,2011,7,28,3,0,734099.4,784639.12,823220.43,755098.41,778314.4825,36791.01319701654,769037.3799999999
21,2011-07-22,784490.67,0,90.27,3.651,215.0749122,7.852,2011,7,29,3,0,728311.15,734099.4,771298.98,765823.48,754587.1625000001,27644.060476543313,762954.8083333332
21,2011-07-29,751167.12,0,91.56,3.682,215.1363819,7.852,2011,7,30,3,0,784490.67,728311.15,784639.12,715876.27,757885.0850000001,30897.74524825169,763058.1349999999
21,2011-08-05,783614.89,0,94.22,3.684,215.1978515,7.852,2011,8,31,3,0,751167.12,784490.67,734099.4,739279.19,749517.085,25253.85088283624,765747.2008333333
21,2011-08-12,776933.37,0,92.32,3.638,215.2593211,7.852,2011,8,32,3,0,783614.89,751167.12,728311.15,793589.18,761895.9575,27235.273150893565,768195.3833333333
21,2011-08-19,855546.5,0,90.11,3.554,215.3229307,7.852,2011,8,33,3,0,776933.37,783614.89,784490.67,848873.28,774051.5125,15625.137026197446,770870.1175
21,2011-08-26,821127.53,0,92.07,3.523,215.386897,7.852,2011,8,34,3,0,855546.5,776933.37,751167.12,855882.57,791815.47,44731.26779383163,780133.1749999999
21,2011-09-02,705557.8,0,91.94,3.533,215.4508632,7.852,2011,9,35,3,0,821127.53,855546.5,783614.89,727772.8,809305.5725,36450.66399582446,784070.5874999999
21,2011-09-09,653989.65,1,78.87,3.546,215.5148295,7.852,2011,9,36,3,0,705557.8,821127.53,776933.37,674055.81,789791.3,64720.71930942578,776667.2466666667
21,2011-09-16,653525.84,0,80.62,3.526,215.6944378,7.852,2011,9,37,3,0,653989.65,705557.8,855546.5,684340.86,759055.37,94981.20293118795,762564.6816666668
21,2011-09-23,681913.29,0,75.68,3.467,216.0282356,7.852,2011,9,38,3,0,653525.84,653989.65,821127.53,671688.06,708550.2050000001,78924.31711752249,752750.2533333334
21,2011-09-30,651970.48,0,78.91,3.355,216.3620333,7.852,2011,9,39,3,1,681913.29,653525.84,705557.8,677158.39,673746.645,25019.08257889724,744189.7675000001
21,2011-10-07,663452.46,0,71.64,3.285,216.6958311,7.441,2011,10,40,4,0,651970.48,681913.29,653989.65,680579.49,660349.815,14401.562909937478,737345.6908333333
21,2011-10-14,671379.44,0,69.79,3.274,217.0048261,7.441,2011,10,41,4,0,663452.46,651970.48,653525.84,693412.05,662715.5175000001,13771.99521542942,731940.7999999999
21,2011-10-21,729036.06,0,65.16,3.353,217.1650042,7.441,2011,10,42,4,0,671379.44,663452.46,681913.29,710668.45,667178.9175,12648.177456764588,722514.8641666666
21,2011-10-28,738812.0,0,65.46,3.372,217.3251824,7.441,2011,10,43,4,0,729036.06,671379.44,651970.48,731756.65,678959.61,34321.978677963445,720670.6091666667
21,2011-11-04,767358.37,0,56.01,3.332,217.4853605,7.441,2011,11,44,4,0,738812.0,729036.06,663452.46,719888.76,700669.99,38740.7094784857,716937.035
21,2011-11-11,757369.87,0,59.8,3.297,217.6455387,7.441,2011,11,45,4,0,767358.37,738812.0,671379.44,735796.38,726646.4675,40272.462333380776,716139.1183333333
21,2011-11-18,737014.09,0,61.9,3.308,217.8670218,7.441,2011,11,46,4,0,757369.87,767358.37,729036.06,756288.89,748144.075,17383.021282999965,707957.7324999999
21,2011-11-25,1219263.4,1,56.43,3.236,218.1130269,7.441,2011,11,47,4,0,737014.09,757369.87,738812.0,1245628.61,750138.5825,14712.312020497913,700948.2791666667
21,2011-12-02,793184.25,0,48.72,3.172,218.3590319,7.441,2011,12,48,4,0,1219263.4,737014.09,767358.37,829210.73,870251.4325,233017.0039272915,743757.0791666666
21,2011-12-09,897747.13,0,41.44,3.158,218.605037,7.441,2011,12,49,4,0,793184.25,1219263.4,757369.87,943891.64,876707.9025,229547.6687213137,755356.6291666668
21,2011-12-16,1027584.51,0,50.56,3.159,218.8217928,7.441,2011,12,50,4,0,897747.13,793184.25,737014.09,1147556.83,911802.2175,215523.4217416742,775708.4033333333
21,2011-12-23,1384552.17,0,46.54,3.112,218.9995495,7.441,2011,12,51,4,0,1027584.51,897747.13,1219263.4,1587257.78,984444.8225,183573.68498287338,804514.3383333333
21,2011-12-30,804362.36,1,45.16,3.129,219.1773063,7.441,2011,12,52,4,0,1384552.17,1027584.51,793184.25,672903.23,1025767.015,257690.98048302458,865562.8125
21,2012-01-06,640181.86,0,48.1,3.157,219.355063,7.057,2012,1,1,1,0,804362.36,1384552.17,897747.13,629152.06,1028561.5425,254367.165996805,877305.3041666667
21,2012-01-13,631181.25,0,45.0,3.261,219.5328198,7.057,2012,1,2,1,0,640181.86,804362.36,1027584.51,650789.13,964170.2250000001,322102.13990558754,874705.5058333334
21,2012-01-20,651178.2,0,52.21,3.268,219.6258417,7.057,2012,1,3,1,0,631181.25,640181.86,1384552.17,663941.73,865069.4099999999,355352.2972066401,866550.9383333334
21,2012-01-27,611258.71,0,50.79,3.29,219.7188636,7.057,2012,1,4,1,0,651178.2,631181.25,804362.36,649878.29,681725.9175,82165.54874107482,859248.1216666667
21,2012-02-03,680725.43,0,55.83,3.36,219.8118854,7.057,2012,2,5,1,0,611258.71,651178.2,640181.86,596218.24,633450.005,16903.723383992787,846239.8166666668
21,2012-02-10,770652.79,1,46.52,3.409,219.9049073,7.057,2012,2,6,1,0,680725.43,611258.71,631181.25,771908.51,643585.8975,29641.80754065097,839852.7799999999
21,2012-02-17,834663.52,0,45.03,3.51,220.0651993,7.057,2012,2,7,1,0,770652.79,680725.43,651178.2,884701.92,678453.7825,67737.12063397553,842656.005
21,2012-02-24,747099.07,0,54.81,3.555,220.275944,7.057,2012,2,8,1,0,834663.52,770652.79,611258.71,768313.85,724325.1125,98328.97429983717,810606.015
21,2012-03-02,764385.4,0,59.3,3.63,220.4866886,7.057,2012,3,9,1,0,747099.07,834663.52,680725.43,796277.72,758285.2025,63580.00858566942,806765.5833333334
21,2012-03-09,755084.4,0,57.16,3.669,220.6974332,7.057,2012,3,10,1,0,764385.4,747099.07,770652.79,763479.9,779200.195,38293.59793946575,795652.1058333335
21,2012-03-16,767338.32,0,63.39,3.734,220.8498468,7.057,2012,3,11,1,0,755084.4,764385.4,834663.52,793569.0,775308.0974999999,40195.84835070388,772943.7633333333
21,2012-03-23,729759.97,0,62.96,3.787,220.9244858,7.057,2012,3,12,1,0,767338.32,755084.4,747099.07,753711.32,758476.7975,9208.677219239082,721509.2758333334
21,2012-03-30,724798.76,0,67.87,3.845,220.9991248,7.057,2012,3,13,1,0,729759.97,767338.32,764385.4,732056.37,754142.0225,17072.801076394477,715292.41
21,2012-04-06,761956.58,0,69.02,3.891,221.0737638,6.891,2012,4,14,2,0,724798.76,729759.97,755084.4,744782.89,744245.3625,20320.485268946628,722343.8183333334
21,2012-04-13,769319.04,0,69.03,3.891,221.1484028,6.891,2012,4,15,2,0,761956.58,724798.76,767338.32,768390.05,745963.4075,21780.43572883875,733241.7625000001
21,2012-04-20,734858.91,0,66.97,3.877,221.2021074,6.891,2012,4,16,2,0,769319.04,761956.58,729759.97,801302.01,746458.5874999999,22440.885408683775,743086.8325
21,2012-04-27,674829.58,0,69.21,3.814,221.255812,6.891,2012,4,17,2,0,734858.91,769319.04,724798.76,783250.75,747733.3225,21291.53907219817,753386.8491666666
21,2012-05-04,697645.32,0,77.53,3.749,221.3095166,6.891,2012,5,18,2,0,674829.58,734858.91,761956.58,718898.33,735241.0275,42913.55917873608,752895.5283333333
21,2012-05-11,649945.54,0,74.14,3.688,221.3632212,6.891,2012,5,19,2,0,697645.32,674829.58,769319.04,754236.7,719163.2125,41595.082323551505,746811.5725000001
21,2012-05-18,700554.16,0,72.42,3.63,221.380331,6.891,2012,5,20,2,0,649945.54,697645.32,734858.91,744836.56,689319.8374999999,36071.33510630523,731418.4075000001
21,2012-05-25,722891.24,0,79.49,3.561,221.3828029,6.891,2012,5,21,2,0,700554.16,649945.54,674829.58,744389.81,680743.65,23534.531783369148,727539.665
21,2012-06-01,695439.83,0,79.24,3.501,221.3852748,6.891,2012,6,22,2,0,722891.24,700554.16,697645.32,773878.58,692759.065,30689.76423902885,724081.8183333334
21,2012-06-08,707895.72,0,79.47,3.452,221.3877467,6.891,2012,6,23,2,0,695439.83,722891.24,649945.54,794397.89,692207.6925,30592.372980132914,719111.4375
21,2012-06-15,727049.04,0,81.51,3.393,221.4009901,6.891,2012,6,24,2,0,707895.72,695439.83,700554.16,823220.43,706695.2375,11946.38977635909,714157.8875000001
21,2012-06-22,735870.0,0,81.78,3.346,221.4411622,6.891,2012,6,25,2,0,727049.04,707895.72,722891.24,771298.98,713318.9575,14482.385425756467,713931.9766666666
21,2012-06-29,716341.39,0,88.05,3.286,221.4813343,6.891,2012,6,26,2,0,735870.0,727049.04,695439.83,784639.12,716563.6475,18294.14601863204,714854.58
21,2012-07-06,693013.59,0,85.26,3.227,221.5215064,6.565,2012,7,27,3,0,716341.39,735870.0,707895.72,734099.4,721789.0375000001,12228.958332140577,711053.3141666666
21,2012-07-13,668132.36,0,82.51,3.256,221.5616784,6.565,2012,7,28,3,0,693013.59,716341.39,727049.04,728311.15,718068.505,18513.73296594466,704694.5266666667
21,2012-07-20,691200.33,0,84.25,3.311,221.5701123,6.565,2012,7,29,3,0,668132.36,693013.59,735870.0,784490.67,703339.335,29288.50569775405,699133.9808333333
21,2012-07-27,677789.14,0,88.09,3.407,221.5785461,6.565,2012,7,30,3,0,691200.33,668132.36,716341.39,751167.12,692171.9175,19695.31349156177,700498.21
21,2012-08-03,693785.85,0,91.57,3.417,221.5869799,6.565,2012,8,31,3,0,677789.14,691200.33,693013.59,783614.89,682533.855,11759.365250206714,698843.5283333333
21,2012-08-10,700272.01,0,89.57,3.494,221.5954138,6.565,2012,8,32,3,0,693785.85,677789.14,668132.36,776933.37,682726.92,11992.795930560545,702496.8875000001
21,2012-08-17,751963.81,0,85.55,3.571,221.6751459,6.565,2012,8,33,3,0,700272.01,693785.85,691200.33,855546.5,690761.8325,9452.8864847391,702473.375
21,2012-08-24,802003.61,0,77.72,3.62,221.8083518,6.565,2012,8,34,3,0,751963.81,700272.01,677789.14,821127.53,705952.7025,32096.265790615522,704896.0891666667
21,2012-08-31,763867.59,0,83.58,3.638,221.9415576,6.565,2012,8,35,3,1,802003.61,751963.81,693785.85,705557.8,737006.32,50549.62173495948,713776.4041666667
21,2012-09-07,642827.29,1,88.4,3.73,222.0747635,6.565,2012,9,36,3,0,763867.59,802003.61,700272.01,653989.65,754526.755,41997.813440216094,718440.7266666667
21,2012-09-14,628494.63,0,76.1,3.717,222.2174395,6.565,2012,9,37,3,0,642827.29,763867.59,751963.81,653525.84,740165.575,68312.19550363158,711422.2475
21,2012-09-21,667151.46,0,71.54,3.721,222.4169362,6.565,2012,9,38,3,0,628494.63,642827.29,802003.61,681913.29,709298.28,86640.46431313867,702474.2999999999
21,2012-09-28,647097.65,0,80.38,3.666,222.6164329,6.565,2012,9,39,3,0,667151.46,628494.63,763867.59,651970.48,675585.2424999999,60979.534285382906,698375.1391666667
21,2012-10-05,651768.91,0,70.28,3.617,222.8159296,6.17,2012,10,40,4,0,647097.65,667151.46,642827.29,663452.46,646392.7575000001,15963.25081158711,694548.8108333334
21,2012-10-12,653043.44,0,61.53,3.601,223.0154263,6.17,2012,10,41,4,0,651768.91,647097.65,628494.63,671379.44,648628.1625000001,15923.55115936262,693185.1900000001
21,2012-10-19,641368.14,0,68.52,3.594,223.0598077,6.17,2012,10,42,4,0,653043.44,651768.91,667151.46,729036.06,654765.365,8643.93758545953,690005.4491666666
21,2012-10-26,675202.87,0,70.5,3.506,223.0783366,6.17,2012,10,43,4,0,641368.14,653043.44,647097.65,738812.0,648319.535,5292.395857578494,686970.3658333333
22,2011-02-04,946060.98,0,26.39,3.24,137.0542431,8.458,2011,2,5,1,0,799369.15,855001.02,873954.7,1033017.37,833965.0975,36226.51190212498,1149338.7883333333
22,2011-02-11,1009206.33,1,28.89,3.255,137.1378318,8.458,2011,2,6,1,0,946060.98,799369.15,807535.52,1022571.25,851991.6675,67338.86979368003,1141202.3166666667
22,2011-02-18,975964.86,0,35.34,3.263,137.2511849,8.458,2011,2,7,1,0,1009206.33,946060.98,855001.02,988467.61,902409.37,93409.30058654687,1143144.8074999999
22,2011-02-25,911245.43,0,30.23,3.281,137.3764439,8.458,2011,2,8,1,0,975964.86,1009206.33,799369.15,899761.48,932650.33,92521.50762702826,1094100.0241666667
22,2011-03-04,997353.15,0,33.52,3.437,137.5017028,8.458,2011,3,9,1,0,911245.43,975964.86,946060.98,1009201.24,960619.4,41816.700873744514,1067494.2616666667
22,2011-03-11,944587.23,0,41.42,3.6,137.6269617,8.458,2011,3,10,1,0,997353.15,911245.43,1009206.33,967187.37,973442.4425,43686.79638911328,1036673.4541666667
22,2011-03-18,926427.12,0,43.38,3.634,137.7398929,8.458,2011,3,11,1,0,944587.23,997353.15,975964.86,966145.09,957287.6675,37573.34673380657,988082.1408333333
22,2011-03-25,933528.39,0,38.77,3.624,137.8478929,8.458,2011,3,12,1,0,926427.12,944587.23,911245.43,1012075.12,944903.2325,37529.13581728816,901747.3141666666
22,2011-04-01,951588.37,0,36.04,3.638,137.9558929,8.252,2011,4,13,2,0,933528.39,926427.12,997353.15,1177340.99,950473.9725,32133.652670047613,915019.4899999999
22,2011-04-08,969046.69,0,44.42,3.72,138.0638929,8.252,2011,4,14,2,0,951588.37,933528.39,944587.23,1033171.07,939032.7775000001,11220.453472077905,921488.9625
22,2011-04-15,1008557.04,0,48.88,3.823,138.1646952,8.252,2011,4,15,2,0,969046.69,951588.37,926427.12,1000968.67,945147.6425000001,19132.105943214785,934948.2266666667
22,2011-04-22,1152781.9,0,47.76,3.919,138.2475036,8.252,2011,4,16,2,0,1008557.04,969046.69,933528.39,969594.47,965680.1225,32052.432160994995,947744.5616666666
22,2011-04-29,926133.8,0,57.2,3.988,138.3303119,8.252,2011,4,17,2,0,1152781.9,1008557.04,951588.37,977683.06,1020493.5,91355.33381870917,977195.6241666665
22,2011-05-06,1032076.06,0,53.63,4.078,138.4131202,8.252,2011,5,18,2,0,926133.8,1152781.9,969046.69,1052973.28,1014129.8574999999,98372.1561413344,975535.0258333334
22,2011-05-13,1001558.74,0,57.71,4.095,138.4959286,8.252,2011,5,19,2,0,1032076.06,926133.8,1008557.04,973585.33,1029887.2000000001,93679.67074624378,977440.8366666668
22,2011-05-20,970307.83,0,58.56,4.101,138.587106,8.252,2011,5,20,2,0,1001558.74,1032076.06,1152781.9,979977.89,1028137.625,94274.28776889527,979573.66
22,2011-05-27,1021568.34,0,62.59,4.034,138.6782834,8.252,2011,5,21,2,0,970307.83,1001558.74,926133.8,1103740.4,982519.1075,45265.20866652698,984495.5266666667
22,2011-06-03,1125169.92,0,70.09,3.973,138.7694608,8.252,2011,6,22,2,0,1021568.34,970307.83,1032076.06,1095539.13,1006377.7424999999,27174.860610432228,986513.4591666666
22,2011-06-10,1060868.49,0,69.53,3.924,138.8606382,8.252,2011,6,23,2,0,1125169.92,1021568.34,1001558.74,1061196.47,1029651.2075,67081.99054894198,1001562.0166666667
22,2011-06-17,1042454.61,0,63.97,3.873,139.0028333,8.252,2011,6,24,2,0,1060868.49,1125169.92,970307.83,1052895.25,1044478.6449999999,65334.780816972794,1012765.4641666667
22,2011-06-24,1012584.2,0,68.53,3.851,139.1832917,8.252,2011,6,25,2,0,1042454.61,1060868.49,1021568.34,1095020.33,1062515.34,44748.922545801775,1021842.6491666668
22,2011-07-01,1077491.68,0,70.8,3.815,139.36375,8.023,2011,7,26,3,0,1012584.2,1042454.61,1125169.92,1120259.71,1060269.305,47622.408754861084,1026925.6349999999
22,2011-07-08,1017050.65,0,74.22,3.784,139.5442083,8.023,2011,7,27,3,0,1077491.68,1012584.2,1060868.49,1092654.26,1048349.745,27808.26122895395,1035962.7174999999
22,2011-07-15,961953.57,0,75.2,3.827,139.7006325,8.023,2011,7,28,3,0,1017050.65,1077491.68,1042454.61,988392.99,1037395.2849999999,29792.682399155507,1036670.5183333332
22,2011-07-22,964683.8,0,77.79,3.882,139.7969712,8.023,2011,7,29,3,0,961953.57,1017050.65,1012584.2,974123.2,1017270.0249999999,47288.346013318835,1020768.1575000001
22,2011-07-29,944958.69,0,75.32,3.898,139.8933099,8.023,2011,7,30,3,0,964683.8,961953.57,1077491.68,970773.64,1005294.9249999999,54400.68942518444,1023980.6575000001
22,2011-08-05,983232.96,0,75.33,3.903,139.9896486,8.023,2011,8,31,3,0,944958.69,964683.8,1017050.65,1010326.14,972161.6775,31172.351486888696,1016720.8766666666
22,2011-08-12,991779.2,0,74.69,3.88,140.0859873,8.023,2011,8,32,3,0,983232.96,944958.69,961953.57,993097.43,963707.255,15671.533604186488,1015193.7283333332
22,2011-08-19,973004.91,0,71.3,3.82,140.1289205,8.023,2011,8,33,3,0,991779.2,983232.96,964683.8,1017045.44,971163.6625000001,20811.515484630072,1016983.0091666667
22,2011-08-26,1181815.31,0,72.22,3.796,140.1629528,8.023,2011,8,34,3,0,973004.91,991779.2,944958.69,1081420.96,973243.94,20358.85463977376,1012936.0566666666
22,2011-09-02,912762.76,0,69.16,3.784,140.196985,8.023,2011,9,35,3,0,1181815.31,973004.91,983232.96,1074535.88,1032458.095,99866.82013793585,1017656.5058333332
22,2011-09-09,1004434.54,1,69.14,3.809,140.2310173,8.023,2011,9,36,3,0,912762.76,1181815.31,991779.2,924174.4,1014840.5449999999,116307.77034284589,1005314.3616666665
22,2011-09-16,937420.65,0,68.08,3.809,140.2735,8.023,2011,9,37,3,0,1004434.54,912762.76,973004.91,918285.97,1018004.3799999999,115641.56148143658,1002146.0225
22,2011-09-23,899834.75,0,62.36,3.758,140.32725,8.023,2011,9,38,3,0,937420.65,1004434.54,1181815.31,902779.25,1009108.3150000001,121478.58189284474,995882.3933333334
22,2011-09-30,953314.16,0,69.78,3.684,140.381,8.023,2011,9,39,3,1,899834.75,937420.65,912762.76,905987.17,938613.175,46568.53160483223,981077.6491666668
22,2011-10-07,993436.67,0,56.44,3.633,140.43475,7.706,2011,10,40,4,0,953314.16,899834.75,1004434.54,1015051.62,948751.0250000001,43369.1726202639,975766.275
22,2011-10-14,944337.32,0,62.63,3.583,140.4784194,7.706,2011,10,41,4,0,993436.67,953314.16,937420.65,954401.46,946001.5575000001,38766.695936397635,978389.8666666667
22,2011-10-21,981567.22,0,59.3,3.618,140.4616048,7.706,2011,10,42,4,0,944337.32,993436.67,899834.75,960998.52,947730.725,38408.97366256983,976694.3266666668
22,2011-10-28,1099351.68,0,49.31,3.604,140.4447903,7.706,2011,10,43,4,0,981567.22,944337.32,953314.16,1025766.27,968163.8425,23141.467708027743,979745.0375
22,2011-11-04,1106575.59,0,42.81,3.586,140.4279758,7.706,2011,11,44,4,0,1099351.68,981567.22,993436.67,1006888.16,1004673.2224999999,66494.55844574296,989421.5975
22,2011-11-11,1051740.29,0,47.8,3.57,140.4111613,7.706,2011,11,45,4,0,1106575.59,1099351.68,944337.32,1043698.64,1032957.9524999999,82304.93604884043,998987.9633333333
22,2011-11-18,1007579.44,0,50.62,3.571,140.4127857,7.706,2011,11,46,4,0,1051740.29,1106575.59,981567.22,985896.44,1059808.695,57554.66300271916,1005549.245
22,2011-11-25,1535857.49,1,46.28,3.536,140.4217857,7.706,2011,11,47,4,0,1007579.44,1051740.29,1099351.68,1564502.26,1066311.75,46096.36815201024,991029.5891666667
22,2011-12-02,1167621.14,0,49.11,3.501,140.4307857,7.706,2011,12,48,4,0,1535857.49,1007579.44,1106575.59,1230514.58,1175438.2025000001,243667.71083261483,1042954.15
22,2011-12-09,1308967.44,0,45.35,3.47,140.4397857,7.706,2011,12,49,4,0,1167621.14,1535857.49,1051740.29,1367202.84,1190699.59,239798.01721401807,1056553.0333333334
22,2011-12-16,1453153.33,0,39.11,3.445,140.4700795,7.706,2011,12,50,4,0,1308967.44,1167621.14,1007579.44,1527682.99,1255006.3775,224087.34367962804,1087515.2658333334
22,2011-12-23,1863195.68,0,39.83,3.413,140.528765,7.706,2011,12,51,4,0,1453153.33,1308967.44,1535857.49,1962445.04,1366399.8499999999,162330.44006403536,1133625.1475
22,2011-12-30,982661.14,1,36.28,3.402,140.5874505,7.706,2011,12,52,4,0,1863195.68,1453153.33,1167621.14,774262.28,1448234.3975,300197.79457720317,1209448.6075
22,2012-01-06,895358.2,0,34.61,3.439,140.6461359,7.503,2012,1,1,1,0,982661.14,1863195.68,1308967.44,873954.7,1401994.3975,365065.40739135596,1208550.6466666667
22,2012-01-13,855437.57,0,39.0,3.523,140.7048214,7.503,2012,1,2,1,0,895358.2,982661.14,1453153.33,807535.52,1298592.0875,449101.4458388581,1204469.0533333335
22,2012-01-20,897027.44,0,29.16,3.542,140.8086118,7.503,2012,1,3,1,0,855437.57,895358.2,1863195.68,855001.02,1149163.1475,478977.0496321922,1193958.2491666668
22,2012-01-27,786459.23,0,35.68,3.568,140.9124021,7.503,2012,1,4,1,0,897027.44,855437.57,982661.14,799369.15,907621.0874999999,53593.32282746573,1177097.8958333333
22,2012-02-03,958487.75,0,40.58,3.633,141.0161924,7.503,2012,2,5,1,0,786459.23,897027.44,895358.2,946060.98,858570.6099999999,51775.54640562327,1150421.5325
22,2012-02-10,1034448.07,1,35.68,3.655,141.1199827,7.503,2012,2,6,1,0,958487.75,786459.23,855437.57,1009206.33,874352.9975,72286.22433025854,1142650.4875
22,2012-02-17,1004749.41,0,36.25,3.703,141.2140357,7.503,2012,2,7,1,0,1034448.07,958487.75,897027.44,975964.86,919105.6224999999,104781.27018935408,1144889.54
22,2012-02-24,912958.95,0,39.0,3.751,141.3007857,7.503,2012,2,8,1,0,1004749.41,1034448.07,786459.23,911245.43,946036.115,110880.94251216005,1100630.5333333334
22,2012-03-02,974866.65,0,37.47,3.827,141.3875357,7.503,2012,3,9,1,0,912958.95,1004749.41,958487.75,997353.15,977661.045,53268.25841990439,1079408.6841666666
22,2012-03-09,991127.01,0,41.72,3.876,141.4742857,7.503,2012,3,10,1,0,974866.65,912958.95,1034448.07,944587.23,981755.7699999999,51915.470963948166,1051566.9516666667
22,2012-03-16,966780.01,0,46.06,3.867,141.55478,7.503,2012,3,11,1,0,991127.01,974866.65,1004749.41,926427.12,970925.505,40529.04915486497,1013064.7583333333
22,2012-03-23,992774.4,0,54.68,3.889,141.6269332,7.503,2012,3,12,1,0,966780.01,991127.01,912958.95,933528.39,961433.155,33865.03221834392,938363.4525
22,2012-03-30,965769.93,0,46.4,3.921,141.6990864,7.503,2012,3,13,1,0,992774.4,966780.01,974866.65,951588.37,981387.0175000001,12654.640710568154,939206.2241666666
22,2012-04-06,1197489.66,0,46.38,3.957,141.7712396,7.671,2012,4,14,2,0,965769.93,992774.4,991127.01,969046.69,979112.8375,14844.869433564318,945073.8683333333
22,2012-04-13,939118.24,0,49.89,4.025,141.8433929,7.671,2012,4,15,2,0,1197489.66,965769.93,966780.01,1008557.04,1030703.5,111891.04950960045,973578.2091666666
22,2012-04-20,1000342.87,0,58.81,4.046,141.9015262,7.671,2012,4,16,2,0,939118.24,1197489.66,992774.4,1152781.9,1023788.0575000001,117854.67714758415,977085.7758333334
22,2012-04-27,922539.94,0,51.42,4.023,141.9596595,7.671,2012,4,17,2,0,1000342.87,939118.24,965769.93,926133.8,1025680.1749999999,117249.99531987411,994909.4125
22,2012-05-04,1005083.31,0,50.75,3.991,142.0177929,7.671,2012,5,18,2,0,922539.94,1000342.87,1197489.66,1032076.06,1014872.6775,126259.18688499031,991913.7616666667
22,2012-05-11,997868.63,0,56.72,3.947,142.0759262,7.671,2012,5,19,2,0,1005083.31,922539.94,939118.24,1001558.74,966771.09,42094.993198483346,989466.6983333332
22,2012-05-18,986612.02,0,61.9,3.899,142.0970115,7.671,2012,5,20,2,0,997868.63,1005083.31,1000342.87,970307.83,981458.6875,39393.06265821471,988893.2999999999
22,2012-05-25,1047297.38,0,62.39,3.85,142.1032776,7.671,2012,5,21,2,0,986612.02,997868.63,922539.94,1021568.34,978025.9750000001,37763.52112605377,995031.0558333333
22,2012-06-01,1102857.37,0,70.01,3.798,142.1095438,7.671,2012,6,22,2,0,1047297.38,986612.02,1005083.31,1125169.92,1009215.3350000001,26501.404650370143,1001066.9500000001
22,2012-06-08,1061134.37,0,61.71,3.746,142.1158099,7.671,2012,6,23,2,0,1102857.37,1047297.38,997868.63,1060868.49,1033658.8500000001,53131.248593922566,1010377.8133333334
22,2012-06-15,1061219.19,0,66.56,3.683,142.1292548,7.671,2012,6,24,2,0,1061134.37,1102857.37,986612.02,1042454.61,1049475.2850000001,48104.45100207336,1018240.6766666668
22,2012-06-22,1112449.3,0,70.61,3.629,142.1606464,7.671,2012,6,25,2,0,1061219.19,1061134.37,1047297.38,1012584.2,1068127.0775000001,24060.24648647028,1023944.4091666667
22,2012-06-29,1053881.78,0,70.99,3.577,142.1920381,7.671,2012,6,26,2,0,1112449.3,1061219.19,1102857.37,1077491.68,1084415.0575,27117.499408103275,1036167.6900000001
22,2012-07-06,1097786.14,0,77.41,3.538,142.2234298,7.753,2012,7,27,3,0,1053881.78,1112449.3,1061134.37,1017050.65,1072171.1600000001,27071.426283246958,1024200.3666666667
22,2012-07-13,971361.38,0,75.81,3.561,142.2548214,7.753,2012,7,28,3,0,1097786.14,1053881.78,1061219.19,961953.57,1081334.1025,28266.96994073268,1037422.6916666668
22,2012-07-20,991969.37,0,76.57,3.61,142.2337569,7.753,2012,7,29,3,0,971361.38,1097786.14,1112449.3,964683.8,1058869.65,63424.09703357036,1035007.5675
22,2012-07-27,925731.21,0,73.52,3.701,142.2126924,7.753,2012,7,30,3,0,991969.37,971361.38,1053881.78,944958.69,1028749.6675,57861.511215216895,1040793.3533333334
22,2012-08-03,1007257.83,0,72.99,3.698,142.1916279,7.753,2012,8,31,3,0,925731.21,991969.37,1097786.14,983232.96,996712.0249999999,72845.50043176206,1034180.6783333333
22,2012-08-10,973812.79,0,76.74,3.772,142.1705634,7.753,2012,8,32,3,0,1007257.83,925731.21,971361.38,991779.2,974079.9475,35429.71611356023,1034963.1116666667
22,2012-08-17,981273.26,0,74.92,3.84,142.2157385,7.753,2012,8,33,3,0,973812.79,1007257.83,991969.37,973004.91,974692.7999999999,35388.19371293733,1033896.5091666668
22,2012-08-24,1060906.75,0,70.42,3.874,142.3105933,7.753,2012,8,34,3,0,981273.26,973812.79,925731.21,1181815.31,972018.7725000001,34025.44956037474,1028394.4991666666
22,2012-08-31,1022270.86,0,71.93,3.884,142.4054482,7.753,2012,8,35,3,1,1060906.75,981273.26,1007257.83,912762.76,1005812.6575,39427.65992562776,1024898.6141666668
22,2012-09-07,996628.8,1,73.3,3.921,142.500303,7.753,2012,9,36,3,0,1022270.86,1060906.75,973812.79,1004434.54,1009565.915,40315.65965462994,1021659.9883333333
22,2012-09-14,918049.28,0,66.42,3.988,142.5938833,7.753,2012,9,37,3,0,996628.8,1022270.86,981273.26,937420.65,1015269.9175000001,34808.991459781486,1016277.4558333334
22,2012-09-21,921612.53,0,63.38,4.056,142.6798167,7.753,2012,9,38,3,0,918049.28,996628.8,1060906.75,899834.75,999463.9225,60364.88875252865,1000077.4541666666
22,2012-09-28,976479.51,0,62.17,4.018,142.76575,7.753,2012,9,39,3,0,921612.53,918049.28,1022270.86,953314.16,964640.3675,52809.90347134331,989055.0166666666
22,2012-10-05,1009887.36,0,62.09,4.027,142.8516833,7.543,2012,10,40,4,0,976479.51,921612.53,996628.8,993436.67,953192.53,39418.00523278229,978946.1308333334
22,2012-10-12,1004039.84,0,54.18,4.029,142.9376167,7.543,2012,10,41,4,0,1009887.36,976479.51,918049.28,944337.32,956507.1699999999,44515.855802521044,982156.6291666668
22,2012-10-19,978027.95,0,55.28,4.0,142.8633629,7.543,2012,10,42,4,0,1004039.84,1009887.36,921612.53,981567.22,978004.81,40318.46378228747,983162.5016666666
22,2012-10-26,1094422.69,0,57.58,3.917,142.7624113,7.543,2012,10,43,4,0,978027.95,1004039.84,976479.51,1099351.68,992108.6649999999,17329.858180877236,987520.5633333334
23,2011-02-04,1159438.53,0,14.5,3.24,133.1834194,5.114,2011,2,5,1,0,1083657.61,1110706.06,1122034.48,1364721.58,1083288.5625,47186.40360122297,1561733.5999999999
23,2011-02-11,1249786.4,1,21.52,3.255,133.260871,5.114,2011,2,6,1,0,1159438.53,1083657.61,1016756.1,1380892.08,1092639.5750000002,59518.83663369696,1542690.665
23,2011-02-18,1369971.57,0,26.6,3.263,133.3701429,5.114,2011,2,7,1,0,1249786.4,1159438.53,1110706.06,1319588.04,1150897.15,73003.46656761898,1537256.6716666666
23,2011-02-25,1206917.2,0,17.0,3.281,133.4921429,5.114,2011,2,8,1,0,1369971.57,1249786.4,1083657.61,1198709.65,1215713.5275,123237.09534433551,1478697.215
23,2011-03-04,1301185.28,0,20.67,3.437,133.6141429,5.114,2011,3,9,1,0,1206917.2,1369971.57,1159438.53,1311175.93,1246528.4249999998,90189.65832382506,1444521.5308333335
23,2011-03-11,1042043.55,0,29.36,3.6,133.7361429,5.114,2011,3,10,1,0,1301185.28,1206917.2,1249786.4,1408082.96,1281965.1125,70195.46544992352,1396923.1383333334
23,2011-03-18,1203682.62,0,37.28,3.634,133.8492258,5.114,2011,3,11,1,0,1042043.55,1301185.28,1369971.57,1229008.32,1230029.4,142032.65327844795,1297212.3108333333
23,2011-03-25,1148624.83,0,29.11,3.624,133.9587419,5.114,2011,3,12,1,0,1203682.62,1042043.55,1206917.2,1310701.8,1188457.1625,107575.03108835468,1169662.7708333333
23,2011-04-01,1182694.95,0,29.44,3.638,134.0682581,4.781,2011,4,13,2,0,1148624.83,1203682.62,1301185.28,1556627.62,1173884.07,108187.34301943764,1167900.3525
23,2011-04-08,1248901.98,0,36.74,3.72,134.1777742,4.781,2011,4,14,2,0,1182694.95,1148624.83,1042043.55,1264434.7,1144261.4875,71822.80866096675,1172955.3916666666
23,2011-04-15,1263680.51,0,45.51,3.823,134.2784667,4.781,2011,4,15,2,0,1248901.98,1182694.95,1203682.62,1288823.72,1195976.095,41948.66283217236,1192300.8816666666
23,2011-04-22,1447301.24,0,39.62,3.919,134.3571,4.781,2011,4,16,2,0,1263680.51,1248901.98,1148624.83,1315023.08,1210975.5675,54478.22660484148,1205048.7525
23,2011-04-29,1173307.4,0,54.2,3.988,134.4357333,4.781,2011,4,17,2,0,1447301.24,1263680.51,1182694.95,1259414.52,1285644.67,113378.33576891499,1235352.3883333334
23,2011-05-06,1359921.13,0,50.07,4.078,134.5143667,4.781,2011,5,18,2,0,1173307.4,1447301.24,1248901.98,1365552.28,1283297.7825,116279.73014016729,1236508.1275
23,2011-05-13,1254914.87,0,55.12,4.095,134.593,4.781,2011,5,19,2,0,1359921.13,1173307.4,1263680.51,1303055.09,1311052.57,118560.36459713454,1245686.0216666667
23,2011-05-20,1337617.55,0,56.67,4.101,134.6803871,4.781,2011,5,20,2,0,1254914.87,1359921.13,1447301.24,1327424.28,1308861.16,119802.33768129682,1236097.9633333334
23,2011-05-27,1361945.18,0,63.27,4.034,134.7677742,4.781,2011,5,21,2,0,1337617.55,1254914.87,1173307.4,1571158.56,1281440.2374999998,85071.43389358572,1246989.6591666667
23,2011-06-03,1562161.97,0,67.21,3.973,134.8551613,4.781,2011,6,22,2,0,1361945.18,1337617.55,1359921.13,1514435.51,1328599.6825,50344.57535963783,1252052.9841666666
23,2011-06-10,1447028.06,0,65.23,3.924,134.9425484,4.781,2011,6,23,2,0,1562161.97,1361945.18,1254914.87,1439432.06,1379159.8925,130318.4542216841,1295396.1858333333
23,2011-06-17,1470520.83,0,61.06,3.873,135.0837333,4.781,2011,6,24,2,0,1447028.06,1562161.97,1337617.55,1507708.93,1427188.19,101474.28513828169,1315674.9725
23,2011-06-24,1434036.18,0,63.8,3.851,135.2652667,4.781,2011,6,25,2,0,1470520.83,1447028.06,1361945.18,1415204.88,1460414.0099999998,82320.69264700137,1342499.6391666667
23,2011-07-01,1492507.44,0,65.65,3.815,135.4468,4.584,2011,7,26,3,0,1434036.18,1470520.83,1562161.97,1549113.18,1478436.76,57822.97893091787,1363444.7416666667
23,2011-07-08,1379488.05,0,69.92,3.784,135.6283333,4.584,2011,7,27,3,0,1492507.44,1434036.18,1447028.06,1417535.78,1461023.1275,25856.176154994137,1383745.1966666665
23,2011-07-15,1360520.56,0,69.8,3.827,135.7837419,4.584,2011,7,28,3,0,1379488.05,1492507.44,1470520.83,1413124.11,1444138.125,49387.31026952755,1393395.825
23,2011-07-22,1362144.0,0,76.74,3.882,135.8738387,4.584,2011,7,29,3,0,1360520.56,1379488.05,1434036.18,1333634.45,1416638.0574999999,59408.62577765908,1386164.1016666668
23,2011-07-29,1319767.55,0,69.55,3.898,135.9639355,4.584,2011,7,30,3,0,1362144.0,1360520.56,1492507.44,1319773.55,1398665.0125,63147.81785717831,1401900.485
23,2011-08-05,1416344.68,0,69.53,3.903,136.0540323,4.584,2011,8,31,3,0,1319767.55,1362144.0,1379488.05,1417013.07,1355480.04,25308.639440011244,1398554.3533333335
23,2011-08-12,1380952.05,0,69.86,3.88,136.144129,4.584,2011,8,32,3,0,1416344.68,1319767.55,1360520.56,1346345.97,1364694.1975,39623.64090347953,1412006.8375000001
23,2011-08-19,1453416.53,0,67.09,3.82,136.183129,4.584,2011,8,33,3,0,1380952.05,1416344.68,1362144.0,1439901.05,1369802.07,40218.71797794731,1415618.0458333334
23,2011-08-26,1637266.29,0,67.04,3.796,136.2136129,4.584,2011,8,34,3,0,1453416.53,1380952.05,1319767.55,1584623.36,1392620.2025000001,56870.31747518602,1423240.6583333332
23,2011-09-02,1464295.69,0,65.33,3.784,136.2440968,4.584,2011,9,35,3,0,1637266.29,1453416.53,1416344.68,1405119.23,1471994.8875000002,114084.08551964344,1429499.3516666666
23,2011-09-09,1423289.9,1,66.04,3.809,136.2745806,4.584,2011,9,36,3,0,1464295.69,1637266.29,1380952.05,1272842.85,1483982.6400000001,108678.49053347802,1430938.3208333335
23,2011-09-16,1253329.17,0,60.52,3.809,136.3145,4.584,2011,9,37,3,0,1423289.9,1464295.69,1453416.53,1159132.58,1494567.1025,96700.95783946448,1427002.4100000001
23,2011-09-23,1289082.81,0,57.14,3.758,136.367,4.584,2011,9,38,3,0,1253329.17,1423289.9,1637266.29,1099055.65,1444545.2625000002,157635.50603958094,1411943.4925
23,2011-09-30,1275597.85,0,64.76,3.684,136.4195,4.584,2011,9,39,3,1,1289082.81,1253329.17,1464295.69,1129909.44,1357499.3925,102088.3670380649,1394991.4400000002
23,2011-10-07,1463501.99,0,49.0,3.633,136.472,4.42,2011,10,40,4,0,1275597.85,1289082.81,1423289.9,1179851.68,1310324.9325,76739.38331022426,1386333.9233333333
23,2011-10-14,1257778.34,0,56.79,3.583,136.5150968,4.42,2011,10,41,4,0,1463501.99,1275597.85,1253329.17,1119809.71,1320377.955,96548.21398147971,1394915.7091666667
23,2011-10-21,1441032.59,0,52.12,3.618,136.5017742,4.42,2011,10,42,4,0,1257778.34,1463501.99,1289082.81,1147503.92,1321490.2475,95538.64195320923,1386218.5708333333
23,2011-10-28,1407191.96,0,42.57,3.604,136.4884516,4.42,2011,10,43,4,0,1441032.59,1257778.34,1275597.85,1112871.23,1359477.6925000001,107781.94353005705,1396323.9908333335
23,2011-11-04,1428436.33,0,39.18,3.586,136.475129,4.42,2011,11,44,4,0,1407191.96,1441032.59,1463501.99,1203119.96,1392376.22,92668.6084063582,1395561.264166667
23,2011-11-11,1436940.78,0,44.04,3.57,136.4618065,4.42,2011,11,45,4,0,1428436.33,1407191.96,1257778.34,1387953.75,1383609.805,85042.08605003213,1399518.2874999999
23,2011-11-18,1345631.96,0,45.48,3.571,136.4666667,4.42,2011,11,46,4,0,1436940.78,1428436.33,1441032.59,1314994.32,1428400.415,15080.998341612596,1398145.3083333333
23,2011-11-25,2057059.53,1,35.23,3.536,136.4788,4.42,2011,11,47,4,0,1345631.96,1436940.78,1407191.96,2072685.05,1404550.2575,41223.111558511286,1373842.4475
23,2011-12-02,1552886.59,0,43.6,3.501,136.4909333,4.42,2011,12,48,4,0,2057059.53,1345631.96,1428436.33,1617025.41,1567017.1500000001,329280.7526775343,1423239.4341666668
23,2011-12-09,1841173.6,0,36.4,3.47,136.5030667,4.42,2011,12,49,4,0,1552886.59,2057059.53,1436940.78,1872365.99,1598129.715,317490.4221663885,1434039.1583333332
23,2011-12-16,2173621.2,0,32.99,3.445,136.5335161,4.42,2011,12,50,4,0,1841173.6,1552886.59,1345631.96,2238573.48,1699187.92,313388.9588463222,1483026.1941666668
23,2011-12-23,2587953.32,0,27.8,3.413,136.5883871,4.42,2011,12,51,4,0,2173621.2,1841173.6,2057059.53,2734277.1,1906185.23,272843.9685433399,1556737.7266666666
23,2011-12-30,1213486.95,1,22.3,3.402,136.6432581,4.42,2011,12,52,4,0,2587953.32,2173621.2,1552886.59,1169773.85,2038908.6775,445314.1638544087,1666100.6824999999
23,2012-01-06,1150662.55,0,24.29,3.439,136.698129,4.261,2012,1,1,1,0,1213486.95,2587953.32,1841173.6,1122034.48,1954058.7675,580580.0672233612,1645266.0958333332
23,2012-01-13,1031451.35,0,28.49,3.523,136.753,4.261,2012,1,2,1,0,1150662.55,1213486.95,2173621.2,1016756.1,1781431.0050000001,712909.6920555056,1636339.78
23,2012-01-20,1146992.13,0,15.33,3.542,136.8564194,4.261,2012,1,3,1,0,1031451.35,1150662.55,2587953.32,1110706.06,1495888.5425,731946.9537649918,1602208.01
23,2012-01-27,1037476.38,0,25.71,3.568,136.9598387,4.261,2012,1,4,1,0,1146992.13,1031451.35,1213486.95,1083657.61,1135648.245,75872.63451611022,1580524.6908333332
23,2012-02-03,1261872.67,0,29.71,3.633,137.0632581,4.261,2012,2,5,1,0,1037476.38,1146992.13,1150662.55,1159438.53,1091645.6025,66090.5714375251,1547944.695
23,2012-02-10,1358444.07,1,26.6,3.655,137.1666774,4.261,2012,2,6,1,0,1261872.67,1037476.38,1031451.35,1249786.4,1119448.1324999998,108790.65924769448,1533355.6858333333
23,2012-02-17,1365546.69,0,27.01,3.703,137.2583103,4.261,2012,2,7,1,0,1358444.07,1261872.67,1146992.13,1369971.57,1201196.3125,139224.98254808737,1534423.3616666666
23,2012-02-24,1272948.27,0,31.12,3.751,137.3411034,4.261,2012,2,8,1,0,1365546.69,1358444.07,1037476.38,1206917.2,1255834.9525,153060.13693561347,1476797.2916666667
23,2012-03-02,1322852.2,0,25.91,3.827,137.4238966,4.261,2012,3,9,1,0,1272948.27,1365546.69,1261872.67,1301185.28,1314702.925,54872.16435443689,1453469.0983333334
23,2012-03-09,1292724.9,0,33.11,3.876,137.5066897,4.261,2012,3,10,1,0,1322852.2,1272948.27,1358444.07,1042043.55,1329947.8075,42342.30482124747,1410275.6483333334
23,2012-03-16,1258364.31,0,41.19,3.867,137.5843871,4.261,2012,3,11,1,0,1292724.9,1322852.2,1365546.69,1203682.62,1313518.015,40300.40476487721,1336867.6233333333
23,2012-03-23,1288154.1,0,57.82,3.889,137.6552903,4.261,2012,3,12,1,0,1258364.31,1292724.9,1272948.27,1148624.83,1286722.42,27900.42042690547,1226068.5391666668
23,2012-03-30,1261964.96,0,36.71,3.921,137.7261935,4.261,2012,3,13,1,0,1288154.1,1258364.31,1322852.2,1182694.95,1290523.8775,26393.298157530502,1232290.8016666665
23,2012-04-06,1604605.69,0,37.43,3.957,137.7970968,4.125,2012,4,14,2,0,1261964.96,1288154.1,1292724.9,1248901.98,1275302.0675,17639.878091986157,1241566.0025000002
23,2012-04-13,1231752.54,0,41.81,4.025,137.868,4.125,2012,4,15,2,0,1604605.69,1261964.96,1258364.31,1263680.51,1353272.2650000001,168080.74429059713,1289328.8641666665
23,2012-04-20,1287899.41,0,56.55,4.046,137.9230667,4.125,2012,4,16,2,0,1231752.54,1604605.69,1288154.1,1447301.24,1346619.3225,173527.98705108417,1296392.2316666667
23,2012-04-27,1277758.76,0,44.62,4.023,137.9781333,4.125,2012,4,17,2,0,1287899.41,1231752.54,1261964.96,1173307.4,1346555.65,173556.63488257263,1317260.8175
23,2012-05-04,1317379.68,0,45.88,3.991,138.0332,4.125,2012,5,18,2,0,1277758.76,1287899.41,1604605.69,1359921.13,1350504.1,171153.71526269772,1318584.6583333332
23,2012-05-11,1321914.34,0,52.9,3.947,138.0882667,4.125,2012,5,19,2,0,1317379.68,1277758.76,1231752.54,1254914.87,1278697.5975,35523.21634908917,1315162.6258333332
23,2012-05-18,1332952.47,0,58.42,3.899,138.1065806,4.125,2012,5,20,2,0,1321914.34,1317379.68,1287899.41,1337617.55,1301238.0474999999,21735.20618087527,1311526.5966666667
23,2012-05-25,1552934.64,0,66.43,3.85,138.1101935,4.125,2012,5,21,2,0,1332952.47,1321914.34,1277758.76,1361945.18,1312501.3125,24067.255441689456,1316526.9466666665
23,2012-06-01,1476144.34,0,66.22,3.798,138.1138065,4.125,2012,6,22,2,0,1552934.64,1332952.47,1317379.68,1562161.97,1381295.2825,114612.96776332287,1335700.4833333334
23,2012-06-08,1568048.54,0,56.82,3.746,138.1174194,4.125,2012,6,23,2,0,1476144.34,1552934.64,1321914.34,1447028.06,1420986.4475,112572.91309490717,1350985.4366666668
23,2012-06-15,1543667.68,0,64.73,3.683,138.1295333,4.125,2012,6,24,2,0,1568048.54,1476144.34,1332952.47,1470520.83,1482519.9974999998,107524.33484502805,1376792.4558333333
23,2012-06-22,1522042.57,0,71.82,3.629,138.1629,4.125,2012,6,25,2,0,1543667.68,1568048.54,1552934.64,1434036.18,1535198.7999999998,40631.74708245695,1398085.2541666667
23,2012-06-29,1451782.16,0,64.23,3.577,138.1962667,4.125,2012,6,26,2,0,1522042.57,1543667.68,1476144.34,1492507.44,1527475.7825,39041.69985628353,1419758.3883333334
23,2012-07-06,1545370.16,0,70.86,3.538,138.2296333,4.156,2012,7,27,3,0,1451782.16,1522042.57,1568048.54,1379488.05,1521385.2375,50063.26506684009,1407023.0941666665
23,2012-07-13,1384921.63,0,69.19,3.561,138.263,4.156,2012,7,28,3,0,1545370.16,1451782.16,1543667.68,1360520.56,1515715.6425,43925.038435674796,1433157.8958333333
23,2012-07-20,1381339.23,0,71.13,3.61,138.2331935,4.156,2012,7,29,3,0,1384921.63,1545370.16,1522042.57,1362144.0,1476029.1300000001,72603.73546984344,1441243.0808333333
23,2012-07-27,1322932.36,0,69.31,3.701,138.2033871,4.156,2012,7,30,3,0,1381339.23,1384921.63,1451782.16,1319767.55,1440853.295,76840.72323560556,1449874.7866666664
23,2012-08-03,1416926.31,0,71.51,3.698,138.1735806,4.156,2012,8,31,3,0,1322932.36,1381339.23,1545370.16,1416344.68,1408640.845,95479.19376001779,1450337.5099999998
23,2012-08-10,1436311.76,0,71.12,3.772,138.1437742,4.156,2012,8,32,3,0,1416926.31,1322932.36,1384921.63,1380952.05,1376529.8824999998,39149.78510958799,1458255.1741666666
23,2012-08-17,1510131.45,0,69.97,3.84,138.1857097,4.156,2012,8,33,3,0,1436311.76,1416926.31,1381339.23,1453416.53,1389377.415,49804.05642230245,1466868.4483333332
23,2012-08-24,1702220.96,0,64.63,3.874,138.2814516,4.156,2012,8,34,3,0,1510131.45,1436311.76,1322932.36,1637266.29,1421575.4700000002,77052.79072580097,1463301.5158333334
23,2012-08-31,1577468.78,0,68.34,3.884,138.3771935,4.156,2012,8,35,3,1,1702220.96,1510131.45,1416926.31,1464295.69,1516397.62,130227.8324837915,1482141.2341666666
23,2012-09-07,1427162.26,1,66.74,3.921,138.4729355,4.156,2012,9,36,3,0,1577468.78,1702220.96,1436311.76,1423289.9,1556533.2374999998,112944.73421764489,1482926.2541666667
23,2012-09-14,1279041.64,0,61.37,3.988,138.5673,4.156,2012,9,37,3,0,1427162.26,1577468.78,1510131.45,1253329.17,1554245.8624999998,116235.76155375384,1473217.4691666665
23,2012-09-21,1338627.55,0,56.8,4.056,138.6534,4.156,2012,9,38,3,0,1279041.64,1427162.26,1702220.96,1289082.81,1496473.4100000001,183460.18134016104,1452967.3916666666
23,2012-09-28,1319035.06,0,53.71,4.018,138.7395,4.156,2012,9,39,3,0,1338627.55,1279041.64,1577468.78,1275597.85,1405575.0574999999,129751.21534610688,1443537.8408333333
23,2012-10-05,1464616.59,0,56.65,4.027,138.8256,4.145,2012,10,40,4,0,1319035.06,1338627.55,1427162.26,1463501.99,1340966.6275,62585.55764048011,1424676.5825000003
23,2012-10-12,1412925.25,0,48.1,4.029,138.9117,4.145,2012,10,41,4,0,1464616.59,1319035.06,1279041.64,1257778.34,1350330.21,80124.43557939238,1431317.8291666666
23,2012-10-19,1363155.77,0,47.89,4.0,138.8336129,4.145,2012,10,42,4,0,1412925.25,1464616.59,1338627.55,1441032.59,1383801.1125,67366.28507408047,1433949.9974999998
23,2012-10-26,1347454.59,0,50.56,3.917,138.7281613,4.145,2012,10,43,4,0,1363155.77,1412925.25,1319035.06,1407191.96,1389933.1675000002,62848.54842650319,1437301.9483333332
24,2011-02-04,1225182.04,0,23.83,3.4,133.1834194,8.252,2011,2,5,1,0,1126921.34,1107170.39,1178641.71,1388725.63,1145118.4100000001,33698.38079294672,1434519.5650000002
24,2011-02-11,1341240.62,1,26.51,3.416,133.260871,8.252,2011,2,6,1,0,1225182.04,1126921.34,1167740.2,1414107.1,1156753.4925000002,52126.81725356285,1427211.6508333336
24,2011-02-18,1360150.12,0,34.04,3.42,133.3701429,8.252,2011,2,7,1,0,1341240.62,1225182.04,1107170.39,1385362.49,1200128.5975000001,107301.45815633274,1432552.485833333
24,2011-02-25,1235121.33,0,26.09,3.452,133.4921429,8.252,2011,2,8,1,0,1360150.12,1341240.62,1126921.34,1158722.74,1263373.5300000003,108791.51642984005,1397625.2866666666
24,2011-03-04,1346994.53,0,31.36,3.605,133.6141429,8.252,2011,3,9,1,0,1235121.33,1360150.12,1225182.04,1412387.37,1290423.5275,70140.23888220041,1382776.8391666666
24,2011-03-11,1253218.7,0,39.51,3.752,133.7361429,8.252,2011,3,10,1,0,1346994.53,1235121.33,1341240.62,1309340.16,1320876.6500000001,57715.43780768651,1362275.3208333335
24,2011-03-18,1168397.26,0,43.39,3.796,133.8492258,8.252,2011,3,11,1,0,1253218.7,1346994.53,1360150.12,1222511.29,1298871.17,63820.47113562328,1328083.0650000002
24,2011-03-25,1158693.12,0,36.88,3.789,133.9587419,8.252,2011,3,12,1,0,1168397.26,1253218.7,1235121.33,1258311.56,1250932.955,73700.29230145439,1226614.8575000002
24,2011-04-01,1163803.3,0,35.73,3.811,134.0682581,8.212,2011,4,13,2,0,1158693.12,1168397.26,1346994.53,1478321.26,1231825.9025,87736.46355363511,1222455.9466666668
24,2011-04-08,1273670.32,0,44.7,3.895,134.1777742,8.212,2011,4,14,2,0,1163803.3,1158693.12,1253218.7,1379579.63,1186028.095,44968.75253664509,1221219.4124999999
24,2011-04-15,1245576.65,0,52.36,3.981,134.2784667,8.212,2011,4,15,2,0,1273670.32,1163803.3,1168397.26,1268266.72,1191141.0,55162.128091153805,1230046.9225
24,2011-04-22,1372484.9,0,46.0,4.061,134.3571,8.212,2011,4,16,2,0,1245576.65,1273670.32,1158693.12,1264117.01,1210435.8475000001,57980.970579942325,1241580.7775
24,2011-04-29,1197761.17,0,60.48,4.117,134.4357333,8.212,2011,4,17,2,0,1372484.9,1245576.65,1163803.3,1259877.19,1263883.7925,86103.10315022086,1262044.4075
24,2011-05-06,1339630.35,0,55.75,4.192,134.5143667,8.212,2011,5,18,2,0,1197761.17,1372484.9,1273670.32,1409705.03,1272373.26,73731.59682206233,1259759.3350000002
24,2011-05-13,1311950.16,0,58.49,4.211,134.593,8.212,2011,5,19,2,0,1339630.35,1197761.17,1245576.65,1346783.35,1288863.2674999998,81123.76863167726,1259625.1458333333
24,2011-05-20,1234281.7,0,59.84,4.202,134.6803871,8.212,2011,5,20,2,0,1311950.16,1339630.35,1372484.9,1283482.85,1305456.645,75941.0081451449,1255608.4825000002
24,2011-05-27,1311153.72,0,65.74,4.134,134.7677742,8.212,2011,5,21,2,0,1234281.7,1311950.16,1197761.17,1473868.15,1270905.845,66078.65227426829,1255538.5133333334
24,2011-06-03,1554837.62,0,73.12,4.069,134.8551613,8.212,2011,6,22,2,0,1311153.72,1234281.7,1339630.35,1566668.91,1299253.9825,45293.2858211726,1252551.7791666666
24,2011-06-10,1373841.91,0,70.02,4.025,134.9425484,8.212,2011,6,23,2,0,1554837.62,1311153.72,1311950.16,1375458.21,1353055.8,139366.00214478225,1277686.6891666667
24,2011-06-17,1320359.23,0,64.34,3.989,135.0837333,8.212,2011,6,24,2,0,1373841.91,1554837.62,1234281.7,1354168.18,1368528.7375,136691.12286595302,1294807.0766666667
24,2011-06-24,1304850.67,0,68.88,3.964,135.2652667,8.212,2011,6,25,2,0,1320359.23,1373841.91,1311153.72,1399073.75,1390048.1199999999,113282.96178685485,1308279.2525
24,2011-07-01,1445596.61,0,70.27,3.916,135.4468,8.358,2011,7,26,3,0,1304850.67,1320359.23,1554837.62,1563387.94,1388472.3575,114780.13085739614,1320033.2
24,2011-07-08,1567340.07,0,72.56,3.886,135.6283333,8.358,2011,7,27,3,0,1445596.61,1304850.67,1373841.91,1665502.55,1361162.105,63576.2413942447,1334360.3908333334
24,2011-07-15,1356938.95,0,74.43,3.915,135.7837419,8.358,2011,7,28,3,0,1567340.07,1445596.61,1320359.23,1418697.05,1409536.645,122629.53250245836,1361174.0091666665
24,2011-07-22,1357672.24,0,79.29,3.972,135.8738387,8.358,2011,7,29,3,0,1356938.95,1567340.07,1304850.67,1333740.35,1418681.5750000002,114881.66943965378,1359878.5133333334
24,2011-07-29,1310973.06,0,74.84,4.004,135.9639355,8.358,2011,7,30,3,0,1357672.24,1356938.95,1445596.61,1387517.63,1431886.9675,99432.6042761839,1373204.4358333333
24,2011-08-05,1417616.81,0,74.64,4.02,136.0540323,8.358,2011,8,31,3,0,1310973.06,1357672.24,1567340.07,1442819.28,1398231.08,114835.9294170351,1370816.3283333334
24,2011-08-12,1402818.01,0,72.52,3.995,136.144129,8.358,2011,8,32,3,0,1417616.81,1310973.06,1356938.95,1384243.75,1360800.265,43724.762007276295,1379621.8825
24,2011-08-19,1352039.88,0,69.93,3.942,136.183129,8.358,2011,8,33,3,0,1402818.01,1417616.81,1357672.24,1375307.54,1372270.03,48166.113754082675,1393666.575
24,2011-08-26,1402372.09,0,69.94,3.906,136.2136129,8.358,2011,8,34,3,0,1352039.88,1402818.01,1310973.06,1350059.35,1370861.94,48813.099911327445,1397073.755
24,2011-09-02,1196105.44,0,68.14,3.879,136.2440968,8.358,2011,9,35,3,0,1402372.09,1352039.88,1417616.81,1366381.6,1393711.6975,28670.089541730158,1384368.2941666667
24,2011-09-09,1527455.19,1,68.32,3.93,136.2745806,8.358,2011,9,36,3,0,1196105.44,1402372.09,1402818.01,1474498.59,1338333.855,97768.22752934994,1369556.9216666666
24,2011-09-16,1227535.97,0,65.56,3.937,136.3145,8.358,2011,9,37,3,0,1527455.19,1196105.44,1352039.88,1273295.46,1369493.15,137114.241163129,1386814.9183333332
24,2011-09-23,1232376.49,0,60.61,3.899,136.367,8.358,2011,9,38,3,0,1227535.97,1527455.19,1402372.09,1169413.27,1338367.1724999999,155319.9534377986,1380372.0266666666
24,2011-09-30,1246242.61,0,68.0,3.858,136.4195,8.358,2011,9,39,3,1,1232376.49,1227535.97,1196105.44,1215273.2,1295868.2725,155226.32198991903,1362603.6833333333
24,2011-10-07,1405914.39,0,53.87,3.775,136.472,8.454,2011,10,40,4,0,1246242.61,1232376.49,1527455.19,1361944.94,1308402.565,146250.10859459508,1335845.5616666668
24,2011-10-14,1333315.03,0,60.21,3.744,136.5150968,8.454,2011,10,41,4,0,1405914.39,1246242.61,1227535.97,1300806.74,1278017.365,85632.44083693353,1339926.8483333334
24,2011-10-21,1283563.43,0,56.6,3.757,136.5017742,8.454,2011,10,42,4,0,1333315.03,1405914.39,1232376.49,1234875.33,1304462.13,81057.39304295003,1337897.0808333333
24,2011-10-28,1307142.75,0,48.0,3.757,136.4884516,8.454,2011,10,43,4,0,1283563.43,1333315.03,1246242.61,1244925.94,1317258.865,69032.10210135873,1335612.945
24,2011-11-04,1385860.38,0,39.87,3.738,136.475129,8.454,2011,11,44,4,0,1307142.75,1283563.43,1405914.39,1285358.01,1332483.9,53003.50273664446,1326406.7733333332
24,2011-11-11,1425078.59,0,46.78,3.719,136.4618065,8.454,2011,11,45,4,0,1385860.38,1307142.75,1333315.03,1312877.01,1327470.3975,43911.2166131493,1324993.6375
24,2011-11-18,1297535.69,0,48.17,3.717,136.4666667,8.454,2011,11,46,4,0,1425078.59,1385860.38,1283563.43,1277150.6,1350411.2875,66263.73219046534,1331080.1966666665
24,2011-11-25,1761235.67,1,41.83,3.689,136.4788,8.454,2011,11,47,4,0,1297535.69,1425078.59,1307142.75,1779276.51,1353904.3525,61781.96435231967,1322343.8299999998
24,2011-12-02,1335647.1,0,47.21,3.666,136.4909333,8.454,2011,12,48,4,0,1761235.67,1297535.69,1385860.38,1413302.7,1467427.5825,203005.00248933028,1369438.0158333334
24,2011-12-09,1529615.54,0,42.3,3.627,136.5030667,8.454,2011,12,49,4,0,1335647.1,1761235.67,1425078.59,1593012.75,1454874.2625000002,211120.53175002997,1353454.0083333333
24,2011-12-16,1624994.43,0,36.0,3.611,136.5335161,8.454,2011,12,50,4,0,1529615.54,1335647.1,1297535.69,1663525.77,1481008.5,212667.28298998348,1378627.3058333334
24,2011-12-23,2168344.23,0,36.93,3.587,136.5883871,8.454,2011,12,51,4,0,1624994.43,1529615.54,1761235.67,2386015.75,1562873.185,178833.71157875165,1411345.4675
24,2011-12-30,1363973.16,1,33.45,3.566,136.6432581,8.454,2011,12,52,4,0,2168344.23,1624994.43,1335647.1,1208600.05,1664650.325,356724.756249032,1488187.2691666668
24,2012-01-06,1251581.89,0,32.86,3.585,136.698129,8.659,2012,1,1,1,0,1363973.16,2168344.23,1529615.54,1178641.71,1671731.8399999999,348195.6821654789,1484692.1666666667
24,2012-01-13,1155594.2,0,36.5,3.666,136.753,8.659,2012,1,2,1,0,1251581.89,1363973.16,1624994.43,1167740.2,1602223.4275,408543.7387282958,1477881.0716666665
24,2012-01-20,1151993.85,0,25.73,3.705,136.8564194,8.659,2012,1,3,1,0,1155594.2,1251581.89,2168344.23,1107170.39,1484873.3699999999,463536.7528339983,1467216.9691666665
24,2012-01-27,1057290.41,0,31.92,3.737,136.9598387,8.659,2012,1,4,1,0,1151993.85,1155594.2,1363973.16,1126921.34,1230785.775,100055.48180621005,1454287.8941666668
24,2012-02-03,1249696.97,0,38.61,3.796,137.0632581,8.659,2012,2,5,1,0,1057290.41,1151993.85,1251581.89,1225182.04,1154115.0875,79333.64814686884,1426907.0633333332
24,2012-02-10,1403460.87,1,33.82,3.826,137.1666774,8.659,2012,2,6,1,0,1249696.97,1057290.41,1155594.2,1341240.62,1153643.8575,78563.59128479252,1412291.9283333335
24,2012-02-17,1326370.08,0,33.92,3.874,137.2583103,8.659,2012,2,7,1,0,1403460.87,1249696.97,1151993.85,1360150.12,1215610.525,147830.959771656,1421119.0266666666
24,2012-02-24,1303233.15,0,37.35,3.917,137.3411034,8.659,2012,2,8,1,0,1326370.08,1403460.87,1057290.41,1235121.33,1259204.5825,148526.99899290563,1384880.2275
24,2012-03-02,1213994.39,0,35.36,3.983,137.4238966,8.659,2012,3,9,1,0,1303233.15,1326370.08,1249696.97,1346994.53,1320690.2675,63843.642726013684,1382179.065
24,2012-03-09,1325835.7,0,41.5,4.021,137.5066897,8.659,2012,3,10,1,0,1213994.39,1303233.15,1403460.87,1253218.7,1311764.6225,78002.83238551475,1355877.3025
24,2012-03-16,1239299.12,0,48.68,4.021,137.5843871,8.659,2012,3,11,1,0,1325835.7,1213994.39,1326370.08,1168397.26,1292358.33,53343.86013571377,1330947.4083333332
24,2012-03-23,1221723.94,0,59.51,4.054,137.6552903,8.659,2012,3,12,1,0,1239299.12,1325835.7,1303233.15,1158693.12,1270590.59,52598.621184295735,1253526.9825
24,2012-03-30,1230106.13,0,47.28,4.098,137.7261935,8.659,2012,3,13,1,0,1221723.94,1239299.12,1213994.39,1163803.3,1250213.2874999999,51514.786814500105,1241672.8808333334
24,2012-04-06,1524734.29,0,45.25,4.143,137.7970968,8.983,2012,4,14,2,0,1230106.13,1221723.94,1325835.7,1273670.32,1254241.2225,48266.31671185592,1239883.2341666666
24,2012-04-13,1285783.87,0,48.65,4.187,137.868,8.983,2012,4,15,2,0,1524734.29,1230106.13,1239299.12,1245576.65,1303965.8699999999,147353.85988367329,1270644.9083333334
24,2012-04-20,1208654.4,0,61.05,4.17,137.9230667,8.983,2012,4,16,2,0,1285783.87,1524734.29,1221723.94,1372484.9,1315587.0574999999,142300.23265458664,1281794.0766666667
24,2012-04-27,1194334.65,0,49.26,4.163,137.9781333,8.983,2012,4,17,2,0,1208654.4,1285783.87,1230106.13,1197761.17,1312319.6725,145292.43365811024,1294407.7425
24,2012-05-04,1306551.71,0,52.14,4.124,138.0332,8.983,2012,5,18,2,0,1194334.65,1208654.4,1524734.29,1339630.35,1303376.8025,152939.17429648057,1289794.2158333333
24,2012-05-11,1355391.79,0,58.7,4.055,138.0882667,8.983,2012,5,19,2,0,1306551.71,1194334.65,1285783.87,1311950.16,1248831.1575,55621.35775319002,1281718.4525
24,2012-05-18,1298809.8,0,63.1,4.029,138.1065806,8.983,2012,5,20,2,0,1355391.79,1306551.71,1208654.4,1234281.7,1266233.1375,77587.70547136899,1284136.9283333332
24,2012-05-25,1407897.57,0,65.79,3.979,138.1101935,8.983,2012,5,21,2,0,1298809.8,1355391.79,1194334.65,1311153.72,1288771.9874999998,67758.1114730689,1283768.3158333334
24,2012-06-01,1467722.19,0,71.79,3.915,138.1138065,8.983,2012,6,22,2,0,1407897.57,1298809.8,1306551.71,1554837.62,1342162.7175,50476.722368942006,1299926.9141666668
24,2012-06-08,1406313.13,0,59.93,3.871,138.1174194,8.983,2012,6,23,2,0,1467722.19,1407897.57,1355391.79,1373841.91,1382455.3375000001,72219.0069090517,1311750.7883333333
24,2012-06-15,1364445.98,0,68.28,3.786,138.1295333,8.983,2012,6,24,2,0,1406313.13,1467722.19,1298809.8,1320359.23,1395185.6725,70321.32872187087,1325668.6224999998
24,2012-06-22,1434709.63,0,72.29,3.722,138.1629,8.983,2012,6,25,2,0,1364445.98,1406313.13,1407897.57,1304850.67,1411594.7175,42484.745039595684,1337562.1258333332
24,2012-06-29,1428869.9,0,70.4,3.667,138.1962667,8.983,2012,6,26,2,0,1434709.63,1364445.98,1467722.19,1445596.61,1418297.7325,43801.70971976355,1354612.4175
24,2012-07-06,1645097.75,0,77.18,3.646,138.2296333,8.953,2012,7,27,3,0,1428869.9,1434709.63,1406313.13,1567340.07,1408584.66,31871.55440222047,1346623.7183333333
24,2012-07-13,1405475.78,0,75.36,3.689,138.263,8.953,2012,7,28,3,0,1645097.75,1428869.9,1364445.98,1356938.95,1468280.815,122101.25053374308,1376566.5416666665
24,2012-07-20,1394299.0,0,76.42,3.732,138.2331935,8.953,2012,7,29,3,0,1405475.78,1645097.75,1434709.63,1357672.24,1478538.2650000001,111755.81190789076,1392968.3233333335
24,2012-07-27,1307339.14,0,73.62,3.82,138.2033871,8.953,2012,7,30,3,0,1394299.0,1405475.78,1428869.9,1310973.06,1468435.6075,118652.34125110134,1409632.0191666668
24,2012-08-03,1440374.13,0,73.26,3.819,138.1735806,8.953,2012,8,31,3,0,1307339.14,1394299.0,1645097.75,1417616.81,1438052.9175,144832.46583272496,1409697.6383333334
24,2012-08-10,1497054.81,0,75.53,3.863,138.1437742,8.953,2012,8,32,3,0,1440374.13,1307339.14,1405475.78,1402818.01,1386872.0125,56536.75705121338,1416779.5
24,2012-08-17,1397970.54,0,72.87,3.963,138.1857097,8.953,2012,8,33,3,0,1497054.81,1440374.13,1394299.0,1352039.88,1409766.77,80180.3876880132,1433299.9174999997
24,2012-08-24,1303726.54,0,68.13,3.997,138.2814516,8.953,2012,8,34,3,0,1397970.54,1497054.81,1307339.14,1402372.09,1410684.655,79965.01900070095,1432472.665
24,2012-08-31,1344558.92,0,71.18,4.026,138.3771935,8.953,2012,8,35,3,1,1303726.54,1397970.54,1440374.13,1196105.44,1409781.5050000001,81526.46393532875,1418806.360833333
24,2012-09-07,1477134.75,1,72.81,4.076,138.4729355,8.953,2012,9,36,3,0,1344558.92,1303726.54,1497054.81,1527455.19,1385827.7025000001,83591.52915268231,1413660.1766666668
24,2012-09-14,1242909.53,0,64.28,4.088,138.5673,8.953,2012,9,37,3,0,1477134.75,1344558.92,1397970.54,1227535.97,1380847.6875,74897.56676288192,1423050.9075
24,2012-09-21,1261158.47,0,61.25,4.203,138.6534,8.953,2012,9,38,3,0,1242909.53,1477134.75,1303726.54,1232376.49,1342082.435,99250.02188447182,1407067.5658333332
24,2012-09-28,1259278.36,0,58.86,4.158,138.7395,8.953,2012,9,39,3,0,1261158.47,1242909.53,1344558.92,1246242.61,1331440.4175,106733.6307767979,1393091.6133333335
24,2012-10-05,1416720.54,0,60.35,4.151,138.8256,8.693,2012,10,40,4,0,1259278.36,1261158.47,1477134.75,1405914.39,1310120.2774999999,111644.19341925195,1360939.9975
24,2012-10-12,1416301.17,0,51.64,4.186,138.9117,8.693,2012,10,41,4,0,1416720.54,1259278.36,1242909.53,1333315.03,1295016.725,81548.73904776371,1361877.0608333333
24,2012-10-19,1255414.84,0,52.59,4.153,138.8336129,8.693,2012,10,42,4,0,1416301.17,1416720.54,1261158.47,1283563.43,1338364.635,90238.90909424455,1363710.575
24,2012-10-26,1307182.29,0,55.16,4.071,138.7281613,8.693,2012,10,43,4,0,1255414.84,1416301.17,1259278.36,1307142.75,1336928.7275,91907.22024356695,1359383.55
25,2011-02-04,639830.45,0,23.94,3.231,205.7329407,7.343,2011,2,5,1,0,600448.69,568093.57,558794.63,677231.63,574924.4299999999,17934.055033997858,805228.2166666667
25,2011-02-11,615666.78,1,21.18,3.239,206.0763862,7.343,2011,2,6,1,0,639830.45,600448.69,572360.83,583364.02,595183.385,33044.469750724886,799109.9141666666
25,2011-02-18,634637.03,0,38.42,3.245,206.3694701,7.343,2011,2,7,1,0,615666.78,639830.45,568093.57,676260.67,606009.8724999999,30031.428376325508,790577.4183333335
25,2011-02-25,570816.34,0,28.36,3.274,206.6424093,7.343,2011,2,8,1,0,634637.03,615666.78,600448.69,628516.57,622645.7375,18078.718658803653,750527.12
25,2011-03-04,640912.18,0,31.59,3.433,206.9153485,7.343,2011,3,9,1,0,570816.34,634637.03,639830.45,665750.06,615237.65,31382.472235828496,724297.4016666667
25,2011-03-11,599828.39,0,36.73,3.582,207.1882876,7.343,2011,3,10,1,0,640912.18,570816.34,615666.78,660619.99,615508.0825,31668.395574717284,697312.6516666666
25,2011-03-18,603393.64,0,40.94,3.631,207.4283845,7.343,2011,3,11,1,0,599828.39,640912.18,634637.03,659795.84,611548.4850000001,32617.867074045662,659989.385
25,2011-03-25,616324.24,0,38.51,3.625,207.6553444,7.343,2011,3,12,1,0,603393.64,599828.39,570816.34,696687.6,603737.6375,28758.52910856357,602322.9225
25,2011-04-01,618377.79,0,28.5,3.638,207.8823043,7.287,2011,4,13,2,0,616324.24,603393.64,640912.18,822486.37,615114.6125,18601.32147878493,601758.8975
25,2011-04-08,648606.13,0,42.11,3.72,208.1092642,7.287,2011,4,14,2,0,618377.79,616324.24,599828.39,712647.97,609481.015,9241.421924911861,606724.1608333333
25,2011-04-15,674562.45,0,51.43,3.821,208.3172811,7.287,2011,4,15,2,0,648606.13,618377.79,603393.64,715311.6,621675.45,19139.80243783847,613077.9358333333
25,2011-04-22,756588.42,0,45.87,3.892,208.4779405,7.287,2011,4,16,2,0,674562.45,648606.13,616324.24,694531.72,639467.6525,27661.986100051876,621950.3425
25,2011-04-29,649245.0,0,58.43,3.962,208.6386,7.287,2011,4,17,2,0,756588.42,674562.45,618377.79,706924.02,674533.6975,59325.94433824688,634961.9866666667
25,2011-05-06,659446.55,0,49.5,4.046,208.7992595,7.287,2011,5,18,2,0,649245.0,756588.42,648606.13,724468.97,682250.5,51011.56445903958,635746.5325000001
25,2011-05-13,684783.15,0,60.1,4.066,208.9599189,7.287,2011,5,19,2,0,659446.55,649245.0,674562.45,698073.95,684960.605,48871.38546613195,639394.8466666667
25,2011-05-20,677971.33,0,56.56,4.062,208.7583165,7.287,2011,5,20,2,0,684783.15,659446.55,756588.42,704113.22,687515.78,48411.53835567254,643573.6900000001
25,2011-05-27,718373.94,0,67.18,3.985,208.556714,7.287,2011,5,21,2,0,677971.33,684783.15,649245.0,792442.54,667861.5075000001,16390.40732770338,652503.2725000001
25,2011-06-03,737551.74,0,70.69,3.922,208.3551116,7.287,2011,6,22,2,0,718373.94,677971.33,659446.55,764155.44,685143.7425,24604.642219797446,658958.4191666667
25,2011-06-10,740259.63,0,71.45,3.881,208.1535092,7.287,2011,6,23,2,0,737551.74,718373.94,684783.15,737163.2,704670.0399999999,28150.26690007679,670435.365
25,2011-06-17,717373.43,0,63.58,3.842,208.1265604,7.287,2011,6,24,2,0,740259.63,737551.74,677971.33,780444.94,718539.1599999999,28746.206380640324,681840.8641666666
25,2011-06-24,699270.1,0,70.71,3.804,208.2306018,7.287,2011,6,25,2,0,717373.43,740259.63,718373.94,737569.14,728389.6849999999,12199.888910103633,690261.63
25,2011-07-01,706206.86,0,66.61,3.748,208.3346432,7.274,2011,7,26,3,0,699270.1,717373.43,737551.74,759407.87,723613.725,19173.83438645319,697002.6558333334
25,2011-07-08,698529.64,0,71.64,3.711,208.4386847,7.274,2011,7,27,3,0,706206.86,699270.1,740259.63,719591.13,715777.505,17944.479993132496,701802.7166666667
25,2011-07-15,680510.23,0,72.67,3.76,208.5309337,7.274,2011,7,28,3,0,698529.64,706206.86,717373.43,726997.84,705345.0075,8732.687117269268,703799.9824999999
25,2011-07-22,670854.96,0,78.1,3.811,208.5937018,7.274,2011,7,29,3,0,680510.23,698529.64,699270.1,665290.93,696129.2075,10971.764062664784,697460.1333333333
25,2011-07-29,668390.82,0,74.72,3.829,208.6564699,7.274,2011,7,30,3,0,670854.96,680510.23,706206.86,682124.34,689025.4225,16209.114263587799,699260.9633333334
25,2011-08-05,679706.01,0,74.0,3.842,208.719238,7.274,2011,8,31,3,0,668390.82,670854.96,698529.64,699464.43,679571.4125,13678.181666146524,700006.3191666667
25,2011-08-12,667130.48,0,70.93,3.812,208.7820061,7.274,2011,8,32,3,0,679706.01,668390.82,680510.23,686072.39,674865.505,6145.443461821544,699583.2241666666
25,2011-08-19,688958.75,0,68.09,3.747,208.8424359,7.274,2011,8,33,3,0,667130.48,679706.01,670854.96,724499.81,671520.5675,5671.939407783495,698679.82
25,2011-08-26,726422.55,0,66.8,3.704,208.902476,7.274,2011,8,34,3,0,688958.75,667130.48,668390.82,711461.95,676046.515,10299.240463984706,696228.5541666667
25,2011-09-02,699779.0,0,67.2,3.703,208.9625161,7.274,2011,9,35,3,0,726422.55,688958.75,679706.01,685700.08,690554.4475,25530.621333965206,695301.1216666667
25,2011-09-09,673248.48,1,67.51,3.738,209.0225562,7.274,2011,9,36,3,0,699779.0,726422.55,667130.48,655811.95,695572.695,24644.88058971407,691927.7358333333
25,2011-09-16,628720.46,0,62.05,3.742,209.1893892,7.274,2011,9,37,3,0,673248.48,699779.0,688958.75,628989.88,697102.195,22376.802855515343,688250.6566666666
25,2011-09-23,620885.93,0,60.28,3.711,209.4986126,7.274,2011,9,38,3,0,628720.46,673248.48,726422.55,607819.33,682042.6224999999,41652.3188938901,682371.5199999999
25,2011-09-30,639160.24,0,60.7,3.645,209.807836,7.274,2011,9,39,3,1,620885.93,628720.46,699779.0,658640.14,655658.4675,37375.640641524195,675261.4425
25,2011-10-07,671522.87,0,50.82,3.583,210.1170595,7.082,2011,10,40,4,0,639160.24,620885.93,673248.48,674283.86,640503.7775000001,23077.60203217851,670313.9925
25,2011-10-14,646915.47,0,58.95,3.541,210.4027602,7.082,2011,10,41,4,0,671522.87,639160.24,628720.46,616094.72,640072.375,22263.20785443144,669565.0458333333
25,2011-10-21,690675.5,0,50.22,3.57,210.5473252,7.082,2011,10,42,4,0,646915.47,671522.87,620885.93,661644.19,644621.1275000001,20993.24216421113,667570.0883333334
25,2011-10-28,724443.97,0,46.28,3.569,210.6918901,7.082,2011,10,43,4,0,690675.5,646915.47,639160.24,674458.03,662068.52,23538.254363937016,669427.145
25,2011-11-04,718393.61,0,40.88,3.551,210.8364551,7.082,2011,11,44,4,0,724443.97,690675.5,671522.87,696314.53,683389.4525,32709.46384442943,673155.3083333333
25,2011-11-11,719235.07,0,44.81,3.53,210.9810201,7.082,2011,11,45,4,0,718393.61,724443.97,646915.47,713250.08,695107.1375,35331.69384555801,677427.2358333333
25,2011-11-18,728525.6,0,46.41,3.53,211.1847207,7.082,2011,11,46,4,0,719235.07,718393.61,690675.5,718056.73,713187.0375,15244.397268534889,679950.2625
25,2011-11-25,1116211.39,1,43.49,3.492,211.4120757,7.082,2011,11,47,4,0,728525.6,719235.07,724443.97,1115240.61,722649.5625,4744.105314062599,680125.5166666666
25,2011-12-02,878314.57,0,42.85,3.452,211.6394306,7.082,2011,12,48,4,0,1116211.39,728525.6,718393.61,885572.96,820591.4175,197133.44374576356,714828.2158333333
25,2011-12-09,916446.02,0,38.69,3.415,211.8667856,7.082,2011,12,49,4,0,878314.57,1116211.39,719235.07,964729.18,860571.6575,185363.3153603064,731917.0566666666
25,2011-12-16,997502.47,0,33.09,3.413,212.0685039,7.082,2011,12,50,4,0,916446.02,878314.57,728525.6,1047707.59,909874.395,159688.81171699107,755894.1866666666
25,2011-12-23,1290532.97,0,36.56,3.389,212.2360401,7.082,2011,12,51,4,0,997502.47,916446.02,1116211.39,1295391.19,977118.6124999999,105207.26320658396,787278.8983333334
25,2011-12-30,683665.37,1,32.42,3.389,212.4035763,7.082,2011,12,52,4,0,1290532.97,997502.47,878314.57,623092.54,1020699.0075,186628.3830819128,841559.9591666666
25,2012-01-06,636419.12,0,30.23,3.422,212.5711125,6.961,2012,1,1,1,0,683665.37,1290532.97,916446.02,558794.63,972036.7075,250557.19713898824,842571.8341666666
25,2012-01-13,614764.31,0,34.6,3.513,212.7386486,6.961,2012,1,2,1,0,636419.12,683665.37,997502.47,572360.83,902029.9824999999,304566.24973675393,841697.1383333333
25,2012-01-20,594744.89,0,23.87,3.533,212.8336399,6.961,2012,1,3,1,0,614764.31,636419.12,1290532.97,568093.57,806345.4425000001,324071.1071064113,835371.2058333334
25,2012-01-27,589554.29,0,32.24,3.567,212.9286312,6.961,2012,1,4,1,0,594744.89,614764.31,683665.37,600448.69,632398.4225,38180.34550107983,824562.9491666667
25,2012-02-03,642776.4,0,34.98,3.617,213.0236225,6.961,2012,2,5,1,0,589554.29,594744.89,636419.12,639830.45,608870.6525,21340.980036568562,813826.3391666667
25,2012-02-10,658984.38,1,32.47,3.64,213.1186138,6.961,2012,2,6,1,0,642776.4,589554.29,614764.31,615666.78,610459.9725,24130.825282538895,807454.7833333333
25,2012-02-17,654088.02,0,32.23,3.695,213.2732106,6.961,2012,2,7,1,0,658984.38,642776.4,594744.89,634637.03,621514.99,34612.74977355494,801659.6816666666
25,2012-02-24,613501.05,0,35.51,3.739,213.4725116,6.961,2012,2,8,1,0,654088.02,658984.38,589554.29,570816.34,636350.7725,31927.46780063555,763149.4008333334
25,2012-03-02,643155.89,0,36.01,3.816,213.6718127,6.961,2012,3,9,1,0,613501.05,654088.02,642776.4,640912.18,642337.4625,20387.306637641504,741081.6075
25,2012-03-09,643711.53,0,37.44,3.848,213.8711137,6.961,2012,3,10,1,0,643155.89,613501.05,658984.38,599828.39,642432.335,20390.912764354034,718307.43
25,2012-03-16,638204.27,0,50.64,3.862,214.0167132,6.961,2012,3,11,1,0,643711.53,643155.89,654088.02,603393.64,638614.1225,17480.64767560461,688824.8516666667
25,2012-03-23,672831.78,0,62.7,3.9,214.0907105,6.961,2012,3,12,1,0,638204.27,643711.53,613501.05,616324.24,634643.185,14310.511593364809,634464.1266666666
25,2012-03-30,684348.92,0,47.92,3.953,214.1647079,6.961,2012,3,13,1,0,672831.78,638204.27,643155.89,618377.79,649475.8674999999,15766.17964001925,633561.3275
25,2012-04-06,791356.9,0,44.73,3.996,214.2387053,7.139,2012,4,14,2,0,684348.92,672831.78,643711.53,648606.13,659774.125,22343.444275268623,637555.4775
25,2012-04-13,658691.56,0,42.46,4.044,214.3127027,7.139,2012,4,15,2,0,791356.9,684348.92,638204.27,674562.45,696685.4675,66090.64332214124,652271.5266666667
25,2012-04-20,661566.48,0,57.1,4.027,214.3675045,7.139,2012,4,16,2,0,658691.56,791356.9,672831.78,756588.42,701807.29,60614.83230860798,657600.4158333334
25,2012-04-27,655157.32,0,44.2,4.004,214.4223063,7.139,2012,4,17,2,0,661566.48,658691.56,684348.92,649245.0,698990.965,62637.82018098305,663601.4316666668
25,2012-05-04,696421.72,0,58.76,3.951,214.4771081,7.139,2012,5,18,2,0,655157.32,661566.48,791356.9,659446.55,691693.065,66494.23816050908,664633.1749999999
25,2012-05-11,739866.16,0,59.21,3.889,214.5319099,7.139,2012,5,19,2,0,696421.72,655157.32,658691.56,684783.15,667959.27,19155.148972127445,667752.9533333334
25,2012-05-18,717207.19,0,58.21,3.848,214.5485571,7.139,2012,5,20,2,0,739866.16,696421.72,661566.48,677971.33,688252.9199999999,38893.61839672924,674901.1316666667
25,2012-05-25,783371.02,0,67.69,3.798,214.5499425,7.139,2012,5,21,2,0,717207.19,739866.16,655157.32,718373.94,702163.0974999999,36010.88805257124,683543.3099999999
25,2012-06-01,694765.95,0,69.54,3.742,214.5513278,7.139,2012,6,22,2,0,783371.02,717207.19,696421.72,737551.74,734216.5225,37264.13609387466,695227.9041666667
25,2012-06-08,730254.19,0,58.48,3.689,214.5527132,7.139,2012,6,23,2,0,694765.95,783371.02,739866.16,740259.63,733802.58,37828.836872853855,699482.4391666666
25,2012-06-15,753860.89,0,68.34,3.62,214.5653243,7.139,2012,6,24,2,0,730254.19,694765.95,717207.19,717373.43,731399.5875,37619.98261037361,707153.2658333333
25,2012-06-22,721601.9,0,73.52,3.564,214.606,7.139,2012,6,25,2,0,753860.89,730254.19,783371.02,699270.1,740563.0125000001,37474.443767677345,713905.6916666668
25,2012-06-29,718890.81,0,69.84,3.506,214.6466757,7.139,2012,6,26,2,0,721601.9,753860.89,694765.95,706206.86,725120.7325,24400.43744016652,717010.1066666666
25,2012-07-06,753385.55,0,75.52,3.475,214.6873514,7.28,2012,7,27,3,0,718890.81,721601.9,730254.19,698529.64,731151.9475,15895.92125927521,710971.2658333333
25,2012-07-13,714093.95,0,73.87,3.523,214.728027,7.28,2012,7,28,3,0,753385.55,718890.81,753860.89,680510.23,736934.7875000001,19302.876260461213,718862.4316666666
25,2012-07-20,685676.58,0,74.32,3.567,214.7331351,7.28,2012,7,29,3,0,714093.95,753385.55,721601.9,670854.96,726993.0525,17866.744045852676,723239.7208333333
25,2012-07-27,659109.53,0,72.98,3.647,214.7382432,7.28,2012,7,30,3,0,685676.58,714093.95,718890.81,668390.82,718011.7225,27766.83182437537,725782.9925
25,2012-08-03,709724.6,0,72.08,3.654,214.7433514,7.28,2012,8,31,3,0,659109.53,685676.58,753385.55,679706.01,703066.4025,40365.97567074787,722673.6433333332
25,2012-08-10,710496.97,0,71.93,3.722,214.7484595,7.28,2012,8,32,3,0,709724.6,659109.53,714093.95,667130.48,692151.165,25324.43698387549,720161.8466666667
25,2012-08-17,728467.72,0,66.99,3.807,214.825578,7.28,2012,8,33,3,0,710496.97,709724.6,685676.58,688958.75,691251.9199999999,24329.8822227081,719602.6616666666
25,2012-08-24,756527.64,0,64.53,3.834,214.9567044,7.28,2012,8,34,3,0,728467.72,710496.97,659109.53,726422.55,701949.705,29843.98568562877,715027.3866666667
25,2012-08-31,714828.73,0,68.55,3.867,215.0878309,7.28,2012,8,35,3,1,756527.64,728467.72,709724.6,699779.0,726304.2325,21930.867140878792,720174.1941666667
25,2012-09-07,671482.9,1,72.79,3.911,215.2189573,7.28,2012,9,36,3,0,714828.73,756527.64,710496.97,673248.48,727580.265,20761.974124834214,718888.7391666666
25,2012-09-14,657241.63,0,60.9,3.948,215.3583757,7.28,2012,9,37,3,0,671482.9,714828.73,728467.72,628720.46,717826.7474999999,35438.81904576685,712023.9066666667
25,2012-09-21,664745.2,0,57.6,4.038,215.5475459,7.28,2012,9,38,3,0,657241.63,671482.9,756527.64,620885.93,700020.225,44932.41917460355,706660.5508333333
25,2012-09-28,683300.84,0,54.52,3.997,215.7367162,7.28,2012,9,39,3,0,664745.2,657241.63,714828.73,639160.24,677074.615,25832.810173155343,702148.4166666666
25,2012-10-05,699536.73,0,57.58,3.985,215.9258865,7.293,2012,10,40,4,0,683300.84,664745.2,671482.9,671522.87,669192.6425,11058.826952276764,696308.0241666666
25,2012-10-12,697317.41,0,43.74,4.0,216.1150568,7.293,2012,10,41,4,0,699536.73,683300.84,657241.63,646915.47,676206.1,19023.292591411275,695094.9225
25,2012-10-19,685531.85,0,51.93,3.969,216.1464699,7.293,2012,10,42,4,0,697317.41,699536.73,664745.2,690675.5,686225.045,16022.65307763173,696064.9916666667
25,2012-10-26,688940.94,0,56.69,3.882,216.1515902,7.293,2012,10,43,4,0,685531.85,697317.41,683300.84,724443.97,691421.7075,8190.478383806316,698266.8516666667
26,2011-02-04,911807.02,0,11.17,3.24,133.1834194,7.907,2011,2,5,1,0,817485.14,809833.21,938149.21,1034119.21,844447.7125,62548.896216855945,1029300.8291666667
26,2011-02-11,1010711.08,1,15.12,3.255,133.260871,7.907,2011,2,6,1,0,911807.02,817485.14,812323.29,1015684.09,837862.1649999999,49399.4641788724,1024351.9966666667
26,2011-02-18,981978.02,0,19.63,3.263,133.3701429,7.907,2011,2,7,1,0,1010711.08,911807.02,809833.21,999348.55,887459.1125,94350.42069967963,1033413.5283333333
26,2011-02-25,910298.44,0,16.3,3.281,133.4921429,7.907,2011,2,8,1,0,981978.02,1010711.08,817485.14,855385.01,930495.3150000001,86034.08218489065,1008008.895
26,2011-03-04,945643.17,0,14.31,3.437,133.6141429,7.907,2011,3,9,1,0,910298.44,981978.02,911807.02,1005669.58,953698.64,50624.8517173204,999188.4616666666
26,2011-03-11,946614.55,0,28.13,3.6,133.7361429,7.907,2011,3,10,1,0,945643.17,910298.44,1010711.08,963382.09,962157.6775,43636.3317400875,982191.0558333335
26,2011-03-18,887426.12,0,31.76,3.634,133.8492258,7.907,2011,3,11,1,0,946614.55,945643.17,981978.02,903366.55,946133.545,29265.753432051843,961341.1574999999
26,2011-03-25,866566.54,0,22.99,3.624,133.9587419,7.907,2011,3,12,1,0,887426.12,946614.55,910298.44,893613.0,922495.5700000001,28845.409141025753,904128.1283333334
26,2011-04-01,849231.61,0,22.99,3.638,134.0682581,7.818,2011,4,13,2,0,866566.54,887426.12,945643.17,1029849.2,911562.595,40813.9662886821,903236.3158333333
26,2011-04-08,985229.81,0,29.09,3.72,134.1777742,7.818,2011,4,14,2,0,849231.61,866566.54,946614.55,1022293.81,887459.7050000001,42415.439036480966,895826.5158333333
26,2011-04-15,863266.12,0,39.46,3.823,134.2784667,7.818,2011,4,15,2,0,985229.81,849231.61,887426.12,905548.38,897113.52,60784.103115020655,910235.3925
26,2011-04-22,921700.61,0,33.81,3.919,134.3571,7.818,2011,4,16,2,0,863266.12,985229.81,866566.54,881930.87,891073.52,63219.184700248494,914688.1350000001
26,2011-04-29,873450.29,0,47.17,3.988,134.4357333,7.818,2011,4,17,2,0,921700.61,863266.12,849231.61,904503.85,904857.0375,62095.30604092619,923372.7575
26,2011-05-06,1024778.23,0,45.0,4.078,134.5143667,7.818,2011,5,18,2,0,873450.29,921700.61,985229.81,1074479.73,910911.7075,55716.6659258677,920176.3633333333
26,2011-05-13,941008.85,0,48.2,4.095,134.593,7.818,2011,5,19,2,0,1024778.23,873450.29,863266.12,972663.59,920798.8125,73856.67605031295,921348.6258333334
26,2011-05-20,938334.62,0,48.86,4.101,134.6803871,7.818,2011,5,20,2,0,941008.85,1024778.23,921700.61,986765.01,940234.4949999999,63118.6123740882,917934.5283333333
26,2011-05-27,996723.58,0,56.74,4.034,134.7677742,7.818,2011,5,21,2,0,938334.62,941008.85,873450.29,1069851.59,944392.9974999999,62029.05164448771,920270.8766666666
26,2011-06-03,1054454.4,0,60.49,3.973,134.8551613,7.818,2011,6,22,2,0,996723.58,938334.62,1024778.23,1003202.66,975211.32,42619.85395816614,924527.5775
26,2011-06-10,1094058.68,0,59.85,3.924,134.9425484,7.818,2011,6,23,2,0,1054454.4,996723.58,941008.85,1073862.59,982630.3624999999,54929.57384602359,933514.2316666668
26,2011-06-17,981646.46,0,54.5,3.873,135.0837333,7.818,2011,6,24,2,0,1094058.68,1054454.4,938334.62,1001286.67,1020892.8199999998,68018.70152404923,950733.6116666667
26,2011-06-24,997474.93,0,56.94,3.851,135.2652667,7.818,2011,6,25,2,0,981646.46,1094058.68,996723.58,976242.09,1031720.78,52073.89872740555,960323.605
26,2011-07-01,1070119.09,0,59.89,3.815,135.4468,7.767,2011,7,26,3,0,997474.93,981646.46,1054454.4,1078455.48,1031908.6174999999,51906.66588115357,972677.215
26,2011-07-08,1133807.03,0,63.34,3.784,135.6283333,7.767,2011,7,27,3,0,1070119.09,997474.93,1094058.68,1122356.53,1035824.79,54690.913811558814,979751.3216666667
26,2011-07-15,1021534.7,0,64.43,3.827,135.7837419,7.767,2011,7,28,3,0,1133807.03,1070119.09,981646.46,1028151.72,1045761.8775000002,70208.35358555971,1002296.3975
26,2011-07-22,1017867.8,0,69.52,3.882,135.8738387,7.767,2011,7,29,3,0,1021534.7,1133807.03,997474.93,971615.62,1055733.9375,60183.16537988484,1010615.9049999999
26,2011-07-29,1005360.5,0,63.32,3.898,135.9639355,7.767,2011,7,30,3,0,1017867.8,1021534.7,1070119.09,1005324.28,1060832.155,54165.811212739216,1022650.6975000001
26,2011-08-05,1107552.43,0,63.16,3.903,136.0540323,7.767,2011,8,31,3,0,1005360.5,1017867.8,1133807.03,1125329.77,1044642.5075000001,59844.92157526863,1021032.5533333333
26,2011-08-12,1087644.5,0,62.99,3.88,136.144129,7.767,2011,8,32,3,0,1107552.43,1005360.5,1021534.7,1011938.29,1038078.8574999999,46830.418127762394,1034911.185
26,2011-08-19,1021766.75,0,60.58,3.82,136.183129,7.767,2011,8,33,3,0,1087644.5,1107552.43,1017867.8,1007385.36,1054606.3075,50562.44173002361,1047353.6749999999
26,2011-08-26,1064617.62,0,61.1,3.796,136.2136129,7.767,2011,8,34,3,0,1021766.75,1087644.5,1005360.5,977322.52,1055581.045,49647.42253060987,1049440.6058333332
26,2011-09-02,1040143.14,0,59.67,3.784,136.2440968,7.767,2011,9,35,3,0,1064617.62,1021766.75,1107552.43,1037549.71,1070395.3250000002,36861.47343663232,1050287.5408333335
26,2011-09-09,1069710.97,1,60.98,3.809,136.2745806,7.767,2011,9,36,3,0,1040143.14,1064617.62,1087644.5,1042226.3,1053543.0025,28721.918590024117,1045794.5791666666
26,2011-09-16,951569.84,0,55.19,3.809,136.3145,7.767,2011,9,37,3,0,1069710.97,1040143.14,1021766.75,923473.7,1049059.62,22307.95066972959,1053133.2883333333
26,2011-09-23,923644.6,0,50.72,3.758,136.367,7.767,2011,9,38,3,0,951569.84,1069710.97,1064617.62,868636.3,1031510.3925,54834.26209185222,1049307.8641666668
26,2011-09-30,959339.51,0,59.42,3.684,136.4195,7.767,2011,9,39,3,1,923644.6,951569.84,1040143.14,923221.52,996267.1375,69739.94905936906,1037101.6566666667
26,2011-10-07,1130022.99,0,46.84,3.633,136.472,7.598,2011,10,40,4,0,959339.51,923644.6,1069710.97,1001069.52,976066.23,64283.800205325926,1022562.6966666667
26,2011-10-14,987886.08,0,53.91,3.583,136.5150968,7.598,2011,10,41,4,0,1130022.99,959339.51,951569.84,937956.89,991144.235,93845.94217372891,1031603.3875000001
26,2011-10-21,974907.28,0,45.23,3.618,136.5017742,7.598,2011,10,42,4,0,987886.08,1130022.99,923644.6,916522.66,1000223.295,90435.88539195078,1029104.9108333333
26,2011-10-28,972256.98,0,35.06,3.604,136.4884516,7.598,2011,10,43,4,0,974907.28,987886.08,959339.51,895069.88,1013038.965,78857.64938009017,1026567.1425
26,2011-11-04,988950.75,0,31.7,3.586,136.475129,7.598,2011,11,44,4,0,972256.98,974907.28,1130022.99,970224.51,1016268.3324999999,76143.30824767788,1015292.5216666666
26,2011-11-11,1077640.13,0,40.08,3.57,136.4618065,7.598,2011,11,45,4,0,988950.75,972256.98,987886.08,971193.01,981000.2725,8644.731704926337,1007068.0425
26,2011-11-18,946091.79,0,37.78,3.571,136.4666667,7.598,2011,11,46,4,0,1077640.13,988950.75,974907.28,901972.7,1003438.7849999999,50006.9811746085,1011724.1575000001
26,2011-11-25,1282320.05,1,31.07,3.536,136.4788,7.598,2011,11,47,4,0,946091.79,1077640.13,972256.98,1286833.62,996234.9125,57064.707249966006,1001847.0049999999
26,2011-12-02,1012498.49,0,36.74,3.501,136.4909333,7.598,2011,12,48,4,0,1282320.05,946091.79,988950.75,1016143.64,1073750.68,149448.0179945919,1022028.4141666667
26,2011-12-09,1148987.46,0,34.24,3.47,136.5030667,7.598,2011,12,49,4,0,1012498.49,1282320.05,1077640.13,1149612.04,1079637.615,145403.24261004847,1017260.7074999999
26,2011-12-16,1204807.83,0,28.24,3.445,136.5335161,7.598,2011,12,50,4,0,1148987.46,1012498.49,946091.79,1196813.33,1097474.4475,149397.80181918823,1033712.1758333333
26,2011-12-23,1515175.01,0,22.53,3.413,136.5883871,7.598,2011,12,51,4,0,1204807.83,1148987.46,1282320.05,1573982.47,1162153.4575,113767.83117973871,1057142.445
26,2011-12-30,972834.42,1,18.8,3.402,136.6432581,7.598,2011,12,52,4,0,1515175.01,1204807.83,1012498.49,877268.29,1220367.1975,212491.73059307746,1103462.07
26,2012-01-06,971557.62,0,22.94,3.439,136.698129,7.467,2012,1,1,1,0,972834.42,1515175.01,1148987.46,938149.21,1210451.18,225926.22208605014,1090363.0225
26,2012-01-13,836305.65,0,25.55,3.523,136.753,7.467,2012,1,2,1,0,971557.62,972834.42,1204807.83,812323.29,1166093.72,257261.20356611282,1089002.3175000001
26,2012-01-20,838751.5,0,15.22,3.542,136.8564194,7.467,2012,1,3,1,0,836305.65,971557.62,1515175.01,809833.21,1073968.175,301033.1682810052,1077452.1816666666
26,2012-01-27,820059.89,0,24.16,3.568,136.9598387,7.467,2012,1,4,1,0,838751.5,836305.65,972834.42,817485.14,904862.2975000001,77758.44422110343,1066326.7249999999
26,2012-02-03,939158.25,0,25.24,3.633,137.0632581,7.467,2012,2,5,1,0,820059.89,838751.5,971557.62,911807.02,866668.665,70416.26604111775,1052252.4866666666
26,2012-02-10,1081005.64,1,23.89,3.655,137.1666774,7.467,2012,2,6,1,0,939158.25,820059.89,836305.65,1010711.08,858568.8225,54362.882030240224,1040712.3300000001
26,2012-02-17,965788.76,0,23.9,3.703,137.2583103,7.467,2012,2,7,1,0,1081005.64,939158.25,838751.5,981978.02,919743.82,119553.24682774144,1051955.1508333334
26,2012-02-24,917924.47,0,28.06,3.751,137.3411034,7.467,2012,2,8,1,0,965788.76,1081005.64,820059.89,910298.44,951503.135,107089.83880323528,1025577.5433333333
26,2012-03-02,955641.74,0,22.49,3.827,137.4238966,7.467,2012,3,9,1,0,917924.47,965788.76,939158.25,945643.17,975969.28,72710.68653028645,1017696.375
26,2012-03-09,1028569.01,0,29.03,3.876,137.5066897,7.467,2012,3,10,1,0,955641.74,917924.47,1081005.64,946614.55,980090.1525000001,70358.04241938135,1001584.2316666666
26,2012-03-16,919503.4,0,35.06,3.867,137.5843871,7.467,2012,3,11,1,0,1028569.01,955641.74,965788.76,887426.12,966980.995,45933.380617897434,986897.6633333334
26,2012-03-23,874790.68,0,49.97,3.889,137.6552903,7.467,2012,3,12,1,0,919503.4,1028569.01,917924.47,866566.54,955409.6549999999,51790.42166936649,937258.3624999999
26,2012-03-30,922018.43,0,33.33,3.921,137.7261935,7.467,2012,3,13,1,0,874790.68,919503.4,955641.74,849231.61,944626.2075,65002.28817946277,929088.0508333333
26,2012-04-06,1116829.23,0,33.35,3.957,137.7970968,7.489,2012,4,14,2,0,922018.43,874790.68,1028569.01,985229.81,936220.38,65276.41306804406,924959.785
26,2012-04-13,889670.29,0,36.9,4.025,137.868,7.489,2012,4,15,2,0,1116829.23,922018.43,919503.4,863266.12,958285.435,107899.4144808382,948336.75
26,2012-04-20,923600.02,0,50.81,4.046,137.9230667,7.489,2012,4,16,2,0,889670.29,1116829.23,874790.68,921700.61,950827.1575000001,112410.46690216019,952579.9825
26,2012-04-27,911969.0,0,43.6,4.023,137.9781333,7.489,2012,4,17,2,0,923600.02,889670.29,922018.43,873450.29,963029.4925,103718.40465978366,961208.3266666667
26,2012-05-04,946573.29,0,40.29,3.991,138.0332,7.489,2012,5,18,2,0,911969.0,923600.02,1116829.23,1024778.23,960517.135,105154.71344903238,958942.5558333333
26,2012-05-11,1062548.73,0,47.11,3.947,138.0882667,7.489,2012,5,19,2,0,946573.29,911969.0,889670.29,941008.85,917953.15,23711.66924686811,947739.86
26,2012-05-18,978082.84,0,52.55,3.899,138.1065806,7.489,2012,5,20,2,0,1062548.73,946573.29,923600.02,938334.62,961172.76,69096.43649028231,955803.1908333333
26,2012-05-25,1067310.74,0,58.2,3.85,138.1101935,7.489,2012,5,21,2,0,978082.84,1062548.73,911969.0,996723.58,974793.465,64433.68219256525,960816.3883333335
26,2012-06-01,1015853.03,0,58.51,3.798,138.1138065,7.489,2012,6,22,2,0,1067310.74,978082.84,946573.29,1054454.4,1013628.9,60648.899212351345,970122.1383333333
26,2012-06-08,1106176.83,0,49.43,3.746,138.1174194,7.489,2012,6,23,2,0,1015853.03,1067310.74,1062548.73,1094058.68,1030948.835,42203.62644440915,969062.4733333333
26,2012-06-15,1029248.22,0,57.84,3.683,138.1295333,7.489,2012,6,24,2,0,1106176.83,1015853.03,978082.84,981646.46,1041855.8600000001,56356.849171105394,984618.5925000001
26,2012-06-22,1056282.91,0,63.04,3.629,138.1629,7.489,2012,6,25,2,0,1029248.22,1106176.83,1067310.74,997474.93,1054647.205,40684.82036459144,997490.0541666666
26,2012-06-29,1051190.44,0,60.71,3.577,138.1962667,7.489,2012,6,26,2,0,1056282.91,1029248.22,1015853.03,1070119.09,1051890.2475,39906.85395526609,1008678.7608333332
26,2012-07-06,1180470.8,0,64.94,3.538,138.2296333,7.405,2012,7,27,3,0,1051190.44,1056282.91,1106176.83,1133807.03,1060724.5999999999,32492.54543654848,1003208.8616666667
26,2012-07-13,1063149.78,0,64.47,3.561,138.263,7.405,2012,7,28,3,0,1180470.8,1051190.44,1029248.22,1021534.7,1079298.0924999998,68460.80444243335,1027442.2374999999
26,2012-07-20,1049625.9,0,66.75,3.61,138.2331935,7.405,2012,7,29,3,0,1063149.78,1180470.8,1056282.91,1017867.8,1087773.4825,61992.18916239439,1039071.3841666668
26,2012-07-27,1031745.14,0,64.12,3.701,138.2033871,7.405,2012,7,30,3,0,1049625.9,1063149.78,1051190.44,1005360.5,1086109.23,63197.039751662945,1050542.7925
26,2012-08-03,1090915.09,0,65.6,3.698,138.1735806,7.405,2012,8,31,3,0,1031745.14,1049625.9,1180470.8,1107552.43,1081247.905,67387.43691906109,1057640.4466666665
26,2012-08-10,1121476.51,0,67.01,3.772,138.1437742,7.405,2012,8,32,3,0,1090915.09,1031745.14,1063149.78,1087644.5,1058858.9775,24942.702598846878,1060004.3099999998
26,2012-08-17,1068292.56,0,65.54,3.84,138.1857097,7.405,2012,8,33,3,0,1121476.51,1090915.09,1049625.9,1021766.75,1073440.66,40490.5658599417,1071953.7825
26,2012-08-24,1022704.2,0,62.08,3.874,138.2814516,7.405,2012,8,34,3,0,1068292.56,1121476.51,1031745.14,1064617.62,1078107.3250000002,37818.45608446709,1072035.6008333333
26,2012-08-31,1053495.51,0,63.69,3.884,138.3771935,7.405,2012,8,35,3,1,1022704.2,1068292.56,1090915.09,1040143.14,1075847.09,41594.57606711412,1072606.5316666665
26,2012-09-07,1081874.03,1,61.58,3.921,138.4729355,7.405,2012,9,36,3,0,1053495.51,1022704.2,1121476.51,1069710.97,1066492.195,41282.83960380786,1068216.4216666666
26,2012-09-14,986131.94,0,57.69,3.988,138.5673,7.405,2012,9,37,3,0,1081874.03,1053495.51,1068292.56,951569.84,1056591.5750000002,25390.650403062704,1072601.9058333333
26,2012-09-21,961084.08,0,52.68,4.056,138.6534,7.405,2012,9,38,3,0,986131.94,1081874.03,1022704.2,923644.6,1036051.4199999999,41126.27152376225,1066755.9916666667
26,2012-09-28,964726.37,0,50.66,4.018,138.7395,7.405,2012,9,39,3,0,961084.08,986131.94,1053495.51,959339.51,1020646.39,56470.65496368397,1059247.1283333332
26,2012-10-05,1095504.26,0,54.07,4.027,138.8256,7.138,2012,10,40,4,0,964726.37,961084.08,1081874.03,1130022.99,998454.105,56700.377758951916,1041268.4258333334
26,2012-10-12,1044639.69,0,45.19,4.029,138.9117,7.138,2012,10,41,4,0,1095504.26,964726.37,986131.94,987886.08,1001861.6625,63398.74189098367,1043964.6325
26,2012-10-19,975578.02,0,43.51,4.0,138.8336129,7.138,2012,10,42,4,0,1044639.69,1095504.26,961084.08,974907.28,1016488.6,65281.308413222294,1043549.1150000001
26,2012-10-26,958619.8,0,46.95,3.917,138.7281613,7.138,2012,10,43,4,0,975578.02,1044639.69,964726.37,972256.98,1020112.085,61472.06365429155,1038868.5216666666
27,2011-02-04,1628100.79,0,28.7,3.4,137.0542431,7.827,2011,2,5,1,0,1421111.55,1517029.9,1568159.48,1874289.79,1509652.3875,62796.74179389641,1924384.7566666668
27,2011-02-11,1636224.77,1,30.45,3.416,137.1378318,7.827,2011,2,6,1,0,1628100.79,1421111.55,1532308.62,1745362.72,1524637.715,84732.90655673537,1907725.635
27,2011-02-18,1709365.19,0,39.32,3.42,137.2511849,7.827,2011,2,7,1,0,1636224.77,1628100.79,1517029.9,1945070.33,1550616.7525000002,102032.97320475339,1902012.2208333332
27,2011-02-25,1688935.71,0,33.05,3.452,137.3764439,7.827,2011,2,8,1,0,1709365.19,1636224.77,1421111.55,1390934.27,1598700.575,123904.47485327085,1825466.7575
27,2011-03-04,1656130.67,0,36.99,3.605,137.5017028,7.827,2011,3,9,1,0,1688935.71,1709365.19,1628100.79,1313729.72,1665656.615,39703.18746266205,1809182.7608333335
27,2011-03-11,1613259.77,0,43.64,3.752,137.6269617,7.827,2011,3,10,1,0,1656130.67,1688935.71,1636224.77,1925113.12,1672664.085,32725.70028583384,1768882.51
27,2011-03-18,1624539.21,0,46.65,3.796,137.7398929,7.827,2011,3,11,1,0,1613259.77,1656130.67,1709365.19,1700627.97,1666922.835,41960.75759680967,1707479.2941666665
27,2011-03-25,1554651.08,0,40.11,3.789,137.8478929,7.827,2011,3,12,1,0,1624539.21,1613259.77,1688935.71,1836714.84,1645716.34,34050.31563118093,1586344.055
27,2011-04-01,1628868.28,0,37.27,3.811,137.9558929,7.725,2011,4,13,2,0,1554651.08,1624539.21,1656130.67,2053952.97,1612145.1825,42407.34667429123,1595818.0616666665
27,2011-04-08,1689844.18,0,46.87,3.895,138.0638929,7.725,2011,4,14,2,0,1628868.28,1554651.08,1613259.77,1955814.13,1605329.585,34420.33584048043,1600877.1283333332
27,2011-04-15,1727175.61,0,52.24,3.981,138.1646952,7.725,2011,4,15,2,0,1689844.18,1628868.28,1624539.21,1857500.96,1624475.6875,55280.54066375784,1614005.0916666666
27,2011-04-22,1921655.48,0,50.02,4.061,138.2475036,7.725,2011,4,16,2,0,1727175.61,1689844.18,1554651.08,1850205.47,1650134.7875,75457.55302020282,1631517.2341666666
27,2011-04-29,1642074.64,0,61.71,4.117,138.3303119,7.725,2011,4,17,2,0,1921655.48,1727175.61,1628868.28,1805885.04,1741885.8875,126510.62877124075,1673229.2283333333
27,2011-05-06,1757041.96,0,56.48,4.192,138.4131202,7.725,2011,5,18,2,0,1642074.64,1921655.48,1689844.18,1939458.84,1745187.4774999998,122692.73424922637,1674393.7158333333
27,2011-05-13,1763545.32,0,60.07,4.211,138.4959286,7.725,2011,5,19,2,0,1757041.96,1642074.64,1727175.61,1842465.78,1761986.9224999999,117060.21795154699,1684461.8150000002
27,2011-05-20,1725268.56,0,60.22,4.202,138.587106,7.725,2011,5,20,2,0,1763545.32,1757041.96,1921655.48,1836595.58,1771079.35,114846.55858146175,1688976.8258333334
27,2011-05-27,1820723.17,0,66.43,4.134,138.6782834,7.725,2011,5,21,2,0,1725268.56,1763545.32,1642074.64,1962468.67,1721982.62,55835.16819440067,1692004.5633333332
27,2011-06-03,2053708.01,0,74.17,4.069,138.7694608,7.725,2011,6,22,2,0,1820723.17,1725268.56,1757041.96,2073102.59,1766644.7525,39742.020795470526,1705720.6050000002
27,2011-06-10,1817914.71,0,73.26,4.025,138.8606382,7.725,2011,6,23,2,0,2053708.01,1820723.17,1763545.32,1873812.93,1840811.2650000001,147251.14433939653,1742424.625
27,2011-06-17,1814740.09,0,67.03,3.989,139.0028333,7.725,2011,6,24,2,0,1817914.71,2053708.01,1725268.56,1887182.27,1854403.6125,140076.07083256266,1758539.25
27,2011-06-24,1811455.15,0,72.02,3.964,139.1832917,7.725,2011,6,25,2,0,1814740.09,1817914.71,1820723.17,1962625.01,1876771.495,117982.99513413273,1780213.3341666667
27,2011-07-01,1949983.93,0,73.76,3.916,139.36375,7.85,2011,7,26,3,0,1811455.15,1814740.09,2053708.01,2024554.1,1874454.4900000002,119531.44295210317,1795428.9066666665
27,2011-07-08,2000055.27,0,76.87,3.886,139.5442083,7.85,2011,7,27,3,0,1949983.93,1811455.15,1817914.71,2119163.01,1848523.47,67691.69876234778,1817107.2191666665
27,2011-07-15,1762155.79,0,77.83,3.915,139.7006325,7.85,2011,7,28,3,0,2000055.27,1949983.93,1814740.09,1880691.64,1894058.6099999999,95703.87064137166,1839847.1908333336
27,2011-07-22,1754879.45,0,82.28,3.972,139.7969712,7.85,2011,7,29,3,0,1762155.79,2000055.27,1811455.15,1808250.71,1880912.535,112388.22851254002,1826555.55
27,2011-07-29,1744879.06,0,79.41,4.004,139.8933099,7.85,2011,7,30,3,0,1754879.45,1762155.79,1949983.93,1816489.53,1866768.61,126692.73782201999,1835955.9508333334
27,2011-08-05,1747289.53,0,78.14,4.02,139.9896486,7.85,2011,8,31,3,0,1744879.06,1754879.45,2000055.27,1908036.68,1815492.3925,123245.58199328186,1834942.3758333332
27,2011-08-12,1758437.96,0,76.67,3.995,140.0859873,7.85,2011,8,32,3,0,1747289.53,1744879.06,1762155.79,1864436.12,1752300.9575,7830.821908021558,1833587.7266666666
27,2011-08-19,1781905.24,0,72.97,3.942,140.1289205,7.85,2011,8,33,3,0,1758437.96,1747289.53,1754879.45,1936878.46,1751371.5,6352.29161720866,1836351.8433333335
27,2011-08-26,2034400.78,0,72.88,3.906,140.1629528,7.85,2011,8,34,3,0,1781905.24,1758437.96,1744879.06,1870684.21,1758127.9475,16916.067906719396,1833117.0158333331
27,2011-09-02,1511717.53,0,71.44,3.879,140.196985,7.85,2011,9,35,3,0,2034400.78,1781905.24,1747289.53,1908110.9,1830508.3775000002,136691.74375203965,1831508.08
27,2011-09-09,1911470.84,1,70.93,3.93,140.2310173,7.85,2011,9,36,3,0,1511717.53,2034400.78,1758437.96,1913494.81,1771615.3775,213606.01154497813,1805991.6483333334
27,2011-09-16,1613773.9,0,69.65,3.937,140.2735,7.85,2011,9,37,3,0,1911470.84,1511717.53,1781905.24,1629978.46,1809873.5975000001,223914.9577952203,1814052.5441666667
27,2011-09-23,1606208.68,0,63.61,3.899,140.32725,7.85,2011,9,38,3,0,1613773.9,1911470.84,2034400.78,1597002.71,1767840.7625,245641.71092541862,1797579.1066666667
27,2011-09-30,1599626.26,0,70.92,3.858,140.381,7.85,2011,9,39,3,1,1606208.68,1613773.9,1511717.53,1543532.83,1660792.7374999998,173448.47359488343,1768931.1691666667
27,2011-10-07,1672339.27,0,56.91,3.775,140.43475,7.906,2011,10,40,4,0,1599626.26,1606208.68,1911470.84,1707662.87,1682769.9200000002,152576.81481057513,1735562.085
27,2011-10-14,1682652.51,0,64.78,3.744,140.4784194,7.906,2011,10,41,4,0,1672339.27,1599626.26,1613773.9,1728388.2,1622987.0274999999,33405.408549771855,1728077.375
27,2011-10-21,1689591.44,0,59.62,3.757,140.4616048,7.906,2011,10,42,4,0,1682652.51,1672339.27,1606208.68,1693935.29,1640206.6800000002,43346.61200092029,1722058.4633333331
27,2011-10-28,1710372.4,0,51.81,3.757,140.4447903,7.906,2011,10,43,4,0,1689591.44,1682652.51,1599626.26,1688955.49,1661052.37,41559.618484887105,1717451.1616666669
27,2011-11-04,1621109.3,0,44.46,3.738,140.4279758,7.906,2011,11,44,4,0,1710372.4,1689591.44,1672339.27,1686010.02,1688738.9049999998,16069.921738784064,1714374.7341666666
27,2011-11-11,1800728.07,0,49.69,3.719,140.4111613,7.906,2011,11,45,4,0,1621109.3,1710372.4,1682652.51,1828010.25,1675931.4125,38398.850424826254,1702930.6791666665
27,2011-11-18,1723739.44,0,51.42,3.717,140.4127857,7.906,2011,11,46,4,0,1800728.07,1621109.3,1689591.44,1704785.74,1705450.3025000002,74087.75932654437,1704499.2483333333
27,2011-11-25,2504400.71,1,47.88,3.689,140.4217857,7.906,2011,11,47,4,0,1723739.44,1800728.07,1710372.4,2627910.75,1713987.3025,73617.15334708315,1678610.8033333335
27,2011-12-02,1806924.74,0,50.55,3.666,140.4307857,7.906,2011,12,48,4,0,2504400.71,1723739.44,1621109.3,1884343.67,1912494.3800000001,401405.24152286805,1761334.4016666666
27,2011-12-09,2014665.98,0,46.28,3.627,140.4397857,7.906,2011,12,49,4,0,1806924.74,2504400.71,1800728.07,2139733.68,1958948.24,365598.2965740864,1752622.2266666666
27,2011-12-16,2205919.86,0,40.68,3.611,140.4700795,7.906,2011,12,50,4,0,2014665.98,1806924.74,1723739.44,2350098.36,2012432.7175,350054.67687001295,1786029.9000000001
27,2011-12-23,2739019.75,0,41.59,3.587,140.528765,7.906,2011,12,51,4,0,2205919.86,2014665.98,2504400.71,3078162.08,2132977.8225,296414.0161311463,1836005.8316666668
27,2011-12-30,1650604.6,1,37.85,3.566,140.5874505,7.906,2011,12,52,4,0,2739019.75,2205919.86,1806924.74,1440963.0,2191632.5825,399647.40289553313,1930955.2891666666
27,2012-01-06,1535287.4,0,35.8,3.585,140.6461359,8.009,2012,1,1,1,0,1650604.6,2739019.75,2014665.98,1568159.48,2152552.5475,453782.72963612754,1929144.0666666667
27,2012-01-13,1492399.13,0,41.3,3.666,140.7048214,8.009,2012,1,2,1,0,1535287.4,1650604.6,2205919.86,1532308.62,2032707.9025,554469.3854574256,1916863.6408333334
27,2012-01-20,1542131.05,0,30.35,3.705,140.8086118,8.009,2012,1,3,1,0,1492399.13,1535287.4,2739019.75,1517029.9,1854327.72,593566.0950596678,1900430.9483333332
27,2012-01-27,1263534.86,0,36.96,3.737,140.9124021,8.009,2012,1,4,1,0,1542131.05,1492399.13,1650604.6,1421111.55,1555105.545,67362.84925633132,1886410.8358333334
27,2012-02-03,1564246.02,0,42.52,3.796,141.0161924,8.009,2012,2,5,1,0,1263534.86,1542131.05,1535287.4,1628100.79,1458338.11,131720.5492945235,1856612.9658333333
27,2012-02-10,1651605.35,1,37.86,3.826,141.1199827,8.009,2012,2,6,1,0,1564246.02,1263534.86,1492399.13,1636224.77,1465577.7650000001,138005.49635230826,1836906.1283333332
27,2012-02-17,1606221.56,0,37.24,3.874,141.2140357,8.009,2012,2,7,1,0,1651605.35,1564246.02,1542131.05,1709365.19,1505379.32,168014.65482623604,1830894.9541666666
27,2012-02-24,1648602.39,0,41.74,3.917,141.3007857,8.009,2012,2,8,1,0,1606221.56,1651605.35,1263534.86,1688935.71,1521401.9475000002,175573.6711956431,1756046.6916666667
27,2012-03-02,1509323.09,0,40.07,3.983,141.3875357,8.009,2012,3,9,1,0,1648602.39,1606221.56,1564246.02,1656130.67,1617668.83,41205.21464869556,1742853.1624999999
27,2012-03-09,1607343.41,0,44.32,4.021,141.4742857,8.009,2012,3,10,1,0,1509323.09,1648602.39,1651605.35,1613259.77,1603938.0975000001,66393.47314970173,1700741.255
27,2012-03-16,1635984.07,0,49.6,4.021,141.55478,8.009,2012,3,11,1,0,1607343.41,1509323.09,1606221.56,1624539.21,1592872.6125,59087.305996645046,1650859.8841666665
27,2012-03-23,1620839.34,0,57.3,4.054,141.6269332,8.009,2012,3,12,1,0,1635984.07,1607343.41,1648602.39,1554651.08,1600313.2400000002,63068.43058103641,1558940.2441666666
27,2012-03-30,1615494.14,0,49.4,4.098,141.6990864,8.009,2012,3,13,1,0,1620839.34,1635984.07,1509323.09,1628868.28,1593372.4775,57241.193922520855,1556459.8058333332
27,2012-04-06,1899013.34,0,48.73,4.143,141.7712396,8.253,2012,4,14,2,0,1615494.14,1620839.34,1607343.41,1689844.18,1619915.24,12064.525037481564,1563143.7008333334
27,2012-04-13,1650405.21,0,52.22,4.187,141.8433929,8.253,2012,4,15,2,0,1899013.34,1615494.14,1635984.07,1727175.61,1692832.7225,137727.41168778506,1597028.2183333335
27,2012-04-20,1639999.47,0,62.62,4.17,141.9015262,8.253,2012,4,16,2,0,1650405.21,1899013.34,1620839.34,1921655.48,1696438.0075,135920.13831265885,1606051.0650000002
27,2012-04-27,1565498.84,0,52.33,4.163,141.9596595,8.253,2012,4,17,2,0,1639999.47,1650405.21,1615494.14,1642074.64,1701228.04,132666.52973873512,1637423.1158333335
27,2012-05-04,1669388.45,0,53.68,4.124,142.0177929,8.253,2012,5,18,2,0,1565498.84,1639999.47,1899013.34,1757041.96,1688729.215,145199.23778113016,1637527.5175
27,2012-05-11,1674306.31,0,58.97,4.055,142.0759262,8.253,2012,5,19,2,0,1669388.45,1565498.84,1650405.21,1763545.32,1631322.9925000002,45538.30033995229,1639009.4425
27,2012-05-18,1707158.82,0,65.15,4.029,142.0970115,8.253,2012,5,20,2,0,1674306.31,1669388.45,1639999.47,1725268.56,1637298.2675,50205.674668776526,1644683.1716666669
27,2012-05-25,1818906.73,0,64.77,3.979,142.1032776,8.253,2012,5,21,2,0,1707158.82,1674306.31,1565498.84,1820723.17,1654088.105,61393.362926825306,1649562.8741666668
27,2012-06-01,1900638.6,0,73.4,3.915,142.1095438,8.253,2012,6,22,2,0,1818906.73,1707158.82,1669388.45,2053708.01,1717440.0775,69691.38308638988,1675361.5108333335
27,2012-06-08,1764756.31,0,64.05,3.871,142.1158099,8.253,2012,6,23,2,0,1900638.6,1818906.73,1674306.31,1817914.71,1775252.615,104010.0129819406,1699802.7766666666
27,2012-06-15,1773500.56,0,69.52,3.786,142.1292548,8.253,2012,6,24,2,0,1764756.31,1900638.6,1707158.82,1814740.09,1797865.115,82318.41369950859,1710533.7966666669
27,2012-06-22,1837884.79,0,73.23,3.722,142.1606464,8.253,2012,6,25,2,0,1773500.56,1764756.31,1818906.73,1811455.15,1814450.55,62168.20375179587,1723255.5650000002
27,2012-06-29,1842555.32,0,73.94,3.667,142.1920381,8.253,2012,6,26,2,0,1837884.79,1773500.56,1900638.6,1949983.93,1819195.0650000002,63334.879929410956,1741788.1191666666
27,2012-07-06,2062224.92,0,82.08,3.646,142.2234298,8.239,2012,7,27,3,0,1842555.32,1837884.79,1764756.31,2000055.27,1804674.245,41243.81292387147,1737083.2841666667
27,2012-07-13,1755889.53,0,78.95,3.689,142.2548214,8.239,2012,7,28,3,0,2062224.92,1842555.32,1773500.56,1762155.79,1879041.3975,126121.86102860501,1771401.5933333335
27,2012-07-20,1730913.66,0,78.64,3.732,142.2337569,8.239,2012,7,29,3,0,1755889.53,2062224.92,1837884.79,1754879.45,1874638.64,131237.88640236118,1781059.0983333334
27,2012-07-27,1625883.71,0,76.01,3.82,142.2126924,8.239,2012,7,30,3,0,1730913.66,1755889.53,1842555.32,1744879.06,1847895.8575,150682.30066919592,1794843.6666666667
27,2012-08-03,1705810.84,0,75.22,3.819,142.1916279,8.239,2012,8,31,3,0,1625883.71,1730913.66,2062224.92,1747289.53,1793727.9549999998,187651.88768626933,1791218.2716666667
27,2012-08-10,1720537.26,0,78.44,3.863,142.1705634,8.239,2012,8,32,3,0,1705810.84,1625883.71,1755889.53,1758437.96,1704624.435,56334.54430693839,1793843.6491666667
27,2012-08-17,1735339.59,0,76.51,3.963,142.2157385,8.239,2012,8,33,3,0,1720537.26,1705810.84,1730913.66,1781905.24,1695786.3675000002,47726.32024503386,1794958.5191666668
27,2012-08-24,1780443.36,0,72.93,3.997,142.3105933,8.239,2012,8,34,3,0,1735339.59,1720537.26,1625883.71,2034400.78,1696892.85,48850.24206714957,1787994.5908333333
27,2012-08-31,1731935.43,0,75.0,4.026,142.4054482,8.239,2012,8,35,3,1,1780443.36,1735339.59,1705810.84,1511717.53,1735532.7625000002,32276.18758851573,1777978.3208333335
27,2012-09-07,1840955.23,1,76.0,4.076,142.500303,8.239,2012,9,36,3,0,1731935.43,1780443.36,1720537.26,1911470.84,1742063.9100000001,26357.677117554016,1775243.2474999998
27,2012-09-14,1519604.5,0,68.72,4.088,142.5938833,8.239,2012,9,37,3,0,1840955.23,1731935.43,1735339.59,1613773.9,1772168.4025,50908.92543058088,1780864.47
27,2012-09-21,1557485.75,0,66.1,4.203,142.6798167,8.239,2012,9,38,3,0,1519604.5,1840955.23,1780443.36,1606208.68,1718234.63,139728.20309089552,1754341.1125
27,2012-09-28,1540687.63,0,64.92,4.158,142.76575,8.239,2012,9,39,3,0,1557485.75,1519604.5,1731935.43,1599626.26,1662495.2275,150681.4129057784,1730585.3150000002
27,2012-10-05,1591816.88,0,64.5,4.151,142.8516833,8.0,2012,10,40,4,0,1540687.63,1557485.75,1840955.23,1672339.27,1614683.2774999999,151641.99442559437,1687123.8741666665
27,2012-10-12,1660081.29,0,55.4,4.186,142.9376167,8.0,2012,10,41,4,0,1591816.88,1540687.63,1519604.5,1682652.51,1552398.69,30508.357906214576,1673451.1533333333
27,2012-10-19,1620374.24,0,56.53,4.153,142.8633629,8.0,2012,10,42,4,0,1660081.29,1591816.88,1557485.75,1689591.44,1587517.8875,52848.62350534447,1667548.4558333335
27,2012-10-26,1703047.74,0,58.99,4.071,142.7624113,8.0,2012,10,43,4,0,1620374.24,1660081.29,1540687.63,1710372.4,1603240.01,50225.495160639555,1667089.3333333333
28,2011-02-04,1564897.32,0,45.14,3.348,127.7195806,14.021,2011,2,5,1,0,1127859.69,1079669.11,1402902.47,1672352.29,1177179.47,151784.57002668714,1386053.0758333334
28,2011-02-11,1397301.38,1,51.3,3.381,127.859129,14.021,2011,2,6,1,0,1564897.32,1127859.69,1098286.61,1558968.49,1217678.1825,232328.31849027117,1410922.8150000002
28,2011-02-18,1514828.82,0,53.35,3.43,127.99525,14.021,2011,2,7,1,0,1397301.38,1564897.32,1079669.11,1491300.42,1292431.875,229192.08104710872,1429088.2866666664
28,2011-02-25,1311796.91,0,48.45,3.53,128.13,14.021,2011,2,8,1,0,1514828.82,1397301.38,1127859.69,1542173.33,1401221.8025,195310.38862724786,1393904.5633333332
28,2011-03-04,1723736.91,0,51.72,3.674,128.26475,14.021,2011,3,9,1,0,1311796.91,1514828.82,1564897.32,1608435.45,1447206.1075,114382.66963723332,1382561.2816666667
28,2011-03-11,1380836.35,0,57.75,3.818,128.3995,14.021,2011,3,10,1,0,1723736.91,1311796.91,1397301.38,1326877.11,1486916.005,178475.71705393895,1404025.6500000001
28,2011-03-18,1286413.71,0,64.21,3.692,128.5121935,14.021,2011,3,11,1,0,1380836.35,1723736.91,1514828.82,1279819.43,1482799.7475,181397.42980681596,1393225.0441666667
28,2011-03-25,1201059.72,0,54.4,3.909,128.6160645,14.021,2011,3,12,1,0,1286413.71,1380836.35,1311796.91,1245268.77,1425695.97,202660.08589279026,1331590.6541666666
28,2011-04-01,1336838.41,0,63.63,3.772,128.7199355,13.736,2011,4,13,2,0,1201059.72,1286413.71,1723736.91,1441559.4,1398011.6725,229227.7607352742,1340799.0833333333
28,2011-04-08,1414713.5,0,64.47,4.003,128.8238065,13.736,2011,4,14,2,0,1336838.41,1201059.72,1380836.35,1382359.21,1301287.0475,77155.09110448614,1335293.7449999999
28,2011-04-15,1240126.07,0,57.63,3.868,128.9107333,13.736,2011,4,15,2,0,1414713.5,1336838.41,1286413.71,1268240.66,1309756.335,89646.11448261852,1361662.6525
28,2011-04-22,1297452.0,0,72.12,4.134,128.9553,13.736,2011,4,16,2,0,1240126.07,1414713.5,1201059.72,1244177.21,1298184.4249999998,96396.98609289172,1375034.0658333334
28,2011-04-29,1222367.9,0,68.27,4.151,128.9998667,13.736,2011,4,17,2,0,1297452.0,1240126.07,1336838.41,1186971.02,1322282.495,73306.65499012436,1389166.7583333333
28,2011-05-06,1515890.38,0,68.4,4.193,129.0444333,13.736,2011,5,18,2,0,1222367.9,1297452.0,1414713.5,1532893.22,1293664.8675,86826.98162655682,1360622.64
28,2011-05-13,1253316.3,0,70.93,4.202,129.089,13.736,2011,5,19,2,0,1515890.38,1222367.9,1240126.07,1245898.73,1318959.0875,135140.6562675461,1370505.0566666666
28,2011-05-20,1151282.31,0,66.59,4.169,129.0756774,13.736,2011,5,20,2,0,1253316.3,1515890.38,1297452.0,1217923.71,1322256.645,132715.0158422434,1348712.3466666667
28,2011-05-27,1160043.98,0,76.67,4.087,129.0623548,13.736,2011,5,21,2,0,1151282.31,1253316.3,1222367.9,1176588.25,1285714.2225,159285.26248679654,1335336.13
28,2011-06-03,1403779.25,0,71.81,4.031,129.0490323,13.736,2011,6,22,2,0,1160043.98,1151282.31,1515890.38,1543678.02,1270133.2425,170220.0243421792,1288361.7191666665
28,2011-06-10,1339972.83,0,78.72,3.981,129.0357097,13.736,2011,6,23,2,0,1403779.25,1160043.98,1253316.3,1348995.17,1242105.46,117256.17024586714,1290273.6275
28,2011-06-17,1268503.49,0,86.84,3.935,129.0432,13.736,2011,6,24,2,0,1339972.83,1403779.25,1151282.31,1267619.06,1263769.5925,127569.62675533224,1294736.8875
28,2011-06-24,1208809.34,0,88.95,3.898,129.0663,13.736,2011,6,25,2,0,1268503.49,1339972.83,1160043.98,1231025.07,1293074.8875,104492.18282187723,1300357.2016666667
28,2011-07-01,1319054.57,0,89.85,3.842,129.0894,13.503,2011,7,26,3,0,1208809.34,1268503.49,1403779.25,1399960.15,1305266.2275,84783.63417912796,1289688.1125
28,2011-07-08,1459655.85,0,89.9,3.705,129.1125,13.503,2011,7,27,3,0,1319054.57,1208809.34,1339972.83,1340293.87,1284085.0575,58468.0220587769,1281716.535
28,2011-07-15,1197373.13,0,88.1,3.692,129.1338387,13.503,2011,7,28,3,0,1459655.85,1319054.57,1268503.49,1225336.41,1314005.8125,107045.44604260843,1300010.6833333333
28,2011-07-22,1165870.54,0,91.17,3.794,129.1507742,13.503,2011,7,29,3,0,1197373.13,1459655.85,1208809.34,1205884.98,1296223.2225000001,121989.10033441847,1291670.7775
28,2011-07-29,1114530.29,0,93.29,3.805,129.1677097,13.503,2011,7,30,3,0,1165870.54,1197373.13,1319054.57,1150204.71,1285488.5225,133583.58387923831,1286962.6641666666
28,2011-08-05,1523870.89,0,90.61,3.803,129.1846452,13.503,2011,8,31,3,0,1114530.29,1165870.54,1459655.85,1523101.38,1234357.4525000001,154030.53169576137,1253515.99
28,2011-08-12,1218764.94,0,91.04,3.701,129.2015806,13.503,2011,8,32,3,0,1523870.89,1114530.29,1197373.13,1218688.09,1250411.2125,185475.9497615838,1276062.2058333333
28,2011-08-19,1200019.74,0,91.74,3.743,129.2405806,13.503,2011,8,33,3,0,1218764.94,1523870.89,1165870.54,1195897.6,1255759.165,183737.1581036192,1281685.7583333335
28,2011-08-26,1166479.51,0,94.61,3.74,129.2832581,13.503,2011,8,34,3,0,1200019.74,1218764.94,1114530.29,1191585.92,1264296.4649999999,178897.9284711099,1285017.0716666665
28,2011-09-02,1468871.49,0,93.66,3.798,129.3259355,13.503,2011,9,35,3,0,1166479.51,1200019.74,1523870.89,1523410.71,1277283.77,165808.09749069583,1265242.0933333335
28,2011-09-09,1310087.0,1,88.0,3.913,129.3686129,13.503,2011,9,36,3,0,1468871.49,1166479.51,1218764.94,1246062.17,1263533.92,138589.78892793224,1275983.6483333334
28,2011-09-16,1159212.1,0,76.36,3.918,129.4306,13.503,2011,9,37,3,0,1310087.0,1468871.49,1200019.74,1159812.35,1286364.435,136258.8062130927,1279448.9408333332
28,2011-09-23,1109105.92,0,82.95,3.789,129.5183333,13.503,2011,9,38,3,0,1159212.1,1310087.0,1166479.51,1111797.21,1276162.525,146054.0777504098,1275315.8375000001
28,2011-09-30,1120731.76,0,83.26,3.877,129.6060667,13.503,2011,9,39,3,1,1109105.92,1159212.1,1468871.49,1203080.41,1261819.1275,162326.82482144074,1257820.1166666667
28,2011-10-07,1557314.58,0,70.44,3.827,129.6938,12.89,2011,10,40,4,0,1120731.76,1109105.92,1310087.0,1334571.87,1174784.195,92708.57694942578,1229576.4425000001
28,2011-10-14,1220984.94,0,67.31,3.805,129.7706452,12.89,2011,10,41,4,0,1557314.58,1120731.76,1159212.1,1158062.99,1236591.09,214885.17712891754,1259571.5633333332
28,2011-10-21,1203172.05,0,73.05,3.842,129.7821613,12.89,2011,10,42,4,0,1220984.94,1557314.58,1109105.92,1120619.32,1252034.3,209625.84997495322,1264164.43
28,2011-10-28,1242746.06,0,67.41,3.727,129.7936774,12.89,2011,10,43,4,0,1203172.05,1220984.94,1120731.76,1231688.48,1275550.8325,192852.17084208012,1271551.2433333334
28,2011-11-04,1576654.67,0,59.77,3.828,129.8051935,12.89,2011,11,44,4,0,1242746.06,1203172.05,1557314.58,1501663.26,1306054.4075000002,168286.67498587293,1248124.1741666666
28,2011-11-11,1402654.95,0,48.76,3.824,129.8167097,12.89,2011,11,45,4,0,1576654.67,1242746.06,1220984.94,1266460.45,1310889.4300000002,177914.33607538915,1277948.3183333334
28,2011-11-18,1255081.22,0,54.2,3.813,129.8268333,12.89,2011,11,46,4,0,1402654.95,1576654.67,1203172.05,1179315.72,1356306.9324999999,170340.4709679996,1294834.5858333334
28,2011-11-25,1929738.27,1,53.25,3.622,129.8364,12.89,2011,11,47,4,0,1255081.22,1402654.95,1242746.06,1937033.5,1369284.225,156173.34418216336,1302218.0616666665
28,2011-12-02,1368130.35,0,52.5,3.701,129.8459667,12.89,2011,12,48,4,0,1929738.27,1255081.22,1576654.67,1447916.29,1541032.2774999999,290561.2933067336,1340623.6266666667
28,2011-12-09,1467024.3,0,42.17,3.644,129.8555333,12.89,2011,12,49,4,0,1368130.35,1929738.27,1402654.95,1466164.49,1488901.1974999998,300573.4071083527,1345460.5725
28,2011-12-16,1429954.66,0,43.29,3.6,129.8980645,12.89,2011,12,50,4,0,1467024.3,1368130.35,1255081.22,1510443.62,1504993.5350000001,296106.652696687,1371111.5891666666
28,2011-12-23,1796203.51,0,45.4,3.541,129.9845484,12.89,2011,12,51,4,0,1429954.66,1467024.3,1929738.27,2026026.39,1548711.895,257272.18847098958,1397848.9841666666
28,2011-12-30,1270036.53,1,44.64,3.428,130.0710323,12.89,2011,12,52,4,0,1796203.51,1429954.66,1368130.35,1090558.57,1515328.205,191642.07514666527,1454138.2966666666
28,2012-01-06,1466046.07,0,50.43,3.599,130.1575161,12.187,2012,1,1,1,0,1270036.53,1796203.51,1467024.3,1402902.47,1490804.75,220813.0829659004,1430198.4591666665
28,2012-01-13,1161190.29,0,48.07,3.657,130.244,12.187,2012,1,2,1,0,1466046.07,1270036.53,1429954.66,1098286.61,1490560.1925,220848.73860206787,1450620.22
28,2012-01-20,1129540.48,0,46.2,3.66,130.2792258,12.187,2012,1,3,1,0,1161190.29,1466046.07,1796203.51,1079669.11,1423369.0999999999,278732.5040752934,1447121.74
28,2012-01-27,1132948.48,0,50.43,3.675,130.3144516,12.187,2012,1,4,1,0,1129540.48,1161190.29,1270036.53,1127859.69,1256703.3425,151981.67460049407,1437687.9416666667
28,2012-02-03,1531599.44,0,50.58,3.702,130.3496774,12.187,2012,2,5,1,0,1132948.48,1129540.48,1466046.07,1564897.32,1222431.33,163028.11310056777,1400712.4258333333
28,2012-02-10,1572966.15,1,52.27,3.722,130.3849032,12.187,2012,2,6,1,0,1531599.44,1132948.48,1161190.29,1397301.38,1238819.6724999999,195701.27286207562,1411457.8
28,2012-02-17,1501503.68,0,51.8,3.781,130.4546207,12.187,2012,2,7,1,0,1572966.15,1531599.44,1129540.48,1514828.82,1341763.6375,243676.47422908337,1437948.2108333334
28,2012-02-24,1323487.91,0,53.13,3.95,130.5502069,12.187,2012,2,8,1,0,1501503.68,1572966.15,1132948.48,1311796.91,1434754.4375,203325.46105380182,1402261.9949999999
28,2012-03-02,1451740.57,0,52.27,4.178,130.6457931,12.187,2012,3,9,1,0,1323487.91,1501503.68,1531599.44,1723736.91,1482389.295,109910.28902618484,1398541.7916666667
28,2012-03-09,1680764.06,0,54.54,4.25,130.7413793,12.187,2012,3,10,1,0,1451740.57,1323487.91,1572966.15,1380836.35,1462424.5775000001,105141.43029786726,1397268.1475
28,2012-03-16,1337875.49,0,64.44,4.273,130.8261935,12.187,2012,3,11,1,0,1680764.06,1451740.57,1501503.68,1286413.71,1489374.055,147999.72309968114,1418168.9308333332
28,2012-03-23,1216059.41,0,56.26,4.038,130.8966452,12.187,2012,3,12,1,0,1337875.49,1680764.06,1323487.91,1201059.72,1448467.0075,165149.32169251813,1379974.9291666665
28,2012-03-30,1209524.11,0,64.36,4.294,130.9670968,12.187,2012,3,13,1,0,1216059.41,1337875.49,1451740.57,1336838.41,1421609.8824999998,197763.48776357548,1375476.8358333332
28,2012-04-06,1559592.79,0,64.05,4.121,131.0375484,11.627,2012,4,14,2,0,1209524.11,1216059.41,1680764.06,1414713.5,1361055.7674999998,221160.95531777144,1354100.0058333334
28,2012-04-13,1290684.95,0,64.28,4.254,131.108,11.627,2012,4,15,2,0,1559592.79,1209524.11,1337875.49,1240126.07,1330762.95,163574.08343291492,1387300.2141666666
28,2012-04-20,1180797.2,0,66.73,4.222,131.1173333,11.627,2012,4,16,2,0,1290684.95,1559592.79,1216059.41,1297452.0,1318965.315,164588.7434437019,1400728.92
28,2012-04-27,1170456.16,0,77.99,4.193,131.1266667,11.627,2012,4,17,2,0,1180797.2,1290684.95,1209524.11,1222367.9,1310149.7625,172683.05288436517,1404716.3133333332
28,2012-05-04,1450628.85,0,76.03,4.171,131.136,11.627,2012,5,18,2,0,1170456.16,1180797.2,1559592.79,1515890.38,1300382.775,181167.9834844539,1374621.04
28,2012-05-11,1264575.18,0,77.27,4.186,131.1453333,11.627,2012,5,19,2,0,1450628.85,1170456.16,1290684.95,1253316.3,1273141.79,130232.20395508256,1364426.265
28,2012-05-18,1213310.45,0,84.51,4.11,131.0983226,11.627,2012,5,20,2,0,1264575.18,1450628.85,1180797.2,1151282.31,1266614.3475,129713.11314170458,1344682.2233333334
28,2012-05-25,1151214.41,0,83.84,4.293,131.0287742,11.627,2012,5,21,2,0,1213310.45,1264575.18,1170456.16,1160043.98,1274742.66,123408.42757553884,1335500.7683333333
28,2012-06-01,1245480.95,0,78.11,4.277,130.9592258,11.627,2012,6,22,2,0,1151214.41,1213310.45,1450628.85,1403779.25,1269932.2225,129073.5103472022,1310456.9216666666
28,2012-06-08,1440687.69,0,84.83,4.103,130.8896774,11.627,2012,6,23,2,0,1245480.95,1151214.41,1264575.18,1339972.83,1218645.2475,49682.631232122265,1274183.3291666668
28,2012-06-15,1229760.97,0,85.94,4.144,130.8295333,11.627,2012,6,24,2,0,1440687.69,1245480.95,1213310.45,1268503.49,1262673.375,124959.2934595465,1282751.0125
28,2012-06-22,1180671.55,0,91.61,4.014,130.7929,11.627,2012,6,25,2,0,1229760.97,1440687.69,1151214.41,1208809.34,1266786.005,123049.24244922974,1283892.8091666668
28,2012-06-29,1129031.98,0,90.47,3.875,130.7562667,11.627,2012,6,26,2,0,1180671.55,1229760.97,1245480.95,1319054.57,1274150.29,114404.72486869586,1281488.4291666665
28,2012-07-06,1500863.54,0,89.13,3.765,130.7196333,10.926,2012,7,27,3,0,1129031.98,1180671.55,1440687.69,1459655.85,1245038.0474999999,136763.33012976756,1245608.3616666666
28,2012-07-13,1179915.04,0,95.61,3.723,130.683,10.926,2012,7,28,3,0,1500863.54,1129031.98,1229760.97,1197373.13,1260082.01,165705.80574845642,1263123.2441666666
28,2012-07-20,1149427.48,0,85.53,3.726,130.7012903,10.926,2012,7,29,3,0,1179915.04,1500863.54,1180671.55,1165870.54,1247620.5275,170549.56816533193,1263049.7308333332
28,2012-07-27,1135035.09,0,93.47,3.769,130.7195806,10.926,2012,7,30,3,0,1149427.48,1179915.04,1129031.98,1114530.29,1239809.51,175287.50346753583,1261297.3408333333
28,2012-08-03,1376520.1,0,88.16,3.76,130.737871,10.926,2012,8,31,3,0,1135035.09,1149427.48,1500863.54,1523870.89,1241310.2875,174044.18521040533,1234997.8608333333
28,2012-08-10,1269113.41,0,95.91,3.811,130.7561613,10.926,2012,8,32,3,0,1376520.1,1135035.09,1179915.04,1218764.94,1210224.4275,112431.631020604,1244326.6041666667
28,2012-08-17,1184198.41,0,94.87,4.002,130.7909677,10.926,2012,8,33,3,0,1269113.41,1376520.1,1149427.48,1200019.74,1232524.02,113258.96719238264,1248976.8508333333
28,2012-08-24,1199309.59,0,85.32,4.055,130.8381613,10.926,2012,8,34,3,0,1184198.41,1269113.41,1135035.09,1166479.51,1241216.7525,105847.14793369085,1251725.5175
28,2012-08-31,1227118.75,0,89.78,4.093,130.8853548,10.926,2012,8,35,3,1,1199309.59,1184198.41,1376520.1,1468871.49,1257285.3775,87673.10145661348,1247877.9041666666
28,2012-09-07,1469693.99,1,88.52,4.124,130.9325484,10.926,2012,9,36,3,0,1227118.75,1199309.59,1269113.41,1310087.0,1219935.04,37294.475357980344,1230080.4925
28,2012-09-14,1124660.77,0,83.64,4.133,130.9776667,10.926,2012,9,37,3,0,1469693.99,1227118.75,1184198.41,1159212.1,1270080.185,134257.8519586378,1250074.9108333334
28,2012-09-21,1135340.19,0,82.97,4.125,131.0103333,10.926,2012,9,38,3,0,1124660.77,1469693.99,1199309.59,1109105.92,1255195.775,149399.30474541668,1245407.3458333334
28,2012-09-28,1129508.61,0,81.22,3.966,131.043,10.926,2012,9,39,3,0,1135340.19,1124660.77,1227118.75,1120731.76,1239203.425,160394.85790073368,1245933.03
28,2012-10-05,1462941.03,0,81.61,3.966,131.0756667,10.199,2012,10,40,4,0,1129508.61,1135340.19,1469693.99,1557314.58,1214800.8900000001,169984.81258954998,1214986.7858333334
28,2012-10-12,1205536.71,0,71.74,4.468,131.1083333,10.199,2012,10,41,4,0,1462941.03,1129508.61,1124660.77,1220984.94,1213112.65,166609.46908637625,1238572.285
28,2012-10-19,1143724.48,0,68.66,4.449,131.1499677,10.199,2012,10,42,4,0,1205536.71,1462941.03,1135340.19,1203172.05,1233331.635,156923.0978763811,1243248.0541666667
28,2012-10-26,1213860.61,0,65.95,4.301,131.1930968,10.199,2012,10,43,4,0,1143724.48,1205536.71,1129508.61,1242746.06,1235427.7075,155224.69820195693,1243972.17
29,2011-02-04,504126.89,0,26.39,3.24,133.1834194,10.256,2011,2,5,1,0,410426.97,445134.15,455952.18,538634.46,434604.64,20086.713883438337,629190.2541666667
29,2011-02-11,550387.78,1,28.89,3.255,133.260871,10.256,2011,2,6,1,0,504126.89,410426.97,426905.26,529672.95,446648.3175,40856.87756881815,627496.6033333334
29,2011-02-18,542529.21,0,35.34,3.263,133.3701429,10.256,2011,2,7,1,0,550387.78,504126.89,445134.15,542399.07,477518.9475,62096.58581052882,631014.3724999999
29,2011-02-25,483660.15,0,30.23,3.281,133.4921429,10.256,2011,2,8,1,0,542529.21,550387.78,410426.97,488417.61,501867.71249999997,64223.7432758193,594952.7308333333
29,2011-03-04,536031.67,0,33.52,3.437,133.6141429,10.256,2011,3,9,1,0,483660.15,542529.21,504126.89,535087.91,520176.00749999995,31640.685206902897,581701.1991666667
29,2011-03-11,493430.45,0,41.42,3.6,133.7361429,10.256,2011,3,10,1,0,536031.67,483660.15,550387.78,519042.49,528152.2025,30236.55621462177,566884.2766666667
29,2011-03-18,493653.43,0,43.38,3.634,133.8492258,10.256,2011,3,11,1,0,493430.45,536031.67,542529.21,496851.6,513912.87,29681.042349680098,537125.2933333333
29,2011-03-25,478773.05,0,38.77,3.624,133.9587419,10.256,2011,3,12,1,0,493653.43,493430.45,483660.15,552985.34,501693.92500000005,23361.166861242527,484019.18
29,2011-04-01,475615.26,0,36.04,3.638,134.0682581,9.966,2011,4,13,2,0,478773.05,493653.43,536031.67,599629.25,500472.15,24707.69707850135,485084.2658333333
29,2011-04-08,505304.33,0,44.42,3.72,134.1777742,9.966,2011,4,14,2,0,475615.26,478773.05,493430.45,569937.23,485368.0475,9526.467573531965,486722.8558333334
29,2011-04-15,518245.97,0,48.88,3.823,134.2784667,9.966,2011,4,15,2,0,505304.33,475615.26,493653.43,509100.84,488336.5175,13777.596822049694,493256.11166666663
29,2011-04-22,589252.69,0,47.76,3.919,134.3571,9.966,2011,4,16,2,0,518245.97,505304.33,478773.05,505329.66,494484.6525,20692.785030673895,499348.76333333337
29,2011-04-29,493078.64,0,57.2,3.988,134.4357333,9.966,2011,4,17,2,0,589252.69,518245.97,475615.26,501013.47,522104.5625,48191.50278430133,514250.9066666667
29,2011-05-06,534372.53,0,53.63,4.078,134.5143667,9.966,2011,5,18,2,0,493078.64,589252.69,505304.33,568497.35,526470.4075,43097.83189292071,513330.2191666667
29,2011-05-13,549551.02,0,57.71,4.095,134.593,9.966,2011,5,19,2,0,534372.53,493078.64,518245.97,518940.88,533737.4575,40724.562539374776,511995.615
29,2011-05-20,492932.51,0,58.56,4.101,134.6803871,9.966,2011,5,20,2,0,549551.02,534372.53,589252.69,502021.82,541563.72,39751.52415180015,512580.76583333337
29,2011-05-27,550735.64,0,62.59,4.034,134.7677742,9.966,2011,5,21,2,0,492932.51,549551.02,493078.64,577627.66,517483.67500000005,28936.21418896282,513353.46249999997
29,2011-06-03,598251.57,0,70.09,3.973,134.8551613,9.966,2011,6,22,2,0,550735.64,492932.51,534372.53,588017.66,531897.925,27024.1774807213,514578.7933333333
29,2011-06-10,558431.44,0,69.53,3.924,134.9425484,9.966,2011,6,23,2,0,598251.57,550735.64,549551.02,540716.58,547867.685,43079.26068143902,523313.88666666666
29,2011-06-17,536914.17,0,63.97,3.873,135.0837333,9.966,2011,6,24,2,0,558431.44,598251.57,492932.51,558731.74,550087.79,43422.390310037925,528712.0541666667
29,2011-06-24,545368.17,0,68.53,3.851,135.2652667,9.966,2011,6,25,2,0,536914.17,558431.44,550735.64,585548.79,561083.205,26329.537080681217,533557.1475000001
29,2011-07-01,567114.6,0,70.8,3.815,135.4468,9.863,2011,7,26,3,0,545368.17,536914.17,598251.57,581473.55,559741.3375,27156.468589274024,539369.89
29,2011-07-08,547586.07,0,74.22,3.784,135.6283333,9.863,2011,7,27,3,0,567114.6,545368.17,558431.44,563449.43,551957.095,13433.42381543553,544520.7458333332
29,2011-07-15,505246.15,0,75.2,3.827,135.7837419,9.863,2011,7,28,3,0,547586.07,567114.6,536914.17,512292.01,549245.7525000001,12769.153325856765,546965.7541666667
29,2011-07-22,507335.75,0,77.79,3.882,135.8738387,9.863,2011,7,29,3,0,505246.15,547586.07,545368.17,506502.09,541328.7475,25963.660826248037,539965.2091666666
29,2011-07-29,474653.06,0,75.32,3.898,135.9639355,9.863,2011,7,30,3,0,507335.75,505246.15,567114.6,509872.77,531820.6425000001,30550.099577790643,541153.3016666666
29,2011-08-05,503486.37,0,75.33,3.903,136.0540323,9.863,2011,8,31,3,0,474653.06,507335.75,547586.07,519787.93,508705.2575,29917.167372198706,536176.6791666667
29,2011-08-12,471311.5,0,74.69,3.88,136.144129,9.863,2011,8,32,3,0,503486.37,474653.06,505246.15,495269.0,497680.33249999996,15431.93692512915,532337.9583333334
29,2011-08-19,498056.0,0,71.3,3.82,136.183129,9.863,2011,8,33,3,0,471311.5,503486.37,507335.75,531640.19,489196.67,18838.0611802953,530536.2075
29,2011-08-26,608294.98,0,72.22,3.796,136.2136129,9.863,2011,8,34,3,0,498056.0,471311.5,474653.06,545766.13,486876.7325,16253.724823195947,526146.2374999999
29,2011-09-02,497085.91,0,69.16,3.784,136.2440968,9.863,2011,9,35,3,0,608294.98,498056.0,503486.37,579272.38,520287.21249999997,60333.74587284417,526983.1883333334
29,2011-09-09,505406.72,1,69.14,3.809,136.2745806,9.863,2011,9,36,3,0,497085.91,608294.98,471311.5,491290.37,518687.0975,61008.942869278406,521871.0608333333
29,2011-09-16,474129.35,0,68.08,3.809,136.3145,9.863,2011,9,37,3,0,505406.72,497085.91,498056.0,463752.89,527210.9025,54183.5568889954,519245.43999999994
29,2011-09-23,475696.37,0,62.36,3.758,136.367,9.863,2011,9,38,3,0,474129.35,505406.72,608294.98,465338.41,521229.24,59531.770908199775,513308.87166666664
29,2011-09-30,446516.26,0,69.78,3.684,136.4195,9.863,2011,9,39,3,1,475696.37,474129.35,497085.91,474698.01,488079.58749999997,15591.627749163983,505690.68583333335
29,2011-10-07,514993.0,0,56.44,3.633,136.472,9.357,2011,10,40,4,0,446516.26,475696.37,505406.72,530059.06,475437.175,24058.058526705485,497268.20166666666
29,2011-10-14,475776.45,0,62.63,3.583,136.5150968,9.357,2011,10,41,4,0,514993.0,446516.26,474129.35,483011.69,477833.745,28165.499067045097,498080.43916666665
29,2011-10-21,505068.22,0,59.3,3.618,136.5017742,9.357,2011,10,42,4,0,475776.45,514993.0,475696.37,505221.17,478245.52,28105.264624773612,495450.4975
29,2011-10-28,515119.64,0,49.31,3.604,136.4884516,9.357,2011,10,43,4,0,505068.22,475776.45,446516.26,527058.59,485588.48250000004,30913.860835917945,497985.0941666667
29,2011-11-04,620735.72,0,42.81,3.586,136.475129,9.357,2011,11,44,4,0,515119.64,505068.22,514993.0,521002.97,502739.3275,18581.757458070297,498954.53333333327
29,2011-11-11,531600.62,0,47.8,3.57,136.4618065,9.357,2011,11,45,4,0,620735.72,515119.64,475776.45,524450.7,529175.0075000001,63281.01499322626,511406.5516666666
29,2011-11-18,504601.29,0,50.62,3.571,136.4666667,9.357,2011,11,46,4,0,531600.62,620735.72,505068.22,508174.55,543131.0499999999,52879.9071468892,514201.9366666666
29,2011-11-25,913165.19,1,46.28,3.536,136.4788,9.357,2011,11,47,4,0,504601.29,531600.62,515119.64,975268.91,543014.3175,52992.33470271382,505560.79583333334
29,2011-12-02,579874.22,0,49.11,3.501,136.4909333,9.357,2011,12,48,4,0,913165.19,504601.29,620735.72,642678.53,642525.705,187125.67347704654,540234.0691666667
29,2011-12-09,633240.53,0,45.35,3.47,136.5030667,9.357,2011,12,49,4,0,579874.22,913165.19,531600.62,713834.74,632310.33,189807.83493097892,546439.6941666667
29,2011-12-16,736805.66,0,39.11,3.445,136.5335161,9.357,2011,12,50,4,0,633240.53,579874.22,504601.29,850538.25,657720.3074999999,178285.1595629046,559698.9591666666
29,2011-12-23,1016637.39,0,39.83,3.413,136.5883871,9.357,2011,12,51,4,0,736805.66,633240.53,913165.19,1130926.79,715771.3999999999,146840.20391707055,581458.0666666667
29,2011-12-30,551743.05,1,36.28,3.402,136.6432581,9.357,2011,12,52,4,0,1016637.39,736805.66,579874.22,465992.02,741639.45,194564.08372232746,628968.1608333333
29,2012-01-06,469773.85,0,34.61,3.439,136.698129,8.988,2012,1,1,1,0,551743.05,1016637.39,633240.53,455952.18,734606.6575000001,202698.75878483767,632030.6649999999
29,2012-01-13,444756.37,0,39.0,3.523,136.753,8.988,2012,1,2,1,0,469773.85,551743.05,736805.66,426905.26,693739.9875,242515.52919017494,631530.4483333334
29,2012-01-20,446863.31,0,29.16,3.542,136.8564194,8.988,2012,1,3,1,0,444756.37,469773.85,1016637.39,445134.15,620727.665,267865.84850337874,626504.4608333333
29,2012-01-27,395987.24,0,35.68,3.568,136.9598387,8.988,2012,1,4,1,0,446863.31,444756.37,551743.05,410426.97,478284.145,50266.01374465802,620816.4333333333
29,2012-02-03,493159.35,0,40.58,3.633,137.0632581,8.988,2012,2,5,1,0,395987.24,446863.31,469773.85,504126.89,439345.1925,31046.299698598337,602087.3933333334
29,2012-02-10,545840.05,1,35.68,3.655,137.1666774,8.988,2012,2,6,1,0,493159.35,395987.24,444756.37,550387.78,445191.56749999995,39686.09379680133,598883.9541666667
29,2012-02-17,559606.91,0,36.25,3.703,137.2583103,8.988,2012,2,7,1,0,545840.05,493159.35,446863.31,542529.21,470462.4875,64032.30477565902,602320.5175
29,2012-02-24,488782.63,0,39.0,3.751,137.3411034,8.988,2012,2,8,1,0,559606.91,545840.05,395987.24,483660.15,498648.38749999995,74189.925671865,572857.3275
29,2012-03-02,500801.72,0,37.47,3.827,137.4238966,8.988,2012,3,9,1,0,488782.63,559606.91,493159.35,536031.67,521847.235,36137.28950041081,565266.3616666667
29,2012-03-09,504750.35,0,41.72,3.876,137.5066897,8.988,2012,3,10,1,0,500801.72,488782.63,545840.05,493430.45,523757.8275,34268.68628134278,554229.7941666666
29,2012-03-16,489293.72,0,46.06,3.867,137.5843871,8.988,2012,3,11,1,0,504750.35,500801.72,559606.91,493653.43,513485.40249999997,31488.60834861982,534891.8516666667
29,2012-03-23,517408.48,0,54.68,3.889,137.6552903,8.988,2012,3,12,1,0,489293.72,504750.35,488782.63,478773.05,495907.105,8096.403384890486,490946.54583333334
29,2012-03-30,504566.28,0,46.4,3.921,137.7261935,8.988,2012,3,13,1,0,517408.48,489293.72,500801.72,475615.26,503063.5675,11595.205965138472,488085.3316666667
29,2012-04-06,633826.55,0,46.38,3.957,137.7970968,9.14,2012,4,14,2,0,504566.28,517408.48,504750.35,505304.33,504004.7075,11502.834677706549,490984.70083333325
29,2012-04-13,520493.83,0,49.89,4.025,137.868,9.14,2012,4,15,2,0,633826.55,504566.28,489293.72,518245.97,536273.7575,66042.7489651333,506740.54916666663
29,2012-04-20,525200.59,0,58.81,4.046,137.9230667,9.14,2012,4,16,2,0,520493.83,633826.55,517408.48,589252.69,544073.785,60231.3720719683,512876.42583333334
29,2012-04-27,497250.22,0,51.42,4.023,137.9781333,9.14,2012,4,17,2,0,525200.59,520493.83,504566.28,493078.64,546021.8125,59198.632583356215,523644.205
29,2012-05-04,504963.84,0,50.75,3.991,138.0332,9.14,2012,5,18,2,0,497250.22,525200.59,633826.55,534372.53,544192.7975,60992.24042412889,523985.11083333334
29,2012-05-11,529707.87,0,56.72,3.947,138.0882667,9.14,2012,5,19,2,0,504963.84,497250.22,520493.83,549551.02,511977.12000000005,13082.586238124004,520578.76
29,2012-05-18,543706.04,0,61.9,3.899,138.1065806,9.14,2012,5,20,2,0,529707.87,504963.84,525200.59,492932.51,514280.63,15642.705446861868,518087.17333333334
29,2012-05-25,549665.67,0,62.39,3.85,138.1101935,9.14,2012,5,21,2,0,543706.04,529707.87,497250.22,550735.64,518906.9925,21564.469298923996,522664.1241666667
29,2012-06-01,576252.35,0,70.01,3.798,138.1138065,9.14,2012,6,22,2,0,549665.67,543706.04,504963.84,598251.57,532010.855,19877.244990099294,526736.12
29,2012-06-08,554093.15,0,61.71,3.746,138.1174194,9.14,2012,6,23,2,0,576252.35,549665.67,529707.87,558431.44,549832.9824999999,19498.46617992459,532694.62
29,2012-06-15,552338.76,0,66.56,3.683,138.1295333,9.14,2012,6,24,2,0,554093.15,576252.35,543706.04,536914.17,555929.3025,14201.396104254032,538094.5725
29,2012-06-22,581854.5,0,70.61,3.629,138.1629,9.14,2012,6,25,2,0,552338.76,554093.15,549665.67,545368.17,558087.4825,12245.976748583702,541005.4291666666
29,2012-06-29,555954.13,0,70.99,3.577,138.1962667,9.14,2012,6,26,2,0,581854.5,552338.76,576252.35,567114.6,566134.6900000001,15108.560933550787,547446.1141666666
29,2012-07-06,578832.41,0,77.41,3.538,138.2296333,9.419,2012,7,27,3,0,555954.13,581854.5,554093.15,547586.07,561060.135,13941.283593394764,540956.7458333332
29,2012-07-13,514709.76,0,75.81,3.561,138.263,9.419,2012,7,28,3,0,578832.41,555954.13,552338.76,505246.15,567244.9500000001,15246.696877715818,545818.2941666666
29,2012-07-20,506705.36,0,76.57,3.61,138.2331935,9.419,2012,7,29,3,0,514709.76,578832.41,581854.5,507335.75,557837.7,30990.060636774542,544944.0583333333
29,2012-07-27,475158.24,0,73.52,3.701,138.2033871,9.419,2012,7,30,3,0,506705.36,514709.76,555954.13,474653.06,539050.415,34190.704271598275,545731.9866666667
29,2012-08-03,504754.74,0,72.99,3.698,138.1735806,9.419,2012,8,31,3,0,475158.24,506705.36,578832.41,503486.37,518851.4425,43479.854572626005,543248.1866666666
29,2012-08-10,518628.42,0,76.74,3.772,138.1437742,9.419,2012,8,32,3,0,504754.74,475158.24,514709.76,471311.5,500332.02499999997,17326.458783706188,541168.7591666667
29,2012-08-17,416881.66,0,74.92,3.84,138.1857097,9.419,2012,8,33,3,0,518628.42,504754.74,506705.36,498056.0,501311.68999999994,18482.589592797,539078.9575
29,2012-08-24,615026.15,0,70.42,3.874,138.2814516,9.419,2012,8,34,3,0,416881.66,518628.42,475158.24,608294.98,478855.765,45118.66714002415,528013.6233333334
29,2012-08-31,545844.91,0,71.93,3.884,138.3771935,9.419,2012,8,35,3,1,615026.15,416881.66,504754.74,497085.91,513822.7425,81127.52589073853,531244.7733333333
29,2012-09-07,540811.85,1,73.3,3.921,138.4729355,9.419,2012,9,36,3,0,545844.91,615026.15,518628.42,505406.72,524095.28500000003,82191.07087727178,530557.42
29,2012-09-14,475127.18,0,66.42,3.988,138.5673,9.419,2012,9,37,3,0,540811.85,545844.91,416881.66,474129.35,529641.1425000001,82447.25017991381,529596.8441666667
29,2012-09-21,489079.23,0,63.38,4.056,138.6534,9.419,2012,9,38,3,0,475127.18,540811.85,615026.15,475696.37,544202.5225,57159.37733056534,520702.9008333334
29,2012-09-28,489674.23,0,62.17,4.018,138.7395,9.419,2012,9,39,3,0,489079.23,475127.18,545844.91,446516.26,512715.7925,35863.24836497733,515129.99249999993
29,2012-10-05,520632.8,0,62.09,4.027,138.8256,9.151,2012,10,40,4,0,489674.23,489079.23,540811.85,514993.0,498673.12249999994,28885.44387207967,507700.1441666667
29,2012-10-12,513737.0,0,54.18,4.029,138.9117,9.151,2012,10,41,4,0,520632.8,489674.23,475127.18,475776.45,493628.36,19216.86038283692,508193.7308333333
29,2012-10-19,516909.24,0,55.28,4.0,138.8336129,9.151,2012,10,42,4,0,513737.0,520632.8,489079.23,505068.22,503280.815,16301.813396770776,508779.70083333337
29,2012-10-26,534970.68,0,57.58,3.917,138.7281613,9.151,2012,10,43,4,0,516909.24,513737.0,489674.23,515119.64,510238.3175,13996.058342592436,512258.95083333337
30,2011-02-04,490970.95,0,36.33,2.989,212.2240646,8.028,2011,2,5,1,0,425989.04,439132.62,451077.21,465108.52,445401.89749999996,16819.086332759653,441448.04916666663
30,2011-02-11,470921.24,1,34.61,3.022,212.5928624,8.028,2011,2,6,1,0,490970.95,425989.04,465408.72,497374.57,455375.3325,28839.190616154414,446423.40833333327
30,2011-02-18,417070.51,0,59.87,3.045,212.9033115,8.028,2011,2,7,1,0,470921.24,490970.95,439132.62,463513.26,456753.4625,29600.14725340887,450357.87083333335
30,2011-02-25,432687.97,0,61.27,3.065,213.190421,8.028,2011,2,8,1,0,417070.51,470921.24,425989.04,472330.71,451237.93499999994,35454.49951024032,446552.7166666666
30,2011-03-04,443334.71,0,59.52,3.288,213.4775305,8.028,2011,3,9,1,0,432687.97,417070.51,490970.95,472591.07,452912.6675,33992.353030051076,448684.0291666666
30,2011-03-11,438529.81,0,54.69,3.459,213.7646401,8.028,2011,3,10,1,0,443334.71,432687.97,470921.24,468189.93,441003.6075,22674.815370409444,449909.26249999995
30,2011-03-18,425470.84,0,63.26,3.488,214.0156238,8.028,2011,3,11,1,0,438529.81,443334.71,417070.51,445736.36,432905.75,11419.216428914875,449342.38999999996
30,2011-03-25,431754.01,0,70.33,3.473,214.2521573,8.028,2011,3,12,1,0,425470.84,438529.81,432687.97,442457.35,435005.8325,7704.483248396603,441518.72
30,2011-04-01,437926.79,0,56.36,3.524,214.4886908,7.931,2011,4,13,2,0,431754.01,425470.84,443334.71,457884.06,434772.34249999997,7811.550828883072,444362.3025
30,2011-04-08,443889.5,0,68.62,3.622,214.7252242,7.931,2011,4,14,2,0,437926.79,431754.01,438529.81,454800.96,433420.3625,6120.620371614601,443266.43416666664
30,2011-04-15,426666.92,0,71.01,3.743,214.9420631,7.931,2011,4,15,2,0,443889.5,437926.79,425470.84,471054.16,434760.28500000003,7930.968797797146,441473.16583333333
30,2011-04-22,445358.73,0,70.79,3.807,215.1096657,7.931,2011,4,16,2,0,426666.92,443889.5,431754.01,462454.39,435059.305,7473.328463910771,440434.3575
30,2011-04-29,423687.2,0,70.19,3.81,215.2772683,7.931,2011,4,17,2,0,445358.73,426666.92,437926.79,456140.34,438460.485,8493.781916054733,442048.49833333335
30,2011-05-06,438789.52,0,61.87,3.906,215.4448709,7.931,2011,5,18,2,0,423687.2,445358.73,443889.5,457883.94,434900.5875,11309.385957523247,436441.5191666667
30,2011-05-13,424614.59,0,75.04,3.899,215.6124735,7.931,2011,5,19,2,0,438789.52,423687.2,426666.92,461868.09,433625.5925,10190.31290434651,433763.8758333333
30,2011-05-20,435102.2,0,68.36,3.907,215.3834778,7.931,2011,5,20,2,0,424614.59,438789.52,445358.73,455751.84,433112.51,10696.56424202024,434392.54916666663
30,2011-05-27,429305.82,0,76.86,3.786,215.1544822,7.931,2011,5,21,2,0,435102.2,424614.59,423687.2,462474.16,430548.37750000006,7548.494769344776,434593.73500000004
30,2011-06-03,432808.48,0,83.82,3.699,214.9254865,7.931,2011,6,22,2,0,429305.82,435102.2,438789.52,458343.7,431953.0325,6258.734952759358,433424.6608333334
30,2011-06-10,424697.05,0,84.71,3.648,214.6964908,7.931,2011,6,23,2,0,432808.48,429305.82,424614.59,445530.16,430457.77249999996,4566.775260650766,432947.8833333333
30,2011-06-17,435481.03,0,87.54,3.637,214.6513538,7.931,2011,6,24,2,0,424697.05,432808.48,435102.2,447727.52,430478.3875,4531.657199622673,432883.4008333334
30,2011-06-24,422715.74,0,85.72,3.594,214.7441108,7.931,2011,6,25,2,0,435481.03,424697.05,429305.82,453210.24,430573.09500000003,4662.569492962046,433193.98583333334
30,2011-07-01,428782.38,0,87.57,3.524,214.8368678,7.852,2011,7,26,3,0,422715.74,435481.03,432808.48,450337.47,428925.575,6177.740037125289,431926.3983333334
30,2011-07-08,419764.37,0,89.16,3.48,214.9296249,7.852,2011,7,27,3,0,428782.38,422715.74,424697.05,436293.4,427919.05000000005,5638.693677481309,430667.4716666667
30,2011-07-15,420515.63,0,91.05,3.575,215.0134426,7.852,2011,7,28,3,0,419764.37,428782.38,435481.03,438068.71,426685.88,6962.262277741891,430092.2591666667
30,2011-07-22,423441.76,0,90.27,3.651,215.0749122,7.852,2011,7,29,3,0,420515.63,419764.37,422715.74,440491.33,422944.53,4088.4312526201134,428022.0008333333
30,2011-07-29,414245.96,0,91.56,3.682,215.1363819,7.852,2011,7,30,3,0,423441.76,420515.63,428782.38,437893.76,423126.03500000003,4091.003416885339,428001.5474999999
30,2011-08-05,431798.64,0,94.22,3.684,215.1978515,7.852,2011,8,31,3,0,414245.96,423441.76,419764.37,441407.06,419491.93000000005,3840.2926760601426,425956.2508333333
30,2011-08-12,412224.67,0,92.32,3.638,215.2593211,7.852,2011,8,32,3,0,431798.64,414245.96,420515.63,444160.07,422500.4975,7289.684889752948,426554.9216666667
30,2011-08-19,414450.61,0,90.11,3.554,215.3229307,7.852,2011,8,33,3,0,412224.67,431798.64,423441.76,447139.8,420427.75749999995,9016.40070025134,424648.4608333334
30,2011-08-26,387944.83,0,92.07,3.523,215.386897,7.852,2011,8,34,3,0,414450.61,412224.67,414245.96,443810.78,418179.97000000003,9134.519351496734,423410.5266666667
30,2011-09-02,369722.32,0,91.94,3.533,215.4508632,7.852,2011,9,35,3,0,387944.83,414450.61,431798.64,461548.98,411604.6875,18037.62944207546,419671.88916666666
30,2011-09-09,370897.82,1,78.87,3.546,215.5148295,7.852,2011,9,36,3,0,369722.32,387944.83,412224.67,455162.92,396085.60750000004,21284.092975084208,415090.6616666666
30,2011-09-16,382914.66,0,80.62,3.526,215.6944378,7.852,2011,9,37,3,0,370897.82,369722.32,414450.61,462058.19,385753.895,20864.771021602533,409708.72750000004
30,2011-09-23,391837.56,0,75.68,3.467,216.0282356,7.852,2011,9,38,3,0,382914.66,370897.82,387944.83,448392.17,377869.9075,8980.474696902005,406391.9708333334
30,2011-09-30,387001.13,0,78.91,3.355,216.3620333,7.852,2011,9,39,3,1,391837.56,382914.66,369722.32,445475.3,378843.08999999997,10515.856180258075,403313.23583333334
30,2011-10-07,417528.26,0,71.64,3.285,216.6958311,7.441,2011,10,40,4,0,387001.13,391837.56,370897.82,462080.47,383162.79250000004,8953.12880331583,400582.9658333333
30,2011-10-14,410711.99,0,69.79,3.274,217.0048261,7.441,2011,10,41,4,0,417528.26,387001.13,382914.66,453943.89,394820.4025,15571.68229539007,400334.0183333333
30,2011-10-21,428958.53,0,65.16,3.353,217.1650042,7.441,2011,10,42,4,0,410711.99,417528.26,391837.56,459631.74,401769.73500000004,14663.50149790651,399273.20416666666
30,2011-10-28,426151.88,0,65.46,3.372,217.3251824,7.441,2011,10,43,4,0,428958.53,410711.99,387001.13,438334.39,411049.97750000004,17712.00815288409,400499.2516666667
30,2011-11-04,432359.04,0,56.01,3.332,217.4853605,7.441,2011,11,44,4,0,426151.88,428958.53,417528.26,484661.87,420837.665,8320.071816078773,400028.6883333333
30,2011-11-11,409686.63,0,59.8,3.297,217.6455387,7.441,2011,11,45,4,0,432359.04,426151.88,410711.99,431266.64,424545.36,9565.08750018568,401706.5525
30,2011-11-18,436462.63,0,61.9,3.308,217.8670218,7.441,2011,11,46,4,0,409686.63,432359.04,428958.53,423707.69,424289.02,10060.311253174114,401309.55416666664
30,2011-11-25,452163.93,1,56.43,3.236,218.1130269,7.441,2011,11,47,4,0,436462.63,409686.63,426151.88,462732.36,426165.045,11774.890871705567,405352.70416666666
30,2011-12-02,412385.75,0,48.72,3.172,218.3590319,7.441,2011,12,48,4,0,452163.93,436462.63,432359.04,407112.22,432668.0575,17537.857401890164,412222.8383333334
30,2011-12-09,436741.02,0,41.44,3.158,218.605037,7.441,2011,12,49,4,0,412385.75,452163.93,409686.63,428631.91,427674.735,20283.595622245462,415680.16583333333
30,2011-12-16,441265.08,0,50.56,3.159,218.8217928,7.441,2011,12,50,4,0,436741.02,412385.75,436462.63,445332.28,434438.3325,16430.797827479375,420165.6958333333
30,2011-12-23,492022.68,0,46.54,3.112,218.9995495,7.441,2011,12,51,4,0,441265.08,436741.02,452163.93,519354.88,435638.945,16799.34692482745,424284.6558333333
30,2011-12-30,376777.45,1,45.16,3.129,219.1773063,7.441,2011,12,52,4,0,492022.68,441265.08,412385.75,397631.02,445603.6325,33444.1057423253,433036.45166666666
30,2012-01-06,457030.86,0,48.1,3.157,219.355063,7.057,2012,1,1,1,0,376777.45,492022.68,436741.02,451077.21,436701.5575,47159.84361448663,429640.55083333334
30,2012-01-13,447023.91,0,45.0,3.261,219.5328198,7.057,2012,1,2,1,0,457030.86,376777.45,441265.08,465408.72,441774.0175,48244.212538119384,433500.4566666667
30,2012-01-20,438760.62,0,52.21,3.268,219.6258417,7.057,2012,1,3,1,0,447023.91,457030.86,492022.68,439132.62,443213.725,48309.84528164741,435005.905
30,2012-01-27,433037.66,0,50.79,3.29,219.7188636,7.057,2012,1,4,1,0,438760.62,447023.91,376777.45,425989.04,429898.21,36193.12895425609,436056.6333333333
30,2012-02-03,434080.74,0,55.83,3.36,219.8118854,7.057,2012,2,5,1,0,433037.66,438760.62,457030.86,490970.95,443963.2625,10433.375077319773,436113.185
30,2012-02-10,451365.99,1,46.52,3.409,219.9049073,7.057,2012,2,6,1,0,434080.74,433037.66,447023.91,470921.24,438225.7325,6371.5798943305135,438146.0275
30,2012-02-17,435109.11,0,45.03,3.51,220.0651993,7.057,2012,2,7,1,0,451365.99,434080.74,438760.62,417070.51,439311.2525,8413.008106749749,439387.9741666667
30,2012-02-24,425215.71,0,54.81,3.555,220.275944,7.057,2012,2,8,1,0,435109.11,451365.99,433037.66,432687.97,438398.375,8686.340624469654,437966.7391666666
30,2012-03-02,438640.61,0,59.3,3.63,220.4866886,7.057,2012,3,9,1,0,425215.71,435109.11,434080.74,443334.71,436442.8875,10895.063195063914,439035.9024999999
30,2012-03-09,446617.89,0,57.16,3.669,220.6974332,7.057,2012,3,10,1,0,438640.61,425215.71,451365.99,438529.81,437582.855,10803.692977316201,439194.20166666666
30,2012-03-16,413617.45,0,63.39,3.734,220.8498468,7.057,2012,3,11,1,0,446617.89,438640.61,435109.11,425470.84,436395.83,8872.810142317463,439640.2691666666
30,2012-03-23,430222.97,0,62.96,3.787,220.9244858,7.057,2012,3,12,1,0,413617.45,446617.89,425215.71,431754.01,431022.915,14582.025055319917,433106.5
30,2012-03-30,449603.91,0,67.87,3.845,220.9991248,7.057,2012,3,13,1,0,430222.97,413617.45,438640.61,437926.79,432274.73,14125.08977028741,437560.2933333333
30,2012-04-06,461511.92,0,69.02,3.891,221.0737638,6.891,2012,4,14,2,0,449603.91,430222.97,446617.89,443889.5,435015.555,16616.07703030948,436941.3808333333
30,2012-04-13,428784.7,0,69.03,3.891,221.1484028,6.891,2012,4,15,2,0,461511.92,449603.91,413617.45,426666.92,438739.0625,21136.596982345654,438148.7149999999
30,2012-04-20,462909.41,0,66.97,3.877,221.2021074,6.891,2012,4,16,2,0,428784.7,461511.92,430222.97,445358.73,442530.875,15819.28934374042,437317.38833333337
30,2012-04-27,433744.83,0,69.21,3.814,221.255812,6.891,2012,4,17,2,0,462909.41,428784.7,449603.91,423687.2,450702.485,15784.476227312056,439806.70083333337
30,2012-05-04,454477.54,0,77.53,3.749,221.3095166,6.891,2012,5,18,2,0,433744.83,462909.41,461511.92,438789.52,446737.715,17990.05892864665,439778.7083333333
30,2012-05-11,436070.45,0,74.14,3.688,221.3632212,6.891,2012,5,19,2,0,454477.54,433744.83,428784.7,424614.59,444979.12,16331.80733947345,440038.00416666665
30,2012-05-18,460945.14,0,72.42,3.63,221.380331,6.891,2012,5,20,2,0,436070.45,454477.54,462909.41,435102.2,446800.5575,14189.414090416272,440118.1158333334
30,2012-05-25,449355.91,0,79.49,3.561,221.3828029,6.891,2012,5,21,2,0,460945.14,436070.45,433744.83,429305.82,446309.49,13461.400530928397,443095.56833333336
30,2012-06-01,427021.18,0,79.24,3.501,221.3852748,6.891,2012,6,22,2,0,449355.91,460945.14,454477.54,432808.48,450212.26,10553.22149821938,443988.51
30,2012-06-08,437222.94,0,79.47,3.452,221.3877467,6.891,2012,6,23,2,0,427021.18,449355.91,436070.45,424697.05,443348.17,14891.631922515371,442355.45083333337
30,2012-06-15,438523.24,0,81.51,3.393,221.4009901,6.891,2012,6,24,2,0,437222.94,427021.18,460945.14,435481.03,443636.2925,14713.976120246038,444322.575
30,2012-06-22,428554.63,0,81.78,3.346,221.4411622,6.891,2012,6,25,2,0,438523.24,437222.94,449355.91,422715.74,438030.8175,9135.370526849802,445014.26416666666
30,2012-06-29,423192.4,0,88.05,3.286,221.4813343,6.891,2012,6,26,2,0,428554.63,438523.24,427021.18,428782.38,432830.49749999994,5880.251723084279,443260.15750000003
30,2012-07-06,440553.42,0,85.26,3.227,221.5215064,6.565,2012,7,27,3,0,423192.4,428554.63,437222.94,419764.37,431873.3025,7284.960432564838,440066.8641666667
30,2012-07-13,417640.34,0,82.51,3.256,221.5616784,6.565,2012,7,28,3,0,440553.42,423192.4,438523.24,420515.63,432705.9225,8229.312237097054,441047.5908333333
30,2012-07-20,427491.04,0,84.25,3.311,221.5701123,6.565,2012,7,29,3,0,417640.34,440553.42,428554.63,423441.76,427485.1975,9785.558317454403,437275.1683333333
30,2012-07-27,424581.17,0,88.09,3.407,221.5785461,6.565,2012,7,30,3,0,427491.04,417640.34,423192.4,414245.96,427219.30000000005,9761.23279600871,436754.0191666666
30,2012-08-03,425136.55,0,91.57,3.417,221.5869799,6.565,2012,8,31,3,0,424581.17,427491.04,440553.42,431798.64,427566.4925,9593.515741588231,434262.65499999997
30,2012-08-10,430878.28,0,89.57,3.494,221.5954138,6.565,2012,8,32,3,0,425136.55,424581.17,417640.34,412224.67,423712.275,4239.92914115819,433351.49666666664
30,2012-08-17,423351.15,0,85.55,3.571,221.6751459,6.565,2012,8,33,3,0,430878.28,425136.55,427491.04,414450.61,427021.76,2863.765965823586,430845.925
30,2012-08-24,425296.65,0,77.72,3.62,221.8083518,6.565,2012,8,34,3,0,423351.15,430878.28,424581.17,387944.83,425986.7875,3345.242804924809,428678.86166666663
30,2012-08-31,439132.5,0,83.58,3.638,221.9415576,6.565,2012,8,35,3,1,425296.65,423351.15,425136.55,369722.32,426165.65750000003,3263.1528504757202,428535.1508333334
30,2012-09-07,433565.77,1,88.4,3.73,222.0747635,6.565,2012,9,36,3,0,439132.5,425296.65,430878.28,370897.82,429664.645,7072.311919246018,428694.2808333333
30,2012-09-14,437773.31,0,76.1,3.717,222.2174395,6.565,2012,9,37,3,0,433565.77,439132.5,423351.15,382914.66,430336.5175,7348.310539997223,428281.1583333334
30,2012-09-21,443891.64,0,71.54,3.721,222.4169362,6.565,2012,9,38,3,0,437773.31,433565.77,425296.65,391837.56,433942.0575,6231.742725442141,429049.38166666665
30,2012-09-28,425410.04,0,80.38,3.666,222.6164329,6.565,2012,9,39,3,0,443891.64,437773.31,439132.5,387001.13,438590.805,4254.862316477039,430774.31833333336
30,2012-10-05,446751.45,0,70.28,3.617,222.8159296,6.17,2012,10,40,4,0,425410.04,443891.64,433565.77,417528.26,435160.19,7760.4599390291605,429512.37000000005
30,2012-10-12,434593.26,0,61.53,3.601,223.0154263,6.17,2012,10,41,4,0,446751.45,425410.04,437773.31,410711.99,438456.61,9469.66752991589,431938.29583333334
30,2012-10-19,437537.29,0,68.52,3.594,223.0598077,6.17,2012,10,42,4,0,434593.26,446751.45,443891.64,428958.53,437661.5975,9677.365416498176,432530.1475
30,2012-10-26,439424.5,0,70.5,3.506,223.0783366,6.17,2012,10,43,4,0,437537.29,434593.26,425410.04,426151.88,436073.01,8795.108224375434,433609.82416666666
31,2011-02-04,1443206.46,0,36.33,2.989,212.2240646,8.028,2011,2,5,1,0,1254955.68,1344167.13,1311986.87,1469252.05,1315459.9975,43745.207169822446,1469059.8683333334
31,2011-02-11,1539230.32,1,34.61,3.022,212.5928624,8.028,2011,2,6,1,0,1443206.46,1254955.68,1350730.31,1543947.23,1348264.895,76905.52714788582,1476595.3433333335
31,2011-02-18,1539063.91,0,59.87,3.045,212.9033115,8.028,2011,2,7,1,0,1539230.32,1443206.46,1344167.13,1473386.75,1395389.8975,122911.93615686927,1491601.3225
31,2011-02-25,1365678.22,0,61.27,3.065,213.190421,8.028,2011,2,8,1,0,1539063.91,1539230.32,1254955.68,1344354.41,1444114.0925,133970.51092608628,1464951.9766666666
31,2011-03-04,1412721.18,0,59.52,3.288,213.4775305,8.028,2011,3,9,1,0,1365678.22,1539063.91,1443206.46,1384870.51,1471794.7274999998,83965.6760283489,1467198.7975
31,2011-03-11,1405572.93,0,54.69,3.459,213.7646401,8.028,2011,3,10,1,0,1412721.18,1365678.22,1539230.32,1366193.35,1464173.4074999997,88676.86875036155,1461951.8041666665
31,2011-03-18,1425559.02,0,63.26,3.488,214.0156238,8.028,2011,3,11,1,0,1405572.93,1412721.18,1539063.91,1332261.01,1430759.06,75111.38956664945,1436193.9649999999
31,2011-03-25,1357036.1,0,70.33,3.473,214.2521573,8.028,2011,3,12,1,0,1425559.02,1405572.93,1365678.22,1229635.7,1402382.8375,25829.06887533308,1382578.6358333335
31,2011-04-01,1344890.73,0,56.36,3.524,214.4886908,7.931,2011,4,13,2,0,1357036.1,1425559.02,1412721.18,1357600.68,1400222.3075,29954.67962021456,1395825.6775
31,2011-04-08,1416790.17,0,68.62,3.622,214.7252242,7.931,2011,4,14,2,0,1344890.73,1357036.1,1405572.93,1395710.09,1383264.695,38500.942246113766,1398567.6658333333
31,2011-04-15,1408464.08,0,71.01,3.743,214.9420631,7.931,2011,4,15,2,0,1416790.17,1344890.73,1425559.02,1367448.28,1386069.0050000001,40995.16706626018,1404072.6541666666
31,2011-04-22,1461393.91,0,70.79,3.807,215.1096657,7.931,2011,4,16,2,0,1408464.08,1416790.17,1357036.1,1280465.8,1381795.27,36105.53985436889,1409430.7333333334
31,2011-04-29,1331137.96,0,70.19,3.81,215.2772683,7.931,2011,4,17,2,0,1461393.91,1408464.08,1344890.73,1243200.24,1407884.7225000001,47996.940486826235,1426633.9191666667
31,2011-05-06,1388755.61,0,61.87,3.906,215.4448709,7.931,2011,5,18,2,0,1331137.96,1461393.91,1416790.17,1381796.8,1404446.5299999998,54116.09951687506,1417294.8775000002
31,2011-05-13,1408118.22,0,75.04,3.899,215.6124735,7.931,2011,5,19,2,0,1388755.61,1331137.96,1408464.08,1287288.59,1397437.89,53799.04603912421,1404755.3183333334
31,2011-05-20,1387365.19,0,68.36,3.907,215.3834778,7.931,2011,5,20,2,0,1408118.22,1388755.61,1461393.91,1337405.6,1397351.4249999998,53775.69073589329,1393843.1775
31,2011-05-27,1342273.64,0,76.86,3.786,215.1544822,7.931,2011,5,21,2,0,1387365.19,1408118.22,1331137.96,1309437.17,1378844.245,33184.82032826577,1395650.425
31,2011-06-03,1430348.1,0,83.82,3.699,214.9254865,7.931,2011,6,22,2,0,1342273.64,1387365.19,1388755.61,1427624.5,1381628.165,27893.939484871546,1389779.7966666666
31,2011-06-10,1425299.37,0,84.71,3.648,214.6964908,7.931,2011,6,23,2,0,1430348.1,1342273.64,1408118.22,1377092.33,1392026.2874999999,37525.8282965797,1391844.3941666668
31,2011-06-17,1491039.14,0,87.54,3.637,214.6513538,7.931,2011,6,24,2,0,1425299.37,1430348.1,1387365.19,1368090.08,1396321.575,40820.39162261004,1391822.7566666666
31,2011-06-24,1375962.46,0,85.72,3.594,214.7441108,7.931,2011,6,25,2,0,1491039.14,1425299.37,1342273.64,1303523.73,1422240.0625,61109.30487462602,1402989.6766666668
31,2011-07-01,1371889.27,0,87.57,3.524,214.8368678,7.852,2011,7,26,3,0,1375962.46,1491039.14,1430348.1,1311704.92,1430662.2675,47139.13817707215,1405578.9874999998
31,2011-07-08,1423144.47,0,89.16,3.48,214.9296249,7.852,2011,7,27,3,0,1371889.27,1375962.46,1425299.37,1315118.4,1416047.56,55576.08261625405,1401837.2458333333
31,2011-07-15,1415473.91,0,91.05,3.575,215.0134426,7.852,2011,7,28,3,0,1423144.47,1371889.27,1491039.14,1335433.72,1415508.835,55466.84331404839,1403060.6116666666
31,2011-07-22,1401944.8,0,90.27,3.651,215.0749122,7.852,2011,7,29,3,0,1415473.91,1423144.47,1375962.46,1276031.84,1396617.5274999999,26440.879787430433,1399233.945
31,2011-07-29,1308122.15,0,91.56,3.682,215.1363819,7.852,2011,7,30,3,0,1401944.8,1415473.91,1371889.27,1231993.14,1403113.1125,22585.673133580432,1405134.515
31,2011-08-05,1428993.33,0,94.22,3.684,215.1978515,7.852,2011,8,31,3,0,1308122.15,1401944.8,1423144.47,1352401.08,1387171.3324999998,53423.250589448086,1398415.0599999998
31,2011-08-12,1443311.49,0,92.32,3.638,215.2593211,7.852,2011,8,32,3,0,1428993.33,1308122.15,1415473.91,1327719.34,1388633.5474999999,54798.39314280451,1400154.6524999999
31,2011-08-19,1487542.53,0,90.11,3.554,215.3229307,7.852,2011,8,33,3,0,1443311.49,1428993.33,1401944.8,1376571.21,1395592.9425,60784.12976794153,1404816.8441666665
31,2011-08-26,1417267.07,0,92.07,3.523,215.386897,7.852,2011,8,34,3,0,1487542.53,1443311.49,1308122.15,1326621.98,1416992.375,76739.31846923802,1416922.585
31,2011-09-02,1385769.03,0,91.94,3.533,215.4508632,7.852,2011,9,35,3,0,1417267.07,1487542.53,1428993.33,1302047.48,1444278.605,30746.08469767642,1415832.4991666668
31,2011-09-09,1376670.27,1,78.87,3.546,215.5148295,7.852,2011,9,36,3,0,1385769.03,1417267.07,1443311.49,1308179.02,1433472.53,43044.97988516437,1412538.3041666665
31,2011-09-16,1363460.86,0,80.62,3.526,215.6944378,7.852,2011,9,37,3,0,1376670.27,1385769.03,1487542.53,1294105.01,1416812.225,50259.4582687232,1403007.5650000002
31,2011-09-23,1347607.74,0,75.68,3.467,216.0282356,7.852,2011,9,38,3,0,1363460.86,1376670.27,1417267.07,1230250.25,1385791.8075,22895.16929303136,1401965.765
31,2011-09-30,1285534.74,0,78.91,3.355,216.3620333,7.852,2011,9,39,3,1,1347607.74,1363460.86,1385769.03,1213981.64,1368376.975,16601.12072781234,1399942.3041666665
31,2011-10-07,1427383.24,0,71.64,3.285,216.6958311,7.441,2011,10,40,4,0,1285534.74,1347607.74,1376670.27,1300131.68,1343318.4024999999,40313.00752850326,1388474.8266666667
31,2011-10-14,1378340.18,0,69.79,3.274,217.0048261,7.441,2011,10,41,4,0,1427383.24,1285534.74,1363460.86,1265852.43,1355996.645,58272.38978735429,1389467.2708333335
31,2011-10-21,1409310.4,0,65.16,3.353,217.1650042,7.441,2011,10,42,4,0,1378340.18,1427383.24,1347607.74,1262289.29,1359716.475,59372.22904243599,1387500.2191666667
31,2011-10-28,1346862.72,0,65.46,3.372,217.3251824,7.441,2011,10,43,4,0,1409310.4,1378340.18,1285534.74,1257921.28,1375142.14,63077.50818170415,1395932.5733333332
31,2011-11-04,1426405.46,0,56.01,3.332,217.4853605,7.441,2011,11,44,4,0,1346862.72,1409310.4,1427383.24,1324455.72,1390474.135,35431.97846247133,1389088.3558333332
31,2011-11-11,1444783.64,0,59.8,3.297,217.6455387,7.441,2011,11,45,4,0,1426405.46,1346862.72,1378340.18,1352780.76,1390229.69,35094.22727561513,1387679.52
31,2011-11-18,1445174.79,0,61.9,3.308,217.8670218,7.441,2011,11,46,4,0,1444783.64,1426405.46,1409310.4,1359158.57,1406840.555,42528.045776040366,1384116.2791666666
31,2011-11-25,1934099.65,1,56.43,3.236,218.1130269,7.441,2011,11,47,4,0,1445174.79,1444783.64,1346862.72,1858856.06,1415806.6525,46789.435608835396,1386441.9225
31,2011-12-02,1388809.43,0,48.72,3.172,218.3590319,7.441,2011,12,48,4,0,1934099.65,1445174.79,1426405.46,1338716.37,1562615.8849999998,247810.6241291206,1432136.1408333334
31,2011-12-09,1556798.94,0,41.44,3.158,218.605037,7.441,2011,12,49,4,0,1388809.43,1934099.65,1444783.64,1475685.1,1553216.8775,255298.74973374436,1433147.7374999998
31,2011-12-16,1611196.61,0,50.56,3.159,218.8217928,7.441,2011,12,50,4,0,1556798.94,1388809.43,1445174.79,1714667.0,1581220.7025,245391.22652432576,1449259.2441666666
31,2011-12-23,2026176.14,0,46.54,3.112,218.9995495,7.441,2011,12,51,4,0,1611196.61,1556798.94,1934099.65,2068942.97,1622726.1575,228144.55630060614,1471224.9833333334
31,2011-12-30,1355405.95,1,45.16,3.129,219.1773063,7.441,2011,12,52,4,0,2026176.14,1611196.61,1388809.43,1198071.6,1645745.28,270708.16528365243,1532945.0999999999
31,2012-01-06,1401232.52,0,48.1,3.157,219.355063,7.057,2012,1,1,1,0,1355405.95,2026176.14,1556798.94,1311986.87,1637394.41,281573.36501897254,1526946.9925
31,2012-01-13,1377485.12,0,45.0,3.261,219.5328198,7.057,2012,1,2,1,0,1401232.52,1355405.95,1611196.61,1350730.31,1598502.8050000002,306092.1758829466,1528854.6875
31,2012-01-20,1372504.9,0,52.21,3.268,219.6258417,7.057,2012,1,3,1,0,1377485.12,1401232.52,2026176.14,1344167.13,1540074.9325,324607.29077258194,1526202.5808333333
31,2012-01-27,1259941.48,0,50.79,3.29,219.7188636,7.057,2012,1,4,1,0,1372504.9,1377485.12,1355405.95,1254955.68,1376657.1225,18916.386427793317,1528339.4291666665
31,2012-02-03,1391479.91,0,55.83,3.36,219.8118854,7.057,2012,2,5,1,0,1259941.48,1372504.9,1401232.52,1443206.46,1352791.005,63156.02805730381,1514467.4308333332
31,2012-02-10,1527688.58,1,46.52,3.409,219.9049073,7.057,2012,2,6,1,0,1391479.91,1259941.48,1377485.12,1539230.32,1350352.8525,60807.138517544765,1510025.4533333334
31,2012-02-17,1570813.52,0,45.03,3.51,220.0651993,7.057,2012,2,7,1,0,1527688.58,1391479.91,1372504.9,1539063.91,1387903.7175,109793.8291273621,1516901.6025
31,2012-02-24,1392543.37,0,54.81,3.555,220.275944,7.057,2012,2,8,1,0,1570813.52,1527688.58,1259941.48,1365678.22,1437480.8725,140891.6248066333,1486627.7583333335
31,2012-03-02,1427881.22,0,59.3,3.63,220.4866886,7.057,2012,3,9,1,0,1392543.37,1570813.52,1391479.91,1412721.18,1470631.345,92474.64112886037,1486938.92
31,2012-03-09,1439034.86,0,57.16,3.669,220.6974332,7.057,2012,3,10,1,0,1427881.22,1392543.37,1527688.58,1405572.93,1479731.6725,83438.67496203787,1476195.7766666666
31,2012-03-16,1481728.13,0,63.39,3.734,220.8498468,7.057,2012,3,11,1,0,1439034.86,1427881.22,1570813.52,1425559.02,1457568.2425000002,78054.53753946442,1461848.9641666666
31,2012-03-23,1365824.97,0,62.96,3.787,220.9244858,7.057,2012,3,12,1,0,1481728.13,1439034.86,1392543.37,1357036.1,1435296.895,36754.53759558944,1416478.2966666666
31,2012-03-30,1318854.22,0,67.87,3.845,220.9991248,7.057,2012,3,13,1,0,1365824.97,1481728.13,1427881.22,1344890.73,1428617.295,47863.36225909769,1417346.5483333336
31,2012-04-06,1496169.81,0,69.02,3.891,221.0737638,6.891,2012,4,14,2,0,1318854.22,1365824.97,1439034.86,1416790.17,1401360.545,72911.75827678516,1410481.6900000002
31,2012-04-13,1407842.91,0,69.03,3.891,221.1484028,6.891,2012,4,15,2,0,1496169.81,1318854.22,1481728.13,1408464.08,1415644.2825,86989.87599386171,1420372.0808333333
31,2012-04-20,1407036.59,0,66.97,3.877,221.2021074,6.891,2012,4,16,2,0,1407842.91,1496169.81,1365824.97,1461393.91,1397172.9775,75345.30654515664,1423316.915
31,2012-04-27,1311352.25,0,69.21,3.814,221.255812,6.891,2012,4,17,2,0,1407036.59,1407842.91,1318854.22,1331137.96,1407475.8825,72389.54695885493,1435574.8408333333
31,2012-05-04,1391257.28,0,77.53,3.749,221.3095166,6.891,2012,5,18,2,0,1311352.25,1407036.59,1496169.81,1388755.61,1405600.3900000001,75482.05813080292,1428897.5358333334
31,2012-05-11,1392938.06,0,74.14,3.688,221.3632212,6.891,2012,5,19,2,0,1391257.28,1311352.25,1407842.91,1408118.22,1379372.2574999998,45985.02845699317,1417528.2608333335
31,2012-05-18,1441473.82,0,72.42,3.63,221.380331,6.891,2012,5,20,2,0,1392938.06,1391257.28,1407036.59,1387365.19,1375646.045,43442.61667949294,1402705.3058333332
31,2012-05-25,1397094.26,0,79.49,3.561,221.3828029,6.891,2012,5,21,2,0,1441473.82,1392938.06,1311352.25,1342273.64,1384255.3525,53892.58382937733,1406782.8433333335
31,2012-06-01,1404516.29,0,79.24,3.501,221.3852748,6.891,2012,6,22,2,0,1397094.26,1441473.82,1391257.28,1430348.1,1405690.855,23981.13075855856,1404217.2633333334
31,2012-06-08,1443285.79,0,79.47,3.452,221.3877467,6.891,2012,6,23,2,0,1404516.29,1397094.26,1392938.06,1425299.37,1409005.6075,22168.93529612103,1401340.7158333333
31,2012-06-15,1431003.43,0,81.51,3.393,221.4009901,6.891,2012,6,24,2,0,1443285.79,1404516.29,1441473.82,1491039.14,1421592.54,24204.864710914706,1398137.1875
31,2012-06-22,1394065.76,0,81.78,3.346,221.4411622,6.891,2012,6,25,2,0,1431003.43,1443285.79,1397094.26,1375962.46,1418974.9425000001,21783.16411426293,1403568.7258333333
31,2012-06-29,1349202.25,0,88.05,3.286,221.4813343,6.891,2012,6,26,2,0,1394065.76,1431003.43,1404516.29,1371889.27,1418217.8175,22824.905035047,1409836.3541666667
31,2012-07-06,1458059.42,0,85.26,3.227,221.5215064,6.565,2012,7,27,3,0,1349202.25,1394065.76,1443285.79,1423144.47,1404389.3075,42321.92030855181,1397589.0574999999
31,2012-07-13,1374301.34,0,82.51,3.256,221.5616784,6.565,2012,7,28,3,0,1458059.42,1349202.25,1431003.43,1415473.91,1408082.7149999999,47210.21924984682,1401773.7666666668
31,2012-07-20,1392395.2,0,84.25,3.311,221.5701123,6.565,2012,7,29,3,0,1374301.34,1458059.42,1394065.76,1401944.8,1393907.1925000001,46541.9336836624,1399045.8291666666
31,2012-07-27,1303732.36,0,88.09,3.407,221.5785461,6.565,2012,7,30,3,0,1392395.2,1374301.34,1349202.25,1308122.15,1393489.5525,46547.53147064797,1405799.4083333332
31,2012-08-03,1390174.63,0,91.57,3.417,221.5869799,6.565,2012,8,31,3,0,1303732.36,1392395.2,1458059.42,1428993.33,1382122.08,63451.10657463086,1398505.665
31,2012-08-10,1386472.59,0,89.57,3.494,221.5954138,6.565,2012,8,32,3,0,1390174.63,1303732.36,1374301.34,1443311.49,1365150.8825,41730.910020936564,1398275.3791666667
31,2012-08-17,1410181.7,0,85.55,3.571,221.6751459,6.565,2012,8,33,3,0,1386472.59,1390174.63,1392395.2,1487542.53,1368193.695,43043.60602978532,1393691.9433333334
31,2012-08-24,1379783.21,0,77.72,3.62,221.8083518,6.565,2012,8,34,3,0,1410181.7,1386472.59,1303732.36,1417267.07,1372640.32,47104.30229534798,1394782.5633333332
31,2012-08-31,1373651.49,0,83.58,3.638,221.9415576,6.565,2012,8,35,3,1,1379783.21,1410181.7,1390174.63,1385769.03,1391653.0325,13079.587964385793,1392721.4733333334
31,2012-09-07,1358111.62,1,88.4,3.73,222.0747635,6.565,2012,9,36,3,0,1373651.49,1379783.21,1386472.59,1376670.27,1387522.2475,15987.94528717131,1386918.615
31,2012-09-14,1327705.44,0,76.1,3.717,222.2174395,6.565,2012,9,37,3,0,1358111.62,1373651.49,1410181.7,1363460.86,1380432.005,21829.95081501581,1380844.2975
31,2012-09-21,1373064.87,0,71.54,3.721,222.4169362,6.565,2012,9,38,3,0,1327705.44,1358111.62,1379783.21,1347607.74,1359812.94,23267.310372906573,1375314.2708333333
31,2012-09-28,1279080.58,0,80.38,3.666,222.6164329,6.565,2012,9,39,3,0,1373064.87,1327705.44,1373651.49,1285534.74,1358133.355,21522.245373338832,1377302.8225
31,2012-10-05,1363365.05,0,70.28,3.617,222.8159296,6.17,2012,10,40,4,0,1279080.58,1373064.87,1358111.62,1427383.24,1334490.6275,41481.86593559546,1362387.9191666667
31,2012-10-12,1401113.42,0,61.53,3.601,223.0154263,6.17,2012,10,41,4,0,1363365.05,1279080.58,1327705.44,1378340.18,1335803.985,42548.47024601613,1361476.5616666668
31,2012-10-19,1378730.45,0,68.52,3.594,223.0598077,6.17,2012,10,42,4,0,1401113.42,1363365.05,1373064.87,1409310.4,1354155.98,52547.34356688998,1362203.0799999998
31,2012-10-26,1340232.55,0,70.5,3.506,223.0783366,6.17,2012,10,43,4,0,1378730.45,1401113.42,1279080.58,1346862.72,1355572.375,53297.916480149586,1368452.9208333334
32,2011-02-04,1070457.8,0,15.47,3.011,191.7625895,8.818,2011,2,5,1,0,1006814.85,1078348.91,1046416.17,1087616.19,1039946.61,30288.255813062555,1260567.4725
32,2011-02-11,1124357.2,1,18.51,3.037,191.8572881,8.818,2011,2,6,1,0,1070457.8,1006814.85,1028206.51,1123566.12,1045957.0175,34140.45906716756,1254687.3633333333
32,2011-02-18,1183528.58,0,42.09,3.051,191.9178331,8.818,2011,2,7,1,0,1124357.2,1070457.8,1078348.91,1082559.06,1069994.69,48363.14760437456,1252489.6391666667
32,2011-02-25,1054754.67,0,33.0,3.101,191.9647167,8.818,2011,2,8,1,0,1183528.58,1124357.2,1006814.85,1053247.1,1096289.6075,75435.2759655677,1214897.3658333335
32,2011-03-04,1106847.62,0,39.17,3.232,192.0116004,8.818,2011,3,9,1,0,1054754.67,1183528.58,1070457.8,1066566.74,1108274.5625,58356.10450227431,1202719.2083333333
32,2011-03-11,1101458.21,0,36.51,3.372,192.058484,8.818,2011,3,10,1,0,1106847.62,1054754.67,1124357.2,1093319.37,1117372.0175,53094.81671830087,1180179.6158333332
32,2011-03-18,1100765.5,0,45.25,3.406,192.1237981,8.818,2011,3,11,1,0,1101458.21,1106847.62,1183528.58,1059781.78,1111647.27,53324.61672274703,1142153.125
32,2011-03-25,1068719.22,0,46.7,3.414,192.1964844,8.818,2011,3,12,1,0,1100765.5,1101458.21,1054754.67,1076021.58,1090956.5,24287.18855781651,1071451.655
32,2011-04-01,1051121.02,0,44.83,3.461,192.2691707,8.595,2011,4,13,2,0,1068719.22,1100765.5,1106847.62,1131732.94,1094447.6375,17366.390398340016,1080889.6033333333
32,2011-04-08,1102975.59,0,48.81,3.532,192.3418571,8.595,2011,4,14,2,0,1051121.02,1068719.22,1101458.21,1095889.22,1080515.9874999998,24845.16906431811,1081281.6741666666
32,2011-04-15,1120508.14,0,45.97,3.611,192.4225954,8.595,2011,4,15,2,0,1102975.59,1051121.02,1100765.5,1082763.27,1080895.3325,25279.298040135902,1087512.4308333334
32,2011-04-22,1210602.91,0,48.69,3.636,192.5234638,8.595,2011,4,16,2,0,1120508.14,1102975.59,1068719.22,1072474.8,1085830.9925,31591.331781664725,1091025.7
32,2011-04-29,1107494.55,0,44.86,3.663,192.6243322,8.595,2011,4,17,2,0,1210602.91,1120508.14,1051121.02,1066792.63,1121301.915,66424.16728307241,1108008.0383333333
32,2011-05-06,1181793.55,0,46.65,3.735,192.7252006,8.595,2011,5,18,2,0,1107494.55,1210602.91,1102975.59,1133657.58,1135395.2974999999,50686.295260901265,1111094.4341666668
32,2011-05-13,1138162.76,0,56.09,3.767,192.826069,8.595,2011,5,19,2,0,1181793.55,1107494.55,1120508.14,1079314.52,1155099.7875,49179.922318813704,1115880.7966666666
32,2011-05-20,1145084.76,0,45.71,3.828,192.831317,8.595,2011,5,20,2,0,1138162.76,1181793.55,1210602.91,1143819.35,1159513.4425,45710.51556549125,1112100.3116666668
32,2011-05-27,1175447.49,0,55.13,3.795,192.8365651,8.595,2011,5,21,2,0,1145084.76,1138162.76,1107494.55,1205662.85,1143133.905,30513.657566111004,1119627.8191666666
32,2011-06-03,1167757.0,0,61.25,3.763,192.8418131,8.595,2011,6,22,2,0,1175447.49,1145084.76,1181793.55,1149234.96,1160122.1400000001,21701.40956451896,1125344.475
32,2011-06-10,1239741.34,0,65.49,3.735,192.8470612,8.595,2011,6,23,2,0,1167757.0,1175447.49,1138162.76,1192074.09,1156613.0025,17816.082838424827,1130869.3741666668
32,2011-06-17,1192031.38,0,67.38,3.697,192.9034759,8.595,2011,6,24,2,0,1239741.34,1167757.0,1145084.76,1150191.72,1182007.6475,40589.79958732617,1142450.6941666666
32,2011-06-24,1163869.52,0,65.06,3.661,192.9982655,8.595,2011,6,25,2,0,1192031.38,1239741.34,1175447.49,1124763.74,1193744.3025,32294.3483247236,1152726.7074999998
32,2011-07-01,1199845.29,0,72.86,3.597,193.0930552,8.622,2011,7,26,3,0,1163869.52,1192031.38,1167757.0,1187988.64,1190849.81,34895.04136496405,1162122.4158333333
32,2011-07-08,1110244.52,0,72.56,3.54,193.1878448,8.622,2011,7,27,3,0,1199845.29,1163869.52,1239741.34,1077253.67,1198871.8825,31322.079185674233,1170194.8908333334
32,2011-07-15,1144254.26,0,70.55,3.532,193.3125484,8.622,2011,7,28,3,0,1110244.52,1199845.29,1192031.38,1120172.24,1166497.6775,40560.07134845335,1169339.5891666666
32,2011-07-22,1185674.48,0,76.0,3.545,193.5120367,8.622,2011,7,29,3,0,1144254.26,1110244.52,1163869.52,1109574.11,1154553.3975,37449.942248384796,1163810.5350000001
32,2011-07-29,1169988.62,0,75.91,3.547,193.711525,8.622,2011,7,30,3,0,1185674.48,1144254.26,1199845.29,1065350.56,1160004.6375,40703.65295076299,1170325.5291666666
32,2011-08-05,1201694.14,0,74.83,3.554,193.9110133,8.622,2011,8,31,3,0,1169988.62,1185674.48,1110244.52,1144552.09,1152540.47,32964.16852518703,1169341.785
32,2011-08-12,1206795.74,0,74.2,3.542,194.1105017,8.622,2011,8,32,3,0,1201694.14,1169988.62,1144254.26,1157975.68,1175402.875,24469.61965513631,1174636.0666666667
32,2011-08-19,1221318.17,0,73.72,3.499,194.2500634,8.622,2011,8,33,3,0,1206795.74,1201694.14,1185674.48,1189887.86,1191038.245,16670.367267934904,1179778.6483333332
32,2011-08-26,1183740.91,0,75.64,3.485,194.3796374,8.622,2011,8,34,3,0,1221318.17,1206795.74,1169988.62,1140501.03,1199949.1675,21634.76491182562,1183601.2049999998
32,2011-09-02,1152117.5,0,74.6,3.511,194.5092113,8.622,2011,9,35,3,0,1183740.91,1221318.17,1201694.14,1095932.51,1203387.24,15513.230836884806,1184933.1975
32,2011-09-09,1128237.3,1,61.24,3.566,194.6387853,8.622,2011,9,36,3,0,1152117.5,1183740.91,1206795.74,1028635.39,1190993.08,30184.100873531777,1177631.2108333332
32,2011-09-16,1142499.25,0,60.88,3.596,194.7419707,8.622,2011,9,37,3,0,1128237.3,1152117.5,1221318.17,1043962.36,1171353.47,40327.60251223738,1172315.0375
32,2011-09-23,1116140.29,0,58.66,3.581,194.8099713,8.622,2011,9,38,3,0,1142499.25,1128237.3,1183740.91,1067432.1,1151648.74,23536.74999783592,1170534.1816666666
32,2011-09-30,1088943.98,0,65.04,3.538,194.8779718,8.622,2011,9,39,3,1,1116140.29,1142499.25,1152117.5,1061089.56,1134748.585,15815.78843412939,1163558.765
32,2011-10-07,1149448.02,0,62.62,3.498,194.9459724,8.513,2011,10,40,4,0,1088943.98,1116140.29,1128237.3,1085483.44,1118955.205,22723.531965862006,1161783.72
32,2011-10-14,1175420.26,0,50.15,3.491,195.0261012,8.513,2011,10,41,4,0,1149448.02,1088943.98,1142499.25,1096692.88,1124257.885,27569.65441275513,1162216.5333333332
32,2011-10-21,1151258.74,0,48.87,3.548,195.1789994,8.513,2011,10,42,4,0,1175420.26,1149448.02,1116140.29,1102185.0,1132488.1375,37833.629339687584,1161362.015
32,2011-10-28,1185391.96,0,42.76,3.55,195.3318977,8.513,2011,10,43,4,0,1151258.74,1175420.26,1088943.98,1115138.51,1141267.75,36837.06260804791,1159801.1916666667
32,2011-11-04,1204628.28,0,37.95,3.527,195.4847959,8.513,2011,11,44,4,0,1185391.96,1151258.74,1149448.02,1063056.21,1165379.745,17837.44501845139,1158442.6766666668
32,2011-11-11,1182733.0,0,38.1,3.505,195.6376941,8.513,2011,11,45,4,0,1204628.28,1185391.96,1175420.26,1141019.11,1179174.81,22210.625828737524,1158262.055
32,2011-11-18,1181651.55,0,42.61,3.479,195.7184713,8.513,2011,11,46,4,0,1182733.0,1204628.28,1151258.74,1150729.89,1181002.995,22099.251329017534,1155046.6241666668
32,2011-11-25,1684468.66,1,40.22,3.424,195.7704,8.513,2011,11,47,4,0,1181651.55,1182733.0,1185391.96,1634635.86,1188601.1975,10799.690135496632,1154872.5108333335
32,2011-12-02,1179773.88,0,33.8,3.378,195.8223287,8.513,2011,12,48,4,0,1684468.66,1181651.55,1204628.28,1200892.56,1313370.3725,247625.22284102585,1199235.1075000002
32,2011-12-09,1415746.91,0,17.94,3.331,195.8742575,8.513,2011,12,49,4,0,1179773.88,1684468.66,1182733.0,1377322.73,1307156.7725,251544.2292377142,1203529.8225
32,2011-12-16,1556017.91,0,26.23,3.266,195.9841685,8.513,2011,12,50,4,0,1415746.91,1179773.88,1181651.55,1557776.1,1365410.25,239833.39357711934,1226300.4608333332
32,2011-12-23,1959526.96,0,25.97,3.173,196.1713893,8.513,2011,12,51,4,0,1556017.91,1415746.91,1684468.66,1949183.14,1459001.8399999999,216091.52950715547,1262956.9291666667
32,2011-12-30,1102367.65,1,32.99,3.119,196.3586101,8.513,2011,12,52,4,0,1959526.96,1556017.91,1179773.88,955463.84,1527766.4149999998,327038.47332518594,1335505.5108333332
32,2012-01-06,1099937.25,0,36.75,3.095,196.5458309,8.256,2012,1,1,1,0,1102367.65,1959526.96,1415746.91,1046416.17,1508414.8575,355541.77571780083,1331582.1466666667
32,2012-01-13,1071598.36,0,28.99,3.077,196.7330517,8.256,2012,1,2,1,0,1099937.25,1102367.65,1556017.91,1028206.51,1429462.4425,413345.107966468,1325291.8958333333
32,2012-01-20,1080012.04,0,36.86,3.055,196.7796652,8.256,2012,1,3,1,0,1071598.36,1099937.25,1959526.96,1078348.91,1308357.5550000002,434337.5703003774,1318653.5308333335
32,2012-01-27,1051864.6,0,36.67,3.038,196.8262786,8.256,2012,1,4,1,0,1080012.04,1071598.36,1102367.65,1006814.85,1088478.8250000002,15064.655214722492,1309871.8708333333
32,2012-02-03,1156826.31,0,35.89,3.031,196.8728921,8.256,2012,2,5,1,0,1051864.6,1080012.04,1099937.25,1070457.8,1075853.0625,19923.972226606526,1297141.5641666667
32,2012-02-10,1129422.86,1,23.34,3.103,196.9195056,8.256,2012,2,6,1,0,1156826.31,1051864.6,1071598.36,1124357.2,1090075.3275000001,46037.74337106443,1294982.6733333333
32,2012-02-17,1243812.59,0,24.26,3.113,196.9432711,8.256,2012,2,7,1,0,1129422.86,1156826.31,1080012.04,1183528.58,1104531.4525000001,47361.49360637449,1290630.2825
32,2012-02-24,1091822.72,0,33.41,3.129,196.9499007,8.256,2012,2,8,1,0,1243812.59,1129422.86,1051864.6,1054754.67,1145481.59,79203.77065677509,1253908.9433333334
32,2012-03-02,1153332.89,0,33.4,3.191,196.9565303,8.256,2012,3,9,1,0,1091822.72,1243812.59,1156826.31,1106847.62,1155471.12,64641.78868525194,1246579.68
32,2012-03-09,1124537.97,0,39.9,3.286,196.9631599,8.256,2012,3,10,1,0,1153332.89,1091822.72,1129422.86,1101458.21,1154597.7650000001,64640.975201644855,1224711.845
32,2012-03-16,1138101.18,0,51.51,3.486,197.0457208,8.256,2012,3,11,1,0,1124537.97,1153332.89,1243812.59,1100765.5,1153376.5425,65317.728377432046,1188755.1833333333
32,2012-03-23,1146632.46,0,47.64,3.664,197.2295234,8.256,2012,3,12,1,0,1138101.18,1124537.97,1091822.72,1068719.22,1126948.69,26205.275437088872,1120303.0350000001
32,2012-03-30,1108686.87,0,56.09,3.75,197.4133259,8.256,2012,3,13,1,0,1146632.46,1138101.18,1153332.89,1051121.02,1140651.125,12419.601650296998,1123991.7691666668
32,2012-04-06,1270577.01,0,51.49,3.854,197.5971285,8.09,2012,4,14,2,0,1108686.87,1146632.46,1124537.97,1102975.59,1129489.62,16586.23097819277,1124720.9041666668
32,2012-04-13,1171834.47,0,52.1,3.901,197.780931,8.09,2012,4,15,2,0,1270577.01,1108686.87,1138101.18,1120508.14,1165999.3800000001,71588.15463572413,1141302.4583333335
32,2012-04-20,1121405.91,0,49.15,3.936,197.7227385,8.09,2012,4,16,2,0,1171834.47,1270577.01,1146632.46,1210602.91,1174432.7025000001,69151.63688339107,1148954.3275
32,2012-04-27,1126962.44,0,61.76,3.927,197.664546,8.09,2012,4,17,2,0,1121405.91,1171834.47,1108686.87,1107494.55,1168126.065,73543.0467696998,1154749.4366666668
32,2012-05-04,1187384.53,0,58.29,3.903,197.6063534,8.09,2012,5,18,2,0,1126962.44,1121405.91,1270577.01,1181793.55,1172694.9575,69049.90029125588,1152260.7808333333
32,2012-05-11,1187051.07,0,55.4,3.87,197.5481609,8.09,2012,5,19,2,0,1187384.53,1126962.44,1171834.47,1138162.76,1151896.8375,32702.223916116916,1157090.9200000002
32,2012-05-18,1177539.71,0,57.46,3.837,197.5553137,8.09,2012,5,20,2,0,1187051.07,1187384.53,1121405.91,1145084.76,1155700.9875,36463.36513657029,1152360.7933333332
32,2012-05-25,1232784.22,0,59.74,3.804,197.5886046,8.09,2012,5,21,2,0,1177539.71,1187051.07,1126962.44,1175447.49,1169734.4375,28877.659042585918,1159503.8758333332
32,2012-06-01,1157557.79,0,62.84,3.764,197.6218954,8.09,2012,6,22,2,0,1232784.22,1177539.71,1187384.53,1167757.0,1196189.8825,24819.5259013592,1166124.82
32,2012-06-08,1246322.44,0,71.14,3.741,197.6551863,8.09,2012,6,23,2,0,1157557.79,1232784.22,1187051.07,1239741.34,1188733.1975,31835.63166970367,1168876.4716666667
32,2012-06-15,1234759.54,0,70.91,3.723,197.692292,8.09,2012,6,24,2,0,1246322.44,1157557.79,1177539.71,1192031.38,1203551.04,42723.685097010035,1177894.9100000001
32,2012-06-22,1196880.11,0,74.85,3.735,197.7389345,8.09,2012,6,25,2,0,1234759.54,1246322.44,1232784.22,1163869.52,1217855.9975,40639.85626770556,1185238.8333333333
32,2012-06-29,1178211.81,0,81.95,3.693,197.785577,8.09,2012,6,26,2,0,1196880.11,1234759.54,1157557.79,1199845.29,1208879.97,40206.357304367615,1192588.2699999998
32,2012-07-06,1214183.97,0,78.68,3.646,197.8322195,7.872,2012,7,27,3,0,1178211.81,1196880.11,1246322.44,1110244.52,1214043.475,31882.995704881785,1184891.17
32,2012-07-13,1141184.66,0,71.57,3.613,197.8788621,7.872,2012,7,28,3,0,1214183.97,1178211.81,1234759.54,1144254.26,1206008.8575,24148.458123595363,1188420.2950000002
32,2012-07-20,1167829.33,0,77.76,3.585,197.9290378,7.872,2012,7,29,3,0,1141184.66,1214183.97,1196880.11,1185674.48,1182615.1375,31283.405530678796,1190068.5241666667
32,2012-07-27,1144901.52,0,77.56,3.57,197.9792136,7.872,2012,7,30,3,0,1167829.33,1141184.66,1178211.81,1169988.62,1175352.4425,30221.946182313186,1193474.0983333334
32,2012-08-03,1183571.35,0,75.09,3.528,198.0293893,7.872,2012,8,31,3,0,1144901.52,1167829.33,1214183.97,1201694.14,1167024.87,33574.72728491784,1189933.8475
32,2012-08-10,1227469.2,0,75.93,3.509,198.0795651,7.872,2012,8,32,3,0,1183571.35,1144901.52,1141184.66,1206795.74,1159371.715,19977.563235908117,1189643.8708333333
32,2012-08-17,1261306.37,0,70.75,3.545,198.1001057,7.872,2012,8,33,3,0,1227469.2,1183571.35,1167829.33,1221318.17,1180942.85,34845.14376271794,1193804.6616666669
32,2012-08-24,1272809.11,0,70.12,3.558,198.0984199,7.872,2012,8,34,3,0,1261306.37,1227469.2,1144901.52,1183740.91,1204312.1099999999,50808.115558255326,1196181.5075
32,2012-08-31,1183979.27,0,76.12,3.556,198.0967341,7.872,2012,8,35,3,1,1272809.11,1261306.37,1183571.35,1152117.5,1236289.0075,40068.80220193343,1205785.7841666667
32,2012-09-07,1126685.95,1,72.56,3.596,198.0950484,7.872,2012,9,36,3,0,1183979.27,1272809.11,1227469.2,1128237.3,1236390.9875,39890.02529890985,1200590.52
32,2012-09-14,1156377.47,0,64.05,3.659,198.1267184,7.872,2012,9,37,3,0,1126685.95,1183979.27,1261306.37,1142499.25,1211195.175,68774.8099369326,1191584.3875
32,2012-09-21,1159119.6,0,63.49,3.765,198.358523,7.872,2012,9,38,3,0,1156377.47,1126685.95,1272809.11,1116140.29,1184962.95,63064.13098034957,1188209.1675000002
32,2012-09-28,1157111.15,0,60.62,3.789,198.5903276,7.872,2012,9,39,3,0,1159119.6,1156377.47,1183979.27,1088943.98,1156540.5725,23458.179741736465,1186618.1500000001
32,2012-10-05,1202775.24,0,55.34,3.779,198.8221322,7.557,2012,10,40,4,0,1157111.15,1159119.6,1126685.95,1149448.02,1149823.5425,15468.549387819457,1181862.0816666668
32,2012-10-12,1176681.31,0,43.49,3.76,199.0539368,7.557,2012,10,41,4,0,1202775.24,1157111.15,1156377.47,1175420.26,1168845.865,22649.261420994782,1186994.63
32,2012-10-19,1199292.06,0,53.57,3.75,199.1481963,7.557,2012,10,42,4,0,1176681.31,1202775.24,1159119.6,1151258.74,1173921.8250000002,21148.987158847565,1187732.295
32,2012-10-26,1219979.29,0,47.22,3.686,199.2195317,7.557,2012,10,43,4,0,1199292.06,1176681.31,1157111.15,1185391.96,1183964.94,21314.512246565904,1192264.84
33,2011-02-04,234218.03,0,49.26,3.348,127.7195806,8.951,2011,2,5,1,0,231155.9,244856.44,243948.82,274593.43,244872.2275,11601.363576341662,240661.70333333334
33,2011-02-11,276198.74,1,53.35,3.381,127.859129,8.951,2011,2,6,1,0,234218.03,231155.9,259527.75,294882.83,242439.53000000003,12816.162776527157,237446.21083333332
33,2011-02-18,252349.6,0,62.03,3.43,127.99525,8.951,2011,2,7,1,0,276198.74,234218.03,244856.44,296850.83,246607.27750000003,20582.82945486362,241742.7925
33,2011-02-25,242901.21,0,54.89,3.398,128.13,8.951,2011,2,8,1,0,252349.6,276198.74,231155.9,284052.77,248480.5675,20710.95184638801,242768.21166666667
33,2011-03-04,245435.8,0,59.51,3.674,128.26475,8.951,2011,3,9,1,0,242901.21,252349.6,234218.03,291484.89,251416.895,18104.581634938342,245511.125
33,2011-03-11,270921.44,0,66.51,3.63,128.3995,8.951,2011,3,10,1,0,245435.8,242901.21,276198.74,312161.0,254221.33750000002,15185.964766806022,244876.6
33,2011-03-18,247234.47,0,72.72,3.892,128.5121935,8.951,2011,3,11,1,0,270921.44,245435.8,252349.6,282235.73,252902.0125,12659.190426155743,247547.115
33,2011-03-25,238084.08,0,63.34,3.716,128.6160645,8.951,2011,3,12,1,0,247234.47,270921.44,242901.21,262893.76,251623.22999999998,12987.687071824885,247379.42083333337
33,2011-04-01,232769.09,0,71.41,3.772,128.7199355,8.687,2011,4,13,2,0,238084.08,247234.47,245435.8,274634.52,250418.9475,14229.942737174715,248902.68999999997
33,2011-04-08,271924.73,0,75.11,3.818,128.8238065,8.687,2011,4,14,2,0,232769.09,238084.08,270921.44,325201.05,247252.27,16872.54314082826,247971.04583333337
33,2011-04-15,275749.56,0,64.64,4.089,128.9107333,8.687,2011,4,15,2,0,271924.73,232769.09,247234.47,307779.64,247503.0925,17342.598444043368,249004.12750000003
33,2011-04-22,248603.3,0,79.46,3.917,128.9553,8.687,2011,4,16,2,0,275749.56,271924.73,238084.08,263263.02,254631.865,22336.892809341578,251578.55416666667
33,2011-04-29,248561.86,0,77.44,4.151,128.9998667,8.687,2011,4,17,2,0,248603.3,275749.56,232769.09,275883.23,257261.66999999998,20262.12600994733,253032.50416666665
33,2011-05-06,257031.19,0,77.92,4.193,129.0444333,8.687,2011,5,18,2,0,248561.86,248603.3,271924.73,326870.13,261209.8625,14664.112363640646,254227.82333333333
33,2011-05-13,279466.87,0,78.24,4.202,129.089,8.687,2011,5,19,2,0,257031.19,248561.86,275749.56,331173.51,257486.47749999998,12810.24471698633,252630.52749999997
33,2011-05-20,239206.26,0,76.07,3.99,129.0756774,8.687,2011,5,20,2,0,279466.87,257031.19,248603.3,294264.2,258415.805,14588.237073871707,254890.30000000002
33,2011-05-27,239431.85,0,82.32,3.933,129.0623548,8.687,2011,5,21,2,0,239206.26,279466.87,248561.86,279246.33,256066.54499999998,17215.257354181012,254582.38749999998
33,2011-06-03,243477.03,0,82.93,3.893,129.0490323,8.687,2011,6,22,2,0,239431.85,239206.26,257031.19,285100.0,253784.0425,19049.486147538824,254082.05833333332
33,2011-06-10,258427.39,0,87.02,3.981,129.0357097,8.687,2011,6,23,2,0,243477.03,239431.85,279466.87,310800.79,250395.5025,19479.993958912604,251795.02416666667
33,2011-06-17,238172.66,0,91.11,3.935,129.0432,8.687,2011,6,24,2,0,258427.39,243477.03,239206.26,272399.08,245135.6325,9075.83554909787,252727.7675
33,2011-06-24,238433.53,0,94.11,3.807,129.0663,8.687,2011,6,25,2,0,238172.66,258427.39,239431.85,259419.91,244877.2325,9312.550998425111,252735.14916666667
33,2011-07-01,226702.36,0,98.43,3.842,129.0894,8.442,2011,7,26,3,0,238433.53,238172.66,243477.03,267495.76,244627.6525,9518.241590518091,253207.18583333332
33,2011-07-08,262717.71,0,96.44,3.793,129.1125,8.442,2011,7,27,3,0,226702.36,238433.53,258427.39,302423.93,240433.98500000002,13183.772343266328,249438.655
33,2011-07-15,265003.47,0,92.83,3.779,129.1338387,8.442,2011,7,28,3,0,262717.71,226702.36,238172.66,280937.84,241506.565,15161.745991730028,248352.66749999998
33,2011-07-22,238915.05,0,97.17,3.697,129.1507742,8.442,2011,7,29,3,0,265003.47,262717.71,238433.53,252734.31,248214.26750000002,18714.095892928868,249719.34833333336
33,2011-07-29,224806.96,0,95.28,3.694,129.1677097,8.442,2011,7,30,3,0,238915.05,265003.47,226702.36,242047.03,248334.6475,18631.57543848625,248915.4475
33,2011-08-05,242456.39,0,96.93,3.803,129.1846452,8.442,2011,8,31,3,0,224806.96,238915.05,262717.71,262789.95,247860.7975,19374.42378743181,246230.095
33,2011-08-12,274721.85,0,96.0,3.794,129.2015806,8.442,2011,8,32,3,0,242456.39,224806.96,265003.47,265367.51,242795.4675,16652.87153058795,243145.88833333334
33,2011-08-19,242771.37,0,95.89,3.743,129.2405806,8.442,2011,8,33,3,0,274721.85,242456.39,238915.05,230519.49,245225.06249999997,21090.607606886722,246105.52083333334
33,2011-08-26,237095.82,0,99.66,3.663,129.2832581,8.442,2011,8,34,3,0,242771.37,274721.85,224806.96,224031.19,246189.1425,20792.047645127903,246383.81416666668
33,2011-09-02,239198.36,0,99.2,3.798,129.3259355,8.442,2011,9,35,3,0,237095.82,242771.37,242456.39,237405.82,249261.35749999998,17172.308148417444,245852.04666666666
33,2011-09-09,281842.28,1,96.22,3.771,129.3686129,8.442,2011,9,36,3,0,239198.36,237095.82,274721.85,272834.88,248446.84999999998,17672.64503473599,244249.62749999997
33,2011-09-16,262407.57,0,85.79,3.784,129.4306,8.442,2011,9,37,3,0,281842.28,239198.36,242771.37,246277.18,250226.95750000002,21206.690269896888,247888.76249999998
33,2011-09-23,234793.12,0,88.93,3.789,129.5183333,8.442,2011,9,38,3,0,262407.57,281842.28,237095.82,231976.84,255136.0075,21178.271765381207,249886.59916666665
33,2011-09-30,229731.98,0,89.1,3.877,129.6060667,8.442,2011,9,39,3,1,234793.12,262407.57,239198.36,224294.39,254560.3325,21852.663337947524,250560.8291666667
33,2011-10-07,262159.13,0,81.16,3.827,129.6938,8.01,2011,10,40,4,0,229731.98,234793.12,281842.28,266484.19,252193.7375,24431.33565786925,247812.01833333334
33,2011-10-14,272487.33,0,76.49,3.698,129.7706452,8.01,2011,10,41,4,0,262159.13,229731.98,262407.57,251732.92,247272.94999999998,17455.532675024384,247574.99
33,2011-10-21,233543.08,0,81.74,3.842,129.7821613,8.01,2011,10,42,4,0,272487.33,262159.13,234793.12,234175.92,249792.89,20779.755442354133,250372.68000000002
33,2011-10-28,231319.96,0,76.73,3.843,129.7936774,8.01,2011,10,43,4,0,233543.08,272487.33,229731.98,213538.32,249480.38,21087.65265674788,251100.68999999997
33,2011-11-04,236157.12,0,71.91,3.828,129.8051935,8.01,2011,11,44,4,0,231319.96,233543.08,262159.13,246124.61,249877.375,20601.28163983364,250172.65416666665
33,2011-11-11,271961.04,0,58.75,3.677,129.8167097,8.01,2011,11,45,4,0,236157.12,231319.96,272487.33,272803.94,243376.8725,19507.401808768194,246958.92666666667
33,2011-11-18,251294.5,0,63.35,3.669,129.8268333,8.01,2011,11,46,4,0,271961.04,236157.12,233543.08,224639.76,243245.3,19245.630036486382,249391.39916666667
33,2011-11-25,255996.47,1,62.35,3.76,129.8364,8.01,2011,11,47,4,0,251294.5,271961.04,231319.96,240044.57,247683.15499999997,18285.341544631057,250574.62249999997
33,2011-12-02,220060.35,0,59.12,3.701,129.8459667,8.01,2011,12,48,4,0,255996.47,251294.5,236157.12,209986.25,253852.2825,14744.328462696227,251974.465
33,2011-12-09,270373.05,0,47.7,3.644,129.8555333,8.01,2011,12,49,4,0,220060.35,255996.47,271961.04,253050.1,249828.09,21726.98084964511,246825.97083333335
33,2011-12-16,259638.35,0,53.18,3.489,129.8980645,8.01,2011,12,50,4,0,270373.05,220060.35,251294.5,238875.26,249431.09250000003,21195.774485823116,247489.76083333333
33,2011-12-23,256235.19,0,53.39,3.541,129.9845484,8.01,2011,12,51,4,0,259638.35,270373.05,255996.47,249246.8,251517.05500000002,21841.042619467913,249560.19666666666
33,2011-12-30,215359.21,1,51.6,3.428,130.0710323,8.01,2011,12,52,4,0,256235.19,259638.35,220060.35,219804.85,251576.735,21857.682253177725,251768.7975
33,2012-01-06,267058.08,0,60.92,3.443,130.1575161,7.603,2012,1,1,1,0,215359.21,256235.19,270373.05,243948.82,250401.45,24125.89366065113,247868.80416666667
33,2012-01-13,279447.22,0,54.61,3.477,130.244,7.603,2012,1,2,1,0,267058.08,215359.21,259638.35,259527.75,249572.7075,23252.29375528941,247416.36666666667
33,2012-01-20,244899.2,0,55.99,3.66,130.2792258,7.603,2012,1,3,1,0,279447.22,267058.08,256235.19,244856.44,254524.925,27779.36284457973,251241.71166666667
33,2012-01-27,236920.49,0,56.33,3.675,130.3144516,7.603,2012,1,4,1,0,244899.2,279447.22,215359.21,231155.9,251690.9275,28122.840114029597,252373.31500000003
33,2012-02-03,256091.32,0,59.53,3.543,130.3496774,7.603,2012,2,5,1,0,236920.49,244899.2,267058.08,234218.03,257081.2475,19618.293647085553,252436.92916666667
33,2012-02-10,282552.58,1,59.94,3.722,130.3849032,7.603,2012,2,6,1,0,256091.32,236920.49,279447.22,276198.74,254339.5575,18493.31095619552,251114.4525
33,2012-02-17,266300.98,0,57.8,3.781,130.4546207,7.603,2012,2,7,1,0,282552.58,256091.32,244899.2,252349.6,255115.89750000002,19909.602018095255,253719.2925
33,2012-02-24,242526.7,0,59.41,3.95,130.5502069,7.603,2012,2,8,1,0,266300.98,282552.58,236920.49,242901.21,260466.34250000003,19108.40019023084,254578.00166666668
33,2012-03-02,248051.53,0,60.91,3.882,130.6457931,7.603,2012,3,9,1,0,242526.7,266300.98,256091.32,245435.8,261867.89500000002,16881.5390187533,256450.19749999998
33,2012-03-09,287346.29,0,62.2,3.963,130.7413793,7.603,2012,3,10,1,0,248051.53,242526.7,282552.58,270921.44,259857.9475,18223.818171069794,254590.07083333333
33,2012-03-16,278067.73,0,65.99,4.273,130.8261935,7.603,2012,3,11,1,0,287346.29,248051.53,266300.98,247234.47,261056.37499999997,20257.840962557904,256899.06583333333
33,2012-03-23,246970.97,0,60.82,4.288,130.8966452,7.603,2012,3,12,1,0,278067.73,287346.29,242526.7,238084.08,263998.0625,22048.481257842148,258718.44416666668
33,2012-03-30,251327.67,0,71.34,4.294,130.9670968,7.603,2012,3,13,1,0,246970.97,278067.73,248051.53,232769.09,265109.13,20675.03458095599,261352.75749999998
33,2012-04-06,275911.97,0,70.75,4.282,131.0375484,7.396,2012,4,14,2,0,251327.67,246970.97,287346.29,271924.73,265928.165,19821.32532919936,260041.88999999998
33,2012-04-13,312698.67,0,73.17,4.254,131.108,7.396,2012,4,15,2,0,275911.97,251327.67,278067.73,275749.56,263069.58499999996,16195.772892071498,259747.28583333336
33,2012-04-20,261837.2,0,72.94,4.111,131.1173333,7.396,2012,4,16,2,0,312698.67,275911.97,246970.97,248603.3,271727.32,30139.594124064315,265397.24166666664
33,2012-04-27,249798.75,0,83.07,4.088,131.1266667,7.396,2012,4,17,2,0,261837.2,312698.67,251327.67,248561.86,275443.8775,26800.9440852288,267473.6341666667
33,2012-05-04,270497.51,0,82.43,4.058,131.136,7.396,2012,5,18,2,0,249798.75,261837.2,275911.97,257031.19,275061.64749999996,27266.392701121295,266949.25333333336
33,2012-05-11,295841.84,0,81.02,4.186,131.1453333,7.396,2012,5,19,2,0,270497.51,249798.75,312698.67,279466.87,273708.0325,27344.394436442715,265944.6641666666
33,2012-05-18,276899.95,0,89.81,4.308,131.0983226,7.396,2012,5,20,2,0,295841.84,270497.51,261837.2,239206.26,269493.825,19508.503818127574,268406.40249999997
33,2012-05-25,261851.74,0,88.89,4.127,131.0287742,7.396,2012,5,21,2,0,276899.95,295841.84,249798.75,239431.85,273259.5125,18984.645860976514,271270.84
33,2012-06-01,261131.09,0,83.57,4.277,130.9592258,7.396,2012,6,22,2,0,261851.74,276899.95,270497.51,243477.03,276272.76,14429.848575613556,272420.8575
33,2012-06-08,286082.76,0,90.94,4.103,130.8896774,7.396,2012,6,23,2,0,261131.09,261851.74,295841.84,258427.39,273931.155,16316.104433633509,270236.2575
33,2012-06-15,290444.31,0,92.44,4.144,130.8295333,7.396,2012,6,24,2,0,286082.76,261131.09,276899.95,238172.66,271491.385,12143.849855830993,270904.1766666667
33,2012-06-22,261666.29,0,95.75,4.014,130.7929,7.396,2012,6,25,2,0,290444.31,286082.76,261851.74,238433.53,274877.475,15561.894022546508,274526.955
33,2012-06-29,244338.31,0,98.15,3.875,130.7562667,7.396,2012,6,26,2,0,261666.29,290444.31,261131.09,226702.36,274831.1125,15613.825877463865,275388.50666666665
33,2012-07-06,273690.37,0,93.21,3.666,130.7196333,7.147,2012,7,27,3,0,244338.31,261666.29,286082.76,262717.71,270632.9175,21625.56895873241,272757.36833333335
33,2012-07-13,287033.64,0,97.6,3.723,130.683,7.147,2012,7,28,3,0,273690.37,244338.31,290444.31,265003.47,267534.82,19452.962485643762,269506.6766666667
33,2012-07-20,253205.89,0,91.49,3.589,130.7012903,7.147,2012,7,29,3,0,287033.64,273690.37,261666.29,238915.05,266682.15249999997,18144.827823870033,271606.37999999995
33,2012-07-27,249134.32,0,93.95,3.769,130.7195806,7.147,2012,7,30,3,0,253205.89,287033.64,244338.31,224806.96,264567.0525,19375.762458835532,271890.3083333333
33,2012-08-03,258533.12,0,92.13,3.595,130.737871,7.147,2012,8,31,3,0,249134.32,253205.89,273690.37,242456.39,265766.055,17790.23415518457,270110.04250000004
33,2012-08-10,297753.49,0,100.07,3.811,130.7561613,7.147,2012,8,32,3,0,258533.12,249134.32,287033.64,274721.85,261976.7425,17142.173311196148,267000.9825
33,2012-08-17,270097.76,0,96.79,4.002,130.7909677,7.147,2012,8,33,3,0,297753.49,258533.12,253205.89,242771.37,264656.705,22397.626889478586,268738.7775
33,2012-08-24,247672.56,0,89.62,4.055,130.8381613,7.147,2012,8,34,3,0,270097.76,297753.49,249134.32,237095.82,268879.6725,21072.186788635736,269425.9458333333
33,2012-08-31,237129.81,0,94.55,3.886,130.8853548,7.147,2012,8,35,3,1,247672.56,270097.76,258533.12,239198.36,268514.2325,21536.323253435992,268304.4016666667
33,2012-09-07,286428.78,1,92.02,4.124,130.9325484,7.147,2012,9,36,3,0,237129.81,247672.56,297753.49,281842.28,263163.405,26846.93407083501,264224.9891666667
33,2012-09-14,277417.53,0,83.4,3.966,130.9776667,7.147,2012,9,37,3,0,286428.78,237129.81,270097.76,262407.57,260332.22750000004,22173.670846664518,263890.3616666667
33,2012-09-21,252709.58,0,86.53,4.125,131.0103333,7.147,2012,9,38,3,0,277417.53,286428.78,247672.56,234793.12,262162.17000000004,23510.01357396026,265202.965
33,2012-09-28,242813.51,0,86.42,3.966,131.043,7.147,2012,9,39,3,0,252709.58,277417.53,237129.81,229731.98,263421.425,22592.19615914079,265900.57083333336
33,2012-10-05,265444.9,0,85.18,4.132,131.0756667,6.895,2012,10,40,4,0,242813.51,252709.58,286428.78,262159.13,264842.35,20466.09400769793,263327.49916666665
33,2012-10-12,291781.15,0,79.64,4.468,131.1083333,6.895,2012,10,41,4,0,265444.9,242813.51,277417.53,272487.33,259596.38,15065.316825850725,261528.4375
33,2012-10-19,254412.34,0,75.55,4.449,131.1499677,6.895,2012,10,42,4,0,291781.15,265444.9,252709.58,233543.08,263187.28500000003,21194.17334193595,264743.04250000004
33,2012-10-26,253731.13,0,73.7,4.301,131.1930968,6.895,2012,10,43,4,0,254412.34,291781.15,242813.51,231319.96,263612.97500000003,20929.018616311067,265182.8775
34,2011-02-04,971932.87,0,23.82,2.996,127.7195806,10.398,2011,2,5,1,0,836717.75,891025.39,900646.94,956228.96,881750.1025,30305.673114373996,1050846.125
34,2011-02-11,1015654.6,1,28.66,3.033,127.859129,10.398,2011,2,6,1,0,971932.87,836717.75,898610.33,994610.99,899571.585,55559.942408214214,1050196.2991666666
34,2011-02-18,1062629.3,0,45.12,3.058,127.99525,10.398,2011,2,7,1,0,1015654.6,971932.87,891025.39,983963.07,928832.6525,80229.30403239852,1055186.9883333333
34,2011-02-25,953331.45,0,44.57,3.087,128.13,10.398,2011,2,8,1,0,1062629.3,1015654.6,836717.75,905756.13,971733.6299999999,97331.73853586557,1034616.3733333332
34,2011-03-04,963910.81,0,46.21,3.305,128.26475,10.398,2011,3,9,1,0,953331.45,1062629.3,971932.87,918295.79,1000887.0549999999,48751.29262866674,1030601.31
34,2011-03-11,943951.67,0,45.87,3.461,128.3995,10.398,2011,3,10,1,0,963910.81,953331.45,1015654.6,921247.88,998881.54,50474.0035481058,1020372.1258333331
34,2011-03-18,1014218.8,0,55.58,3.495,128.5121935,10.398,2011,3,11,1,0,943951.67,963910.81,1062629.3,892070.82,980955.8075,55056.0400450599,996772.4208333334
34,2011-03-25,922898.38,0,53.11,3.48,128.6160645,10.398,2011,3,12,1,0,1014218.8,943951.67,953331.45,880742.35,968853.1825,31323.451287465872,946228.2999999999
34,2011-04-01,884233.67,0,55.46,3.521,128.7199355,10.581,2011,4,13,2,0,922898.38,1014218.8,963910.81,979428.66,961244.915,39084.747908789985,947960.6908333334
34,2011-04-08,975479.83,0,58.59,3.605,128.8238065,10.581,2011,4,14,2,0,884233.67,922898.38,943951.67,950684.2,941325.63,54526.341517762885,946592.9183333335
34,2011-04-15,941829.0,0,53.3,3.724,128.9107333,10.581,2011,4,15,2,0,975479.83,884233.67,1014218.8,923344.54,949207.67,57243.55227518966,952998.7100000001
34,2011-04-22,1051518.45,0,63.83,3.781,128.9553,10.581,2011,4,16,2,0,941829.0,975479.83,922898.38,910240.68,931110.22,38071.860966375854,957232.3441666667
34,2011-04-29,895973.02,0,57.73,3.781,128.9998667,10.581,2011,4,17,2,0,1051518.45,941829.0,884233.67,859922.19,963265.2375,69864.93332656268,975132.4025
34,2011-05-06,965853.58,0,54.4,3.866,129.0444333,10.581,2011,5,18,2,0,895973.02,1051518.45,975479.83,953495.48,966200.075,65551.83067906335,968802.4149999999
34,2011-05-13,966232.69,0,63.05,3.872,129.089,10.581,2011,5,19,2,0,965853.58,895973.02,941829.0,933924.44,963793.5125,65273.69952691297,964652.33
34,2011-05-20,945018.83,0,61.47,3.881,129.0756774,10.581,2011,5,20,2,0,966232.69,965853.58,1051518.45,913616.32,969894.4349999999,63656.87264781121,956619.2791666668
34,2011-05-27,941311.83,0,65.99,3.771,129.0623548,10.581,2011,5,21,2,0,945018.83,966232.69,895973.02,942868.38,943269.53,33052.31177118445,955926.5608333334
34,2011-06-03,947229.24,0,74.64,3.683,129.0490323,10.581,2011,6,22,2,0,941311.83,945018.83,965853.58,966187.51,954604.2324999999,13295.82325788303,954043.3125
34,2011-06-10,943912.77,0,74.57,3.64,129.0357097,10.581,2011,6,23,2,0,947229.24,941311.83,966232.69,954681.56,949948.1475,11127.487488272787,954316.4433333332
34,2011-06-17,968258.09,0,76.58,3.618,129.0432,10.581,2011,6,24,2,0,943912.77,947229.24,945018.83,941612.04,944368.1675,2460.1953402537806,948457.6075
34,2011-06-24,923795.04,0,77.16,3.57,129.0663,10.581,2011,6,25,2,0,968258.09,943912.77,941311.83,895800.07,950177.9824999999,12294.265836380799,952237.5833333334
34,2011-07-01,911106.22,0,81.96,3.504,129.0894,10.641,2011,7,26,3,0,923795.04,968258.09,947229.24,919229.36,945798.7849999999,18204.289139246237,955534.3641666666
34,2011-07-08,926934.57,0,80.84,3.469,129.1125,10.641,2011,7,27,3,0,911106.22,923795.04,943912.77,911210.81,936768.03,24963.29405672766,950169.8966666666
34,2011-07-15,903882.96,0,78.09,3.563,129.1338387,10.641,2011,7,28,3,0,926934.57,911106.22,968258.09,930269.79,932523.48,24786.30641827578,948928.6941666667
34,2011-07-22,913236.62,0,80.75,3.627,129.1507742,10.641,2011,7,29,3,0,903882.96,926934.57,923795.04,902050.95,916429.6975,10806.798029806901,936625.7366666667
34,2011-07-29,851461.9,0,78.04,3.659,129.1677097,10.641,2011,7,30,3,0,913236.62,903882.96,911106.22,875976.83,913790.0925,9633.9342348756,938064.3700000001
34,2011-08-05,942236.45,0,76.71,3.662,129.1846452,10.641,2011,8,31,3,0,851461.9,913236.62,926934.57,987435.35,898879.0125,32998.36990004701,928531.73
34,2011-08-12,956251.18,0,80.23,3.617,129.2015806,10.641,2011,8,32,3,0,942236.45,851461.9,903882.96,951208.65,902704.4825,37863.32194101995,926532.0433333333
34,2011-08-19,960418.54,0,77.08,3.55,129.2405806,10.641,2011,8,33,3,0,956251.18,942236.45,913236.62,985152.94,915796.5375000001,46479.909038473525,927468.0725000001
34,2011-08-26,871404.6,0,77.27,3.523,129.2832581,10.641,2011,8,34,3,0,960418.54,956251.18,851461.9,855421.39,927592.0175000001,51345.828679831655,929060.2983333333
34,2011-09-02,926455.64,0,78.24,3.533,129.3259355,10.641,2011,9,35,3,0,871404.6,960418.54,942236.45,964356.74,932577.6925,41517.00712715557,922741.5783333335
34,2011-09-09,930506.14,1,70.05,3.554,129.3686129,10.641,2011,9,36,3,0,926455.64,871404.6,956251.18,932240.96,928632.49,41040.28541849177,921286.8174999999
34,2011-09-16,927249.61,0,64.94,3.532,129.4306,10.641,2011,9,37,3,0,930506.14,926455.64,960418.54,885445.47,922196.2300000001,37094.167724634004,918140.8216666667
34,2011-09-23,902852.73,0,66.23,3.473,129.5183333,10.641,2011,9,38,3,0,927249.61,930506.14,871404.6,867539.07,913903.9974999999,28387.080546743764,918428.7025
34,2011-09-30,871847.85,0,69.44,3.371,129.6060667,10.641,2011,9,39,3,1,902852.73,927249.61,926455.64,865709.11,921766.03,12730.076345296562,917740.9116666666
34,2011-10-07,954069.45,0,60.42,3.299,129.6938,10.148,2011,10,40,4,0,871847.85,902852.73,930506.14,931710.67,908114.0825,27144.6379091745,913150.3516666666
34,2011-10-14,911788.79,0,54.72,3.283,129.7706452,10.148,2011,10,41,4,0,954069.45,871847.85,927249.61,888703.62,914004.9099999999,35034.16556305321,917332.5591666667
34,2011-10-21,953693.23,0,58.93,3.361,129.7821613,10.148,2011,10,42,4,0,911788.79,954069.45,902852.73,936293.6,910139.705,33921.026621131765,917211.9066666666
34,2011-10-28,958063.87,0,54.56,3.362,129.7936774,10.148,2011,10,43,4,0,953693.23,911788.79,871847.85,926294.02,922849.83,39368.043581510035,925731.1841666667
34,2011-11-04,992621.93,0,48.04,3.322,129.8051935,10.148,2011,11,44,4,0,958063.87,953693.23,954069.45,972292.31,944403.835,21833.11467586184,927050.1358333332
34,2011-11-11,991570.02,0,41.04,3.286,129.8167097,10.148,2011,11,45,4,0,992621.93,958063.87,911788.79,979730.78,954041.9550000001,33116.16842224332,930081.0316666666
34,2011-11-18,947552.44,0,46.0,3.294,129.8268333,10.148,2011,11,46,4,0,991570.02,992621.93,953693.23,955766.33,973987.2625000001,20990.524671541938,932676.9883333334
34,2011-11-25,1345595.82,1,45.99,3.225,129.8364,10.148,2011,11,47,4,0,947552.44,991570.02,958063.87,1309476.68,972452.0650000001,23089.18316729912,939022.6416666666
34,2011-12-02,988742.08,0,39.75,3.176,129.8459667,10.148,2011,12,48,4,0,1345595.82,947552.44,992621.93,1001512.21,1069335.0525,185367.49068668988,973950.9900000001
34,2011-12-09,1084243.91,0,24.69,3.153,129.8555333,10.148,2011,12,49,4,0,988742.08,1345595.82,991570.02,1086661.02,1068365.0899999999,185912.0585600625,978803.985
34,2011-12-16,1151052.86,0,32.31,3.149,129.8980645,10.148,2011,12,50,4,0,1084243.91,988742.08,947552.44,1227148.13,1091533.5625,178789.84146242263,991886.8433333334
34,2011-12-23,1593655.96,0,32.45,3.103,129.9845484,10.148,2011,12,51,4,0,1151052.86,1084243.91,1345595.82,1620748.25,1142408.6675,150948.44609332006,1012570.1875
34,2011-12-30,965512.36,1,28.84,3.119,130.0710323,10.148,2011,12,52,4,0,1593655.96,1151052.86,988742.08,902109.69,1204423.7025,267900.44289952255,1072720.8633333333
34,2012-01-06,953844.85,0,36.39,3.158,130.1575161,9.653,2012,1,1,1,0,965512.36,1593655.96,1084243.91,900646.94,1198616.2725,274309.4993101656,1073674.4391666667
34,2012-01-13,913755.12,0,33.99,3.263,130.244,9.653,2012,1,2,1,0,953844.85,965512.36,1151052.86,898610.33,1166016.5075,299064.1723175828,1077179.1108333333
34,2012-01-20,910899.05,0,39.28,3.273,130.2792258,9.653,2012,1,3,1,0,913755.12,953844.85,1593655.96,891025.39,1106692.0725,325398.46343452355,1073850.9349999998
34,2012-01-27,872450.37,0,39.81,3.29,130.3144516,9.653,2012,1,4,1,0,910899.05,913755.12,965512.36,836717.75,936002.845,27774.751178203653,1069920.5333333334
34,2012-02-03,939367.14,0,38.64,3.354,130.3496774,9.653,2012,2,5,1,0,872450.37,910899.05,953844.85,971932.87,912737.3474999999,33252.98240475997,1059906.2366666666
34,2012-02-10,1047658.09,1,36.7,3.411,130.3849032,9.653,2012,2,6,1,0,939367.14,872450.37,913755.12,1015654.6,909117.92,27593.481002635184,1055555.9966666666
34,2012-02-17,1123446.51,0,37.25,3.493,130.4546207,9.653,2012,2,7,1,0,1047658.09,939367.14,910899.05,1062629.3,942593.6625000001,75218.73507225869,1063898.1341666665
34,2012-02-24,950154.24,0,39.89,3.541,130.5502069,9.653,2012,2,8,1,0,1123446.51,1047658.09,872450.37,953331.45,995730.5275,111628.36051952619,1045385.6916666665
34,2012-03-02,990263.7,0,42.74,3.619,130.6457931,9.653,2012,3,9,1,0,950154.24,1123446.51,939367.14,963910.81,1015156.4950000001,87086.93073139717,1042170.0383333332
34,2012-03-09,976393.43,0,42.7,3.667,130.7413793,9.653,2012,3,10,1,0,990263.7,950154.24,1047658.09,943951.67,1027880.635,75233.88081904557,1034338.3541666666
34,2012-03-16,999298.43,0,48.09,3.707,130.8261935,9.653,2012,3,11,1,0,976393.43,990263.7,1123446.51,1014218.8,1010064.4700000001,77396.2360852456,1019783.4016666667
34,2012-03-23,945143.33,0,47.93,3.759,130.8966452,9.653,2012,3,12,1,0,999298.43,976393.43,950154.24,922898.38,979027.45,21430.245458912566,970253.6075
34,2012-03-30,938861.77,0,59.29,3.82,130.9670968,9.653,2012,3,13,1,0,945143.33,999298.43,990263.7,884233.67,977774.7224999999,23706.259996050325,968556.1883333334
34,2012-04-06,1091020.37,0,54.42,3.864,131.0375484,9.575,2012,4,14,2,0,938861.77,945143.33,976393.43,975479.83,964924.24,28187.846082674103,967307.5983333333
34,2012-04-13,987353.65,0,59.12,3.881,131.108,9.575,2012,4,15,2,0,1091020.37,938861.77,999298.43,941829.0,993580.975,70397.73158897807,982079.7025
34,2012-04-20,977628.78,0,55.34,3.864,131.1173333,9.575,2012,4,16,2,0,987353.65,1091020.37,945143.33,1051518.45,990594.7799999999,70327.66805292663,988450.9191666666
34,2012-04-27,940299.87,0,66.49,3.81,131.1266667,9.575,2012,4,17,2,0,977628.78,987353.65,938861.77,895973.02,998716.1425000001,65003.58814393699,997215.7866666667
34,2012-05-04,991104.4,0,65.04,3.747,131.136,9.575,2012,5,18,2,0,940299.87,977628.78,1091020.37,965853.58,999075.6675,64564.68943956586,997293.5141666667
34,2012-05-11,949625.52,0,61.92,3.685,131.1453333,9.575,2012,5,19,2,0,991104.4,940299.87,987353.65,966232.69,974096.675,23235.819257959265,992580.7066666667
34,2012-05-18,998672.85,0,64.97,3.62,131.0983226,9.575,2012,5,20,2,0,949625.52,991104.4,977628.78,945018.83,964664.6425000001,23713.19592073062,978095.6241666666
34,2012-05-25,1015737.61,0,72.42,3.551,131.0287742,9.575,2012,5,21,2,0,998672.85,949625.52,940299.87,941311.83,969925.6599999999,29238.80456988491,982138.8416666667
34,2012-06-01,977062.44,0,70.41,3.483,130.9592258,9.575,2012,6,22,2,0,1015737.61,998672.85,991104.4,947229.24,988785.095,28065.73981226451,984261.6675
34,2012-06-08,999511.29,0,75.35,3.433,130.8896774,9.575,2012,6,23,2,0,977062.44,1015737.61,949625.52,943912.77,985274.605,28552.9015340228,984317.4183333333
34,2012-06-15,982345.51,0,76.48,3.372,130.8295333,9.575,2012,6,24,2,0,999511.29,977062.44,998672.85,968258.09,997746.0475,15869.078784053845,984335.1566666666
34,2012-06-22,1000285.1,0,78.85,3.329,130.7929,9.575,2012,6,25,2,0,982345.51,999511.29,1015737.61,923795.04,993664.2124999999,17560.894708694304,987435.3383333334
34,2012-06-29,942970.63,0,81.91,3.257,130.7562667,9.575,2012,6,26,2,0,1000285.1,982345.51,977062.44,911106.22,989801.085,11861.159677411899,992553.9491666667
34,2012-07-06,1007867.68,0,77.95,3.187,130.7196333,9.285,2012,7,27,3,0,942970.63,1000285.1,999511.29,926934.57,981278.1325,26847.20276230656,980216.4708333332
34,2012-07-13,954677.75,0,74.02,3.224,130.683,9.285,2012,7,28,3,0,1007867.68,942970.63,982345.51,903882.96,983367.23,28979.392556654904,981925.9733333333
34,2012-07-20,950929.59,0,77.7,3.263,130.7012903,9.285,2012,7,29,3,0,954677.75,1007867.68,1000285.1,913236.62,976450.29,32404.123677477415,980013.3874999998
34,2012-07-27,917883.79,0,77.3,3.356,130.7195806,9.285,2012,7,30,3,0,950929.59,954677.75,942970.63,851461.9,964111.4125,29576.443683161706,980899.1975000001
34,2012-08-03,973250.41,0,78.93,3.374,130.737871,9.285,2012,8,31,3,0,917883.79,950929.59,1007867.68,942236.45,957839.7025,37224.638233404614,974797.48
34,2012-08-10,1004523.59,0,78.26,3.476,130.7561613,9.285,2012,8,32,3,0,973250.41,917883.79,954677.75,956251.18,949185.385,23037.097633819707,976766.2208333333
34,2012-08-17,1013820.86,0,77.78,3.552,130.7909677,9.285,2012,8,33,3,0,1004523.59,973250.41,950929.59,960418.54,961646.845,36529.08667611215,977253.7825000001
34,2012-08-24,926250.21,0,72.44,3.61,130.8381613,9.285,2012,8,34,3,0,1013820.86,1004523.59,917883.79,871404.6,977369.6625000001,43288.03855610546,977094.0533333332
34,2012-08-31,933487.71,0,75.89,3.646,130.8853548,9.285,2012,8,35,3,1,926250.21,1013820.86,973250.41,926455.64,979461.2675000001,39491.31970874112,972859.7008333333
34,2012-09-07,976415.56,1,78.26,3.709,130.9325484,9.285,2012,9,36,3,0,933487.71,926250.21,1004523.59,930506.14,969520.5925,46037.73147289832,967357.7358333333
34,2012-09-14,955211.7,0,64.28,3.706,130.9776667,9.285,2012,9,37,3,0,976415.56,933487.71,1013820.86,927249.61,962493.585,40756.32287442423,966863.5733333332
34,2012-09-21,943047.78,0,66.08,3.721,131.0103333,9.285,2012,9,38,3,0,955211.7,976415.56,926250.21,902852.73,947841.2949999999,22679.005298471082,963107.4566666667
34,2012-09-28,928629.31,0,67.06,3.666,131.043,9.285,2012,9,39,3,0,943047.78,955211.7,933487.71,871847.85,952040.6875,18522.73458110317,963113.8858333334
34,2012-10-05,968896.68,0,65.41,3.62,131.0756667,8.839,2012,10,40,4,0,928629.31,943047.78,976415.56,954069.45,950826.0874999999,20225.839074296266,956510.6883333334
34,2012-10-12,948613.39,0,59.94,3.603,131.1083333,8.839,2012,10,41,4,0,968896.68,928629.31,955211.7,911788.79,948946.3675,17174.06494433977,957695.5991666667
34,2012-10-19,963516.28,0,58.47,3.61,131.1499677,8.839,2012,10,42,4,0,948613.39,968896.68,943047.78,953693.23,947296.79,16681.50252128721,957502.5824999999
34,2012-10-26,956987.81,0,57.95,3.514,131.1930968,8.839,2012,10,43,4,0,963516.28,948613.39,928629.31,958063.87,952413.915,18028.63903091051,961305.29
35,2011-02-04,747577.05,0,28.7,3.231,137.0542431,8.549,2011,2,5,1,0,633289.78,659902.07,649289.75,1230613.5,657538.095,22873.44208673846,990959.955
35,2011-02-11,859258.17,1,30.45,3.239,137.1378318,8.549,2011,2,6,1,0,747577.05,633289.78,687670.78,1168815.31,682109.92,48967.550294784356,980681.8183333334
35,2011-02-18,865305.88,0,39.32,3.245,137.2511849,8.549,2011,2,7,1,0,859258.17,747577.05,659902.07,1270658.64,725006.7675000001,101953.3948396467,981715.8033333333
35,2011-02-25,841129.26,0,33.05,3.274,137.3764439,8.549,2011,2,8,1,0,865305.88,859258.17,633289.78,1020651.74,776357.7200000001,109667.7135700976,905335.7116666668
35,2011-03-04,850448.54,0,36.99,3.433,137.5017028,8.549,2011,3,9,1,0,841129.26,865305.88,747577.05,1162610.27,828317.59,54798.49990507477,893546.5766666667
35,2011-03-11,830601.39,0,43.64,3.582,137.6269617,8.549,2011,3,10,1,0,850448.54,841129.26,859258.17,1150344.39,854035.4625,10547.275481459335,872035.6058333333
35,2011-03-18,800662.82,0,46.65,3.631,137.7398929,8.549,2011,3,11,1,0,830601.39,850448.54,865305.88,1117536.09,846871.2675,14723.126712284562,831670.105
35,2011-03-25,762184.1,0,40.11,3.625,137.8478929,8.549,2011,3,12,1,0,800662.82,830601.39,841129.26,1078900.44,830710.5025,21610.30434269824,750122.295
35,2011-04-01,762620.94,0,37.27,3.638,137.9558929,8.512,2011,4,13,2,0,762184.1,800662.82,850448.54,1189556.47,810974.2125,38428.49863163136,765609.9658333333
35,2011-04-08,813352.41,0,46.87,3.72,138.0638929,8.512,2011,4,14,2,0,762620.94,762184.1,830601.39,1198014.97,789017.3125,33073.872471009614,775054.2316666666
35,2011-04-15,795157.2,0,52.24,3.821,138.1646952,8.512,2011,4,15,2,0,813352.41,762620.94,800662.82,1084487.55,784705.0675,26269.264434152017,785527.7008333333
35,2011-04-22,841778.34,0,50.02,3.892,138.2475036,8.512,2011,4,16,2,0,795157.2,813352.41,762184.1,1110827.48,783328.6625,25280.044882505048,796798.9616666668
35,2011-04-29,811824.06,0,61.71,3.962,138.3303119,8.512,2011,4,17,2,0,841778.34,795157.2,762620.94,1096930.65,803227.2224999999,33179.830841580355,814173.0083333334
35,2011-05-06,835181.18,0,56.48,4.046,138.4131202,8.512,2011,5,18,2,0,811824.06,841778.34,813352.41,1182099.88,815528.0025,19343.407198368543,819526.9258333333
35,2011-05-13,826155.95,0,60.07,4.066,138.4959286,8.512,2011,5,19,2,0,835181.18,811824.06,795157.2,1104277.57,820985.195,21485.596643006586,817520.5100000001
35,2011-05-20,776838.56,0,60.22,4.062,138.587106,8.512,2011,5,20,2,0,826155.95,835181.18,841778.34,1078182.18,828734.8825000001,12965.509958826891,814258.0158333333
35,2011-05-27,850708.6,0,66.43,3.985,138.6782834,8.512,2011,5,21,2,0,776838.56,826155.95,811824.06,1223777.48,812499.9375000001,25645.766995320966,808900.4575
35,2011-06-03,955466.84,0,74.17,3.922,138.7694608,8.512,2011,6,22,2,0,850708.6,776838.56,835181.18,1282378.71,822221.0725,31909.033784734067,808922.1291666668
35,2011-06-10,855130.21,0,73.26,3.881,138.8606382,8.512,2011,6,23,2,0,955466.84,850708.6,826155.95,1160412.71,852292.4875,75330.09465251263,819327.5833333334
35,2011-06-17,828594.86,0,67.03,3.842,139.0028333,8.512,2011,6,24,2,0,855130.21,955466.84,776838.56,1198025.76,859536.0525,73346.04425127676,823866.5324999999
35,2011-06-24,849397.57,0,72.02,3.804,139.1832917,8.512,2011,6,25,2,0,828594.86,855130.21,850708.6,1230245.74,872475.1275,56532.38040286524,829400.7625000001
35,2011-07-01,874453.88,0,73.76,3.748,139.36375,8.684,2011,7,26,3,0,849397.57,828594.86,955466.84,1245827.08,872147.37,56704.180747939885,836632.1483333334
35,2011-07-08,827717.85,0,76.87,3.711,139.5442083,8.684,2011,7,27,3,0,874453.88,849397.57,855130.21,1268766.76,851894.1299999999,18872.40779722133,841723.9375
35,2011-07-15,813845.5,0,77.83,3.76,139.7006325,8.684,2011,7,28,3,0,827717.85,874453.88,828594.86,1124414.87,845041.0399999999,22020.17452908008,844437.3249999998
35,2011-07-22,820188.42,0,82.28,3.811,139.7969712,8.684,2011,7,29,3,0,813845.5,827717.85,849397.57,1121756.43,841353.7,26476.173144107168,842109.5883333333
35,2011-07-29,770820.27,0,79.41,3.829,139.8933099,8.684,2011,7,30,3,0,820188.42,813845.5,874453.88,1139131.78,834051.4125000001,27525.351072790276,842806.6183333333
35,2011-08-05,826820.71,0,78.14,3.842,139.9896486,8.684,2011,8,31,3,0,770820.27,820188.42,827717.85,1180183.39,808143.01,25519.741223868827,837443.2091666666
35,2011-08-12,819911.89,0,76.67,3.812,140.0859873,8.684,2011,8,32,3,0,826820.71,770820.27,813845.5,1090587.5,807918.7250000001,25293.296065816772,837498.6058333333
35,2011-08-19,820288.35,0,72.97,3.747,140.1289205,8.684,2011,8,33,3,0,819911.89,826820.71,820188.42,1033719.5,809435.3225,25940.71157163174,841088.0499999999
35,2011-08-26,897037.25,0,72.88,3.704,140.1629528,8.684,2011,8,34,3,0,820288.35,819911.89,770820.27,917693.06,809460.305,25954.563851069874,838553.0291666667
35,2011-09-02,813486.55,0,71.44,3.703,140.196985,8.684,2011,9,35,3,0,897037.25,820288.35,826820.71,948660.79,841014.55,37482.91003799626,833683.8966666666
35,2011-09-09,922440.64,1,70.93,3.738,140.2310173,8.684,2011,9,36,3,0,813486.55,897037.25,819911.89,961685.98,837681.01,39693.75000793598,830213.5916666668
35,2011-09-16,738792.11,0,69.65,3.742,140.2735,8.684,2011,9,37,3,0,922440.64,813486.55,820288.35,831443.61,863313.1975,54672.352784868875,838034.0733333332
35,2011-09-23,705802.45,0,63.61,3.711,140.32725,8.684,2011,9,38,3,0,738792.11,922440.64,897037.25,758069.78,842939.1375,83588.58160328964,828816.9516666667
35,2011-09-30,749676.95,0,70.92,3.645,140.381,8.684,2011,9,39,3,1,705802.45,738792.11,813486.55,771065.21,795130.4375,96087.34051719014,814762.6658333334
35,2011-10-07,791637.53,0,56.91,3.583,140.43475,8.745,2011,10,40,4,0,749676.95,705802.45,922440.64,874615.32,779178.0375000001,97313.04712072155,808259.2575
35,2011-10-14,772859.25,0,64.78,3.541,140.4784194,8.745,2011,10,41,4,0,791637.53,749676.95,738792.11,798376.99,746477.26,35417.46133206884,806408.5933333334
35,2011-10-21,811328.4,0,59.62,3.57,140.4616048,8.745,2011,10,42,4,0,772859.25,791637.53,705802.45,827705.82,754994.0449999999,37013.488804841996,802464.4958333335
35,2011-10-28,808821.5,0,51.81,3.569,140.4447903,8.745,2011,10,43,4,0,811328.4,772859.25,749676.95,857797.33,781375.5325,26330.02129566125,805840.1733333333
35,2011-11-04,653468.75,0,44.46,3.551,140.4279758,8.745,2011,11,44,4,0,808821.5,811328.4,791637.53,843755.12,796161.6699999999,17830.419840972874,804340.2391666668
35,2011-11-11,880576.33,0,49.69,3.53,140.4111613,8.745,2011,11,45,4,0,653468.75,808821.5,772859.25,870914.69,761619.475,74211.2306164655,790469.9775
35,2011-11-18,820964.1,0,51.42,3.53,140.4127857,8.745,2011,11,46,4,0,880576.33,653468.75,811328.4,846850.35,788548.745,95995.79630959463,795493.9758333334
35,2011-11-25,1733822.4,1,47.88,3.492,140.4217857,8.745,2011,11,47,4,0,820964.1,880576.33,808821.5,1781866.98,790957.67,96874.84986065622,789154.5466666667
35,2011-12-02,903606.03,0,50.55,3.452,140.4307857,8.745,2011,12,48,4,0,1733822.4,820964.1,653468.75,982598.88,1022207.895,484053.13964897016,865849.2008333333
35,2011-12-09,948964.99,0,46.28,3.415,140.4397857,8.745,2011,12,49,4,0,903606.03,1733822.4,880576.33,1108580.19,1084742.215,434119.0338400955,864279.65
35,2011-12-16,1115255.65,0,40.68,3.413,140.4700795,8.745,2011,12,50,4,0,948964.99,903606.03,820964.1,1314987.4,1101839.38,424641.22136751807,881794.0566666666
35,2011-12-23,1550214.02,0,41.59,3.389,140.528765,8.745,2011,12,51,4,0,1115255.65,948964.99,1733822.4,1779236.54,1175412.2675,383230.86816294637,915915.1566666666
35,2011-12-30,904650.55,1,37.85,3.389,140.5874505,8.745,2011,12,52,4,0,1550214.02,1115255.65,903606.03,576332.05,1129510.1724999999,294858.25025799783,982626.5791666667
35,2012-01-06,671708.09,0,35.8,3.422,140.6461359,8.744,2012,1,1,1,0,904650.55,1550214.02,948964.99,649289.75,1129771.3025,294591.84120423225,992044.3308333332
35,2012-01-13,625135.11,0,41.3,3.513,140.7048214,8.744,2012,1,2,1,0,671708.09,904650.55,1115255.65,687670.78,1060457.0775,373392.6421203595,983615.0674999999
35,2012-01-20,669850.04,0,30.35,3.533,140.8086118,8.744,2012,1,3,1,0,625135.11,671708.09,1550214.02,659902.07,937926.9425,426111.87555868813,968098.96
35,2012-01-27,588722.99,0,36.96,3.567,140.9124021,8.744,2012,1,4,1,0,669850.04,625135.11,904650.55,633289.78,717835.9475,126390.35767094936,956518.0049999999
35,2012-02-03,746901.03,0,42.52,3.617,141.0161924,8.744,2012,2,5,1,0,588722.99,669850.04,671708.09,747577.05,638854.0575,39755.384674476,951122.5249999999
35,2012-02-10,849779.14,1,37.86,3.64,141.1199827,8.744,2012,2,6,1,0,746901.03,588722.99,625135.11,859258.17,657652.2925,68124.24455921336,939982.9166666666
35,2012-02-17,824568.39,0,37.24,3.695,141.2140357,8.744,2012,2,7,1,0,849779.14,746901.03,669850.04,865305.88,713813.3,111298.19017573219,942384.1699999999
35,2012-02-24,805028.74,0,41.74,3.739,141.3007857,8.744,2012,2,8,1,0,824568.39,849779.14,588722.99,841129.26,752492.8875,117631.26169458567,866613.0025000001
35,2012-03-02,766571.1,0,40.07,3.816,141.3875357,8.744,2012,3,9,1,0,805028.74,824568.39,746901.03,850448.54,806569.325,43793.961849993175,858398.2283333334
35,2012-03-09,796351.35,0,44.32,3.848,141.4742857,8.744,2012,3,10,1,0,766571.1,805028.74,849779.14,830601.39,811486.8425,35102.50677206381,843198.7374999999
35,2012-03-16,793045.82,0,49.6,3.862,141.55478,8.744,2012,3,11,1,0,796351.35,766571.1,824568.39,800662.82,798129.895,24122.664614882822,816623.3791666665
35,2012-03-23,760671.1,0,57.3,3.9,141.6269332,8.744,2012,3,12,1,0,793045.82,796351.35,805028.74,762184.1,790249.2525000001,16574.52402791423,753526.0291666667
35,2012-03-30,744525.69,0,49.4,3.953,141.6990864,8.744,2012,3,13,1,0,760671.1,793045.82,766571.1,762620.94,779159.8425,18153.77222704134,741527.7416666667
35,2012-04-06,860293.46,0,48.73,3.996,141.7712396,8.876,2012,4,14,2,0,744525.69,760671.1,796351.35,813352.41,773648.49,25220.53656816742,747595.875
35,2012-04-13,788633.42,0,52.22,4.044,141.8433929,8.876,2012,4,15,2,0,860293.46,744525.69,793045.82,795157.2,789634.0175000001,51244.54120738818,767192.4041666667
35,2012-04-20,794660.24,0,62.62,4.027,141.9015262,8.876,2012,4,16,2,0,788633.42,860293.46,760671.1,841778.34,788530.9175,51194.08328861554,777091.0191666665
35,2012-04-27,721212.45,0,52.33,4.004,141.9596595,8.876,2012,4,17,2,0,794660.24,788633.42,744525.69,811824.06,797028.2025,47732.19125138342,794252.4566666665
35,2012-05-04,772036.6,0,53.68,3.951,142.0177929,8.876,2012,5,18,2,0,721212.45,794660.24,860293.46,835181.18,791199.8925000001,56835.21198306589,792111.7416666667
35,2012-05-11,802383.63,0,58.97,3.889,142.0759262,8.876,2012,5,19,2,0,772036.6,721212.45,788633.42,826155.95,769135.6775,33350.24407096418,785633.1966666667
35,2012-05-18,819196.68,0,65.15,3.848,142.0970115,8.876,2012,5,20,2,0,802383.63,772036.6,794660.24,776838.56,772573.23,36581.93385112193,783784.4666666667
35,2012-05-25,822167.17,0,64.77,3.798,142.1032776,8.876,2012,5,21,2,0,819196.68,802383.63,721212.45,850708.6,778707.3400000001,43012.07005038472,784965.1283333334
35,2012-06-01,932195.52,0,73.4,3.742,142.1095438,8.876,2012,6,22,2,0,822167.17,819196.68,772036.6,955466.84,803946.02,22987.279707154514,789598.1341666668
35,2012-06-08,873415.01,0,64.05,3.689,142.1158099,8.876,2012,6,23,2,0,932195.52,822167.17,802383.63,855130.21,843985.7500000001,59448.15202237707,800918.4816666666
35,2012-06-15,848289.41,0,69.52,3.62,142.1292548,8.876,2012,6,24,2,0,873415.01,932195.52,819196.68,828594.86,861743.595,53154.58291970724,807615.9141666667
35,2012-06-22,911696.0,0,73.23,3.564,142.1606464,8.876,2012,6,25,2,0,848289.41,873415.01,822167.17,849397.57,869016.7775000001,47029.80416497568,814917.44
35,2012-06-29,892133.41,0,73.94,3.506,142.1920381,8.876,2012,6,26,2,0,911696.0,848289.41,932195.52,874453.88,891398.985,37674.85854605679,828848.2991666667
35,2012-07-06,985479.64,0,82.08,3.475,142.2234298,8.839,2012,7,27,3,0,892133.41,911696.0,873415.01,827717.85,881383.4575,27037.775099895083,831501.6283333334
35,2012-07-13,825763.48,0,78.95,3.523,142.2548214,8.839,2012,7,28,3,0,985479.64,892133.41,848289.41,813845.5,909399.615,57230.59373654212,847905.4800000001
35,2012-07-20,841224.74,0,78.64,3.567,142.2337569,8.839,2012,7,29,3,0,825763.48,985479.64,911696.0,820188.42,903768.1325000001,65725.98197647657,850497.4166666666
35,2012-07-27,808030.15,0,76.01,3.647,142.2126924,8.839,2012,7,30,3,0,841224.74,825763.48,892133.41,770820.27,886150.3175,72034.68923865995,860498.4408333333
35,2012-08-03,866216.36,0,75.22,3.654,142.1916279,8.839,2012,8,31,3,0,808030.15,841224.74,985479.64,826820.71,865124.5025,81374.8793134558,863497.9033333333
35,2012-08-10,888368.8,0,78.44,3.722,142.1705634,8.839,2012,8,32,3,0,866216.36,808030.15,825763.48,819911.89,835308.6825000001,24667.883917523293,868817.2975
35,2012-08-17,887979.47,0,76.51,3.807,142.2157385,8.839,2012,8,33,3,0,888368.8,866216.36,841224.74,820288.35,850960.0125,34496.00047434226,874581.6408333333
35,2012-08-24,895274.72,0,72.93,3.834,142.3105933,8.839,2012,8,34,3,0,887979.47,888368.8,808030.15,897037.25,862648.6950000001,37855.36357761088,880065.9991666666
35,2012-08-31,931278.97,0,75.0,3.867,142.4054482,8.839,2012,8,35,3,1,895274.72,887979.47,866216.36,813486.55,884459.8375,12615.518955394751,876989.2658333333
35,2012-09-07,984833.35,1,76.0,3.911,142.500303,8.839,2012,9,36,3,0,931278.97,895274.72,888368.8,922440.64,900725.49,20642.79412045401,881811.2625000001
35,2012-09-14,821568.64,0,68.72,3.948,142.5938833,8.839,2012,9,37,3,0,984833.35,931278.97,887979.47,738792.11,924841.6275,44247.285497328616,893189.9241666667
35,2012-09-21,772302.94,0,66.1,4.038,142.6798167,8.839,2012,9,38,3,0,821568.64,984833.35,895274.72,705802.45,908238.92,68501.48058726995,885679.3108333334
35,2012-09-28,814099.86,0,64.92,3.997,142.76575,8.839,2012,9,39,3,0,772302.94,821568.64,931278.97,749676.95,877495.975,97651.35949859674,875693.4383333334
35,2012-10-05,866064.4,0,64.5,3.985,142.8516833,8.665,2012,10,40,4,0,814099.86,772302.94,984833.35,791637.53,848201.1974999999,93632.41056848777,861411.7899999999
35,2012-10-12,873643.14,0,55.4,4.0,142.9376167,8.665,2012,10,41,4,0,866064.4,814099.86,821568.64,772859.25,818508.96,38407.10855360231,864770.2000000001
35,2012-10-19,829284.67,0,56.53,3.969,142.8633629,8.665,2012,10,42,4,0,873643.14,866064.4,772302.94,811328.4,831527.585,47531.728832265755,867471.7333333334
35,2012-10-26,865137.6,0,58.99,3.882,142.7624113,8.665,2012,10,43,4,0,829284.67,873643.14,814099.86,808821.5,845773.0175000001,28656.229347358047,869242.9433333334
36,2011-02-04,417521.7,0,46.68,2.98,211.3333753,8.395,2011,2,5,1,0,372174.12,399191.05,384659.85,467546.74,391630.6875,16735.939055036553,397438.7341666667
36,2011-02-11,401501.2,1,41.16,3.009,211.6985093,8.395,2011,2,6,1,0,417521.7,372174.12,410497.73,469563.7,399846.15,19933.653492104033,396748.47583333333
36,2011-02-18,427175.03,0,57.48,3.017,212.0063522,8.395,2011,2,7,1,0,401501.2,417521.7,399191.05,470281.03,397597.0175,18806.91602067079,395905.60000000003
36,2011-02-25,380279.44,0,67.73,3.053,212.2912786,8.395,2011,2,8,1,0,427175.03,401501.2,372174.12,447519.44,404593.0125,24066.86775288583,397429.22833333333
36,2011-03-04,402579.84,0,64.55,3.282,212.576205,8.395,2011,3,9,1,0,380279.44,427175.03,417521.7,480203.43,406619.3425,20505.150036151786,399097.00750000007
36,2011-03-11,407506.78,0,59.15,3.448,212.8611313,8.395,2011,3,10,1,0,402579.84,380279.44,401501.2,441434.2,402883.8775,19174.85263168133,398933.2416666667
36,2011-03-18,431412.22,0,64.9,3.487,213.1096787,8.395,2011,3,11,1,0,407506.78,402579.84,427175.03,428851.99,404385.2725,19265.405982498687,398707.5816666667
36,2011-03-25,390732.02,0,71.07,3.488,213.3436744,8.395,2011,3,12,1,0,431412.22,407506.78,380279.44,404438.51,405444.57,20976.66959979118,399484.1341666667
36,2011-04-01,385672.11,0,67.31,3.529,213.5776701,8.3,2011,4,13,2,0,390732.02,431412.22,402579.84,435972.82,408057.715,17087.258946535854,402102.5816666666
36,2011-04-08,428727.61,0,69.39,3.645,213.8116658,8.3,2011,4,14,2,0,385672.11,390732.02,407506.78,453016.91,403830.7825,20620.08420755589,402186.9366666667
36,2011-04-15,414986.54,0,73.25,3.763,214.026217,8.3,2011,4,15,2,0,428727.61,385672.11,431412.22,483699.56,409135.99,24285.261467624125,403706.09333333327
36,2011-04-22,374574.72,0,74.57,3.805,214.1921572,8.3,2011,4,16,2,0,414986.54,428727.61,390732.02,434116.8,405029.57,20329.531434808596,405022.3841666666
36,2011-04-29,340708.78,0,76.1,3.837,214.3580974,8.3,2011,4,17,2,0,374574.72,414986.54,385672.11,457899.64,400990.245,25150.764811261153,405222.43416666664
36,2011-05-06,393401.4,0,69.56,3.917,214.5240376,8.3,2011,5,18,2,0,340708.78,374574.72,428727.61,489372.02,389749.41250000003,39964.4317415286,398821.3575
36,2011-05-13,395316.65,0,76.73,3.92,214.6899778,8.3,2011,5,19,2,0,393401.4,340708.78,414986.54,476733.74,380917.86,31482.901536019144,398146.3741666667
36,2011-05-20,376183.44,0,73.02,3.925,214.465412,8.3,2011,5,20,2,0,395316.65,393401.4,374574.72,474917.98,376000.3875,25320.895986969015,395491.5091666667
36,2011-05-27,348655.2,0,81.28,3.786,214.2408462,8.3,2011,5,21,2,0,376183.44,395316.65,340708.78,447050.42,376402.5675,25303.473451526443,395150.1758333333
36,2011-06-03,373703.95,0,82.96,3.69,214.0162805,8.3,2011,6,22,2,0,348655.2,376183.44,393401.4,471088.88,378389.1725,21609.26379678485,390656.4558333333
36,2011-06-10,374182.04,0,82.41,3.633,213.7917147,8.3,2011,6,23,2,0,373703.95,348655.2,395316.65,467711.18,373464.81000000006,19152.61337045363,387839.5533333333
36,2011-06-17,394645.25,0,84.43,3.599,213.7481256,8.3,2011,6,24,2,0,374182.04,373703.95,376183.44,485694.72,368181.1575,13061.53856785276,383070.37166666664
36,2011-06-24,360009.94,0,83.95,3.569,213.8402689,8.3,2011,6,25,2,0,394645.25,374182.04,348655.2,434879.87,372796.61,18822.977348604523,383396.4741666667
36,2011-07-01,354270.77,0,85.33,3.502,213.9324122,8.177,2011,7,26,3,0,360009.94,394645.25,373703.95,434252.15,375635.29500000004,14275.528613471552,381257.95999999996
36,2011-07-08,377464.62,0,84.71,3.44,214.0245556,8.177,2011,7,27,3,0,354270.77,360009.94,374182.04,471713.59,370777.0,17978.439544082037,375053.2233333333
36,2011-07-15,385631.48,0,85.63,3.55,214.1083654,8.177,2011,7,28,3,0,377464.62,354270.77,394645.25,466962.04,371597.645,18258.4135521074,371926.39666666667
36,2011-07-22,361311.41,0,83.31,3.637,214.1713416,8.177,2011,7,29,3,0,385631.48,377464.62,360009.94,452021.2,369344.2025,14669.167352958542,372847.7933333334
36,2011-07-29,354361.08,0,84.99,3.66,214.2343177,8.177,2011,7,30,3,0,361311.41,385631.48,354270.77,432451.91,369669.57,14405.175636742964,374564.6791666667
36,2011-08-05,381017.75,0,86.71,3.652,214.2972939,8.177,2011,8,31,3,0,354361.08,361311.41,377464.62,467442.94,369692.14749999996,14373.030775753983,371311.31916666665
36,2011-08-12,380188.69,0,87.64,3.608,214.3602701,8.177,2011,8,32,3,0,381017.75,354361.08,385631.48,470436.8,370580.43,15104.676991667608,370119.74416666664
36,2011-08-19,373267.58,0,87.24,3.534,214.4239935,8.177,2011,8,33,3,0,380188.69,381017.75,361311.41,437949.9,369219.7325,13451.54717801283,370453.51499999996
36,2011-08-26,344964.2,0,86.02,3.501,214.4878416,8.177,2011,8,34,3,0,373267.58,380188.69,354361.08,412050.73,372208.775,12395.407332273488,372504.5466666667
36,2011-09-02,350276.29,0,87.5,3.481,214.5516896,8.177,2011,9,35,3,0,344964.2,373267.58,381017.75,431294.45,369859.555,16956.706445955617,370109.56749999995
36,2011-09-09,352960.64,1,77.94,3.499,214.6155376,8.177,2011,9,36,3,0,350276.29,344964.2,380188.69,434471.38,362174.19,17178.759095195073,368117.42166666663
36,2011-09-16,343108.12,0,82.06,3.473,214.7934111,8.177,2011,9,37,3,0,352960.64,350276.29,373267.58,454694.21,355367.1775,12387.559738222866,364643.70416666666
36,2011-09-23,322405.13,0,78.35,3.441,215.1233185,8.177,2011,9,38,3,0,343108.12,352960.64,344964.2,419348.59,347827.3125,4575.905486258867,363235.2191666667
36,2011-09-30,314910.37,0,81.52,3.328,215.4532259,8.177,2011,9,39,3,1,322405.13,343108.12,350276.29,422169.47,342187.54500000004,13828.458254832656,360579.7491666667
36,2011-10-07,346137.87,0,71.2,3.262,215.7831333,7.716,2011,10,40,4,0,314910.37,322405.13,352960.64,444351.61,333346.065,17697.534471040053,355366.895
36,2011-10-14,342076.99,0,74.16,3.234,216.0885258,7.716,2011,10,41,4,0,346137.87,314910.37,343108.12,453308.15,331640.3725,15350.020132127167,352075.7608333333
36,2011-10-21,328633.34,0,67.89,3.308,216.2468287,7.716,2011,10,42,4,0,342076.99,346137.87,322405.13,424956.3,331382.58999999997,15099.85981191495,350472.8925
36,2011-10-28,306193.81,0,71.31,3.306,216.4051315,7.716,2011,10,43,4,0,328633.34,342076.99,314910.37,392654.26,332939.6425,14157.250634431417,348328.9141666667
36,2011-11-04,313387.11,0,58.97,3.287,216.5634344,7.716,2011,11,44,4,0,306193.81,328633.34,346137.87,405860.37,330760.5025,18005.309598918564,342093.5858333334
36,2011-11-11,328498.92,0,63.5,3.254,216.7217373,7.716,2011,11,45,4,0,313387.11,306193.81,342076.99,425804.8,322572.8125,16018.653572666795,336526.78750000003
36,2011-11-18,332901.94,0,66.28,3.26,216.9395861,7.716,2011,11,46,4,0,328498.92,313387.11,328633.34,411615.71,319178.295,11231.007683524502,332796.06583333336
36,2011-11-25,332811.55,1,66.41,3.181,217.1812533,7.716,2011,11,47,4,0,332901.94,328498.92,306193.81,408891.49,320245.44499999995,12553.776595194477,331790.8775
36,2011-12-02,293350.51,0,53.57,3.164,217.4229206,7.716,2011,12,48,4,0,332811.55,332901.94,313387.11,360266.09,326899.88,9239.849357124356,330335.4825
36,2011-12-09,312298.37,0,50.64,3.147,217.6645878,7.716,2011,12,49,4,0,293350.51,332811.55,328498.92,404545.03,321890.73,19137.427446943308,325367.9716666667
36,2011-12-16,341503.92,0,58.31,3.133,217.8781339,7.716,2011,12,50,4,0,312298.37,293350.51,332901.94,410214.7,317840.5925,18986.434877555217,322800.4925
36,2011-12-23,325262.46,0,55.41,3.098,218.0541851,7.716,2011,12,51,4,0,341503.92,312298.37,332811.55,422093.59,319991.0875,21572.08453036264,324392.05833333335
36,2011-12-30,287425.22,1,48.26,3.132,218.2302364,7.716,2011,12,52,4,0,325262.46,341503.92,293350.51,359310.65,318103.815,20373.51558861128,325254.7325
36,2012-01-06,329467.82,0,57.18,3.129,218.4062876,7.244,2012,1,1,1,0,287425.22,325262.46,312298.37,384659.85,316622.4925,22839.390167523725,320362.01166666666
36,2012-01-13,325976.34,0,56.28,3.254,218.5823389,7.244,2012,1,2,1,0,329467.82,287425.22,341503.92,410497.73,320914.855,23363.219880364384,319311.2475
36,2012-01-20,330927.21,0,58.9,3.275,218.6755292,7.244,2012,1,3,1,0,325976.34,329467.82,325262.46,399191.05,317032.96,19823.830164742507,319089.8308333333
36,2012-01-27,301444.94,0,62.73,3.313,218.7687195,7.244,2012,1,4,1,0,330927.21,325976.34,287425.22,372174.12,318449.1475,20786.661523466904,321150.9475
36,2012-02-03,310982.87,0,61.33,3.421,218.8619099,7.244,2012,2,5,1,0,301444.94,330927.21,329467.82,417521.7,321954.0775,13829.63906291764,320155.76666666666
36,2012-02-10,335741.9,1,54.49,3.462,218.9551002,7.244,2012,2,6,1,0,310982.87,301444.94,325976.34,401501.2,317332.84,13567.909116218087,318696.0958333333
36,2012-02-17,326316.73,0,54.38,3.503,219.1148297,7.244,2012,2,7,1,0,335741.9,310982.87,330927.21,427175.03,319774.23,16254.295131472789,318932.75916666666
36,2012-02-24,313270.45,0,62.21,3.55,219.3244636,7.244,2012,2,8,1,0,326316.73,335741.9,301444.94,380279.44,318621.61,15337.400285740083,318391.52416666667
36,2012-03-02,315396.72,0,64.54,3.619,219.5340975,7.244,2012,3,9,1,0,313270.45,326316.73,310982.87,402579.84,321577.98750000005,11609.533323117577,320051.51916666667
36,2012-03-09,318674.93,0,63.19,3.647,219.7437314,7.244,2012,3,10,1,0,315396.72,313270.45,335741.9,407506.78,322681.44999999995,10415.130452917307,320309.715
36,2012-03-16,335345.82,0,67.48,3.779,219.8956335,7.244,2012,3,11,1,0,318674.93,315396.72,326316.73,431412.22,318414.7075,5717.846596885136,318407.29916666663
36,2012-03-23,317872.51,0,69.18,3.845,219.9705599,7.244,2012,3,12,1,0,335345.82,318674.93,313270.45,390732.02,320671.98,10031.962311476567,319247.57916666666
36,2012-03-30,304144.9,0,70.48,3.891,220.0454862,7.244,2012,3,13,1,0,317872.51,335345.82,315396.72,385672.11,321822.495,9122.873274280775,321784.85333333333
36,2012-04-06,331026.11,0,73.95,3.934,220.1204125,6.989,2012,4,14,2,0,304144.9,317872.51,318674.93,428727.61,319009.54000000004,12770.230585768051,319674.61
36,2012-04-13,339407.94,0,72.54,3.919,220.1953389,6.989,2012,4,15,2,0,331026.11,304144.9,335345.82,414986.54,322097.335,14087.63579059971,320095.42416666663
36,2012-04-20,323915.32,0,70.87,3.918,220.2483937,6.989,2012,4,16,2,0,339407.94,331026.11,317872.51,374574.72,323112.865,15442.300481177856,320802.1516666667
36,2012-04-27,308389.82,0,70.06,3.888,220.3014485,6.989,2012,4,17,2,0,323915.32,339407.94,304144.9,340708.78,324623.5675,15049.337280867583,322674.68333333335
36,2012-05-04,312467.52,0,77.17,3.835,220.3545033,6.989,2012,5,18,2,0,308389.82,323915.32,331026.11,393401.4,325684.7975,13154.233243162105,322458.5958333333
36,2012-05-11,330518.34,0,76.55,3.764,220.4075581,6.989,2012,5,19,2,0,312467.52,308389.82,339407.94,395316.65,321045.15,13894.399905943617,320519.06416666665
36,2012-05-18,324801.13,0,73.7,3.713,220.4252149,6.989,2012,5,20,2,0,330518.34,312467.52,323915.32,376183.44,318822.75,10197.321076159486,320869.19833333336
36,2012-05-25,306098.17,0,78.94,3.636,220.4287124,6.989,2012,5,21,2,0,324801.13,330518.34,308389.82,348655.2,319044.2025,10353.206665430349,321830.0883333333
36,2012-06-01,306005.53,0,80.74,3.567,220.4322099,6.989,2012,6,22,2,0,306098.17,324801.13,312467.52,373703.95,318471.29,11170.461656760346,321055.20916666667
36,2012-06-08,338273.38,0,81.5,3.513,220.4357073,6.989,2012,6,23,2,0,306005.53,306098.17,330518.34,374182.04,316855.7925,12691.837670331453,319999.42583333334
36,2012-06-15,333146.88,0,82.15,3.407,220.4494148,6.989,2012,6,24,2,0,338273.38,306005.53,324801.13,394645.25,318794.5525,15708.393925224958,320243.38916666666
36,2012-06-22,306411.01,0,80.4,3.358,220.4886472,6.989,2012,6,25,2,0,333146.88,338273.38,306098.17,360009.94,320880.99,17250.684670163657,321516.25333333336
36,2012-06-29,291530.43,0,86.68,3.273,220.5278796,6.989,2012,6,26,2,0,306411.01,333146.88,306005.53,354270.77,320959.2,17161.803048241152,321705.0958333334
36,2012-07-06,306578.89,0,81.52,3.232,220.567112,6.623,2012,7,27,3,0,291530.43,306411.01,338273.38,377464.62,317340.42500000005,22163.337435513924,318413.7891666666
36,2012-07-13,298337.41,0,78.15,3.245,220.6063444,6.623,2012,7,28,3,0,306578.89,291530.43,333146.88,385631.48,309416.8025,17321.734278794876,315678.035
36,2012-07-20,303289.55,0,81.76,3.301,220.6148749,6.623,2012,7,29,3,0,298337.41,306578.89,306411.01,361311.41,300714.435,7230.467824153505,313546.54250000004
36,2012-07-27,279643.43,0,84.0,3.392,220.6234054,6.623,2012,7,30,3,0,303289.55,298337.41,291530.43,354361.08,299934.07,6546.840644363178,313121.52
36,2012-08-03,304989.97,0,85.56,3.404,220.6319358,6.623,2012,8,31,3,0,279643.43,303289.55,306578.89,381017.75,296962.32,12032.554195155424,310386.1791666667
36,2012-08-10,298947.51,0,84.41,3.49,220.6404663,6.623,2012,8,32,3,0,304989.97,279643.43,298337.41,380188.69,296565.08999999997,11628.709596569694,308258.815
36,2012-08-17,314607.22,0,85.89,3.571,220.7199609,6.623,2012,8,33,3,0,298947.51,304989.97,303289.55,373267.58,296717.615,11663.653115777468,306104.3466666667
36,2012-08-24,282545.55,0,81.26,3.574,220.8526787,6.623,2012,8,34,3,0,314607.22,298947.51,279643.43,344964.2,299547.0325,14752.939095539894,306813.43416666664
36,2012-08-31,282647.48,0,84.79,3.608,220.9853964,6.623,2012,8,35,3,1,282545.55,314607.22,304989.97,350276.29,300272.5625,13462.776774825312,304858.4358333333
36,2012-09-07,293728.57,1,84.19,3.697,221.1181142,6.623,2012,9,36,3,0,282647.48,282545.55,298947.51,352960.64,294686.94,15355.042171081312,300222.94416666665
36,2012-09-14,301893.63,0,78.16,3.692,221.2601207,6.623,2012,9,37,3,0,293728.57,282647.48,314607.22,343108.12,293382.205,15091.815031976294,296938.085
36,2012-09-21,293804.45,0,75.98,3.709,221.4578604,6.623,2012,9,38,3,0,301893.63,293728.57,282545.55,322405.13,290203.8075,9395.440276831718,296561.63666666666
36,2012-09-28,270677.98,0,79.49,3.66,221.6556,6.623,2012,9,39,3,0,293804.45,301893.63,282647.48,314910.37,293018.5325,7904.595818478684,296751.13833333337
36,2012-10-05,277137.86,0,73.57,3.611,221.8533396,6.228,2012,10,40,4,0,270677.98,293804.45,293728.57,346137.87,290026.1575,13455.757486983484,293759.3958333333
36,2012-10-12,300236.85,0,71.28,3.576,222.0510793,6.228,2012,10,41,4,0,277137.86,270677.98,301893.63,342076.99,285878.48,14454.061346185326,291992.76666666666
36,2012-10-19,287360.05,0,74.06,3.57,222.0951719,6.228,2012,10,42,4,0,300236.85,277137.86,293804.45,328633.34,285464.28500000003,13853.413511239338,291738.375
36,2012-10-26,272489.41,0,74.39,3.494,222.1136566,6.228,2012,10,43,4,0,287360.05,300236.85,270677.98,306193.81,283853.185,12902.25041879862,292381.42666666664
37,2011-02-04,583835.18,0,46.68,2.989,211.3333753,8.395,2011,2,5,1,0,513672.36,526486.82,542464.02,536006.73,527060.025,11816.990731568665,521081.5966666667
37,2011-02-11,522514.32,1,41.16,3.022,211.6985093,8.395,2011,2,6,1,0,583835.18,513672.36,525616.9,529852.7,537402.815,31502.199675723965,526605.6375000001
37,2011-02-18,536840.69,0,57.48,3.045,212.0063522,8.395,2011,2,7,1,0,522514.32,583835.18,526486.82,510382.5,536627.17,31924.487693833864,526971.4841666666
37,2011-02-25,514758.19,0,67.73,3.065,212.2912786,8.395,2011,2,8,1,0,536840.69,522514.32,513672.36,513615.82,539215.6375,31240.662499456936,528523.1483333333
37,2011-03-04,527572.25,0,64.55,3.288,212.576205,8.395,2011,3,9,1,0,514758.19,536840.69,583835.18,519255.68,539487.0950000001,30948.07444893758,529068.5691666667
37,2011-03-11,505610.4,0,59.15,3.459,212.8611313,8.395,2011,3,10,1,0,527572.25,514758.19,522514.32,513015.35,525421.3625,9258.896648656606,530432.2966666666
37,2011-03-18,478503.06,0,64.9,3.488,213.1096787,8.395,2011,3,11,1,0,505610.4,527572.25,536840.69,460020.74,521195.38249999995,13781.25795769398,528042.7291666666
37,2011-03-25,522105.93,0,71.07,3.473,213.3436744,8.395,2011,3,12,1,0,478503.06,505610.4,514758.19,515777.97,506610.975,20791.089420388205,519850.4908333333
37,2011-04-01,534578.78,0,67.31,3.524,213.5776701,8.3,2011,4,13,2,0,522105.93,478503.06,527572.25,540189.7,508447.91000000003,22038.05341735544,524998.3433333334
37,2011-04-08,543703.16,0,69.39,3.622,213.8116658,8.3,2011,4,14,2,0,534578.78,522105.93,505610.4,513327.55,510199.5425,24233.836648645574,524341.24
37,2011-04-15,543775.87,0,73.25,3.743,214.026217,8.3,2011,4,15,2,0,543703.16,534578.78,478503.06,524544.83,519722.73250000004,28870.42363005385,525848.4283333333
37,2011-04-22,526434.37,0,74.57,3.807,214.1921572,8.3,2011,4,16,2,0,543775.87,543703.16,522105.93,527019.78,536040.935,10244.692495774634,527289.1825
37,2011-04-29,502918.18,0,76.1,3.81,214.3580974,8.3,2011,4,17,2,0,526434.37,543775.87,534578.78,517850.83,537123.0449999999,8332.247626736013,528352.6833333333
37,2011-05-06,547513.3,0,69.56,3.906,214.5240376,8.3,2011,5,18,2,0,502918.18,526434.37,543703.16,543234.77,529207.895,19332.012817498144,521609.5999999999
37,2011-05-13,511871.63,0,76.73,3.899,214.6899778,8.3,2011,5,19,2,0,547513.3,502918.18,543775.87,505196.08,530160.4299999999,20351.298171669856,523692.8483333333
37,2011-05-20,533564.42,0,73.02,3.907,214.465412,8.3,2011,5,20,2,0,511871.63,547513.3,526434.37,510494.7,522184.37,19469.256777191367,521612.0933333333
37,2011-05-27,507086.75,0,81.28,3.786,214.2408462,8.3,2011,5,21,2,0,533564.42,511871.63,502918.18,532241.22,523966.8825,20296.87589359926,523179.27916666673
37,2011-06-03,500381.23,0,82.96,3.699,214.0162805,8.3,2011,6,22,2,0,507086.75,533564.42,547513.3,479195.02,525009.025,18915.9215604504,521472.15416666673
37,2011-06-10,509647.25,0,82.41,3.648,213.7917147,8.3,2011,6,23,2,0,500381.23,507086.75,511871.63,481915.11,513226.0075,14354.606149345838,521036.38999999996
37,2011-06-17,525132.36,0,84.43,3.637,213.7481256,8.3,2011,6,24,2,0,509647.25,500381.23,533564.42,505761.62,512669.9125,14467.20836171365,523631.7391666667
37,2011-06-24,509276.22,0,83.95,3.594,213.8402689,8.3,2011,6,25,2,0,525132.36,509647.25,507086.75,485419.39,510561.89749999996,10469.918789966954,523883.94166666665
37,2011-07-01,517021.3,0,85.33,3.524,213.9324122,8.177,2011,7,26,3,0,509276.22,525132.36,500381.23,498292.53,511109.265,10283.246409776348,521775.395
37,2011-07-08,489059.93,0,84.71,3.48,214.0245556,8.177,2011,7,27,3,0,517021.3,509276.22,509647.25,502456.04,515269.2825,7480.506013439427,519551.9066666667
37,2011-07-15,498749.62,0,85.63,3.575,214.1083654,8.177,2011,7,28,3,0,489059.93,517021.3,525132.36,485150.01,510122.4525,15462.183798910906,514992.24500000005
37,2011-07-22,505543.53,0,83.31,3.651,214.1713416,8.177,2011,7,29,3,0,498749.62,489059.93,509276.22,491998.12,503526.7675,12210.229822181991,512685.18249999994
37,2011-07-29,504974.95,0,84.99,3.682,214.2343177,8.177,2011,7,30,3,0,505543.53,498749.62,517021.3,487912.95,502593.59500000003,11758.64249823837,512903.96166666667
37,2011-08-05,510787.46,0,86.71,3.684,214.2972939,8.177,2011,8,31,3,0,504974.95,505543.53,489059.93,508576.62,499582.0075,7660.081879294923,509359.0991666667
37,2011-08-12,502504.39,0,87.64,3.638,214.3602701,8.177,2011,8,32,3,0,510787.46,504974.95,498749.62,491815.83,505013.89,4928.056548344108,509268.75166666665
37,2011-08-19,506897.98,0,87.24,3.554,214.4239935,8.177,2011,8,33,3,0,502504.39,510787.46,505543.53,486930.72,505952.5825,3482.7748137515487,506680.41583333333
37,2011-08-26,527947.21,0,86.02,3.523,214.4878416,8.177,2011,8,34,3,0,506897.98,502504.39,504974.95,512157.25,506291.195,3495.5676694223007,506664.685
37,2011-09-02,530367.83,0,87.5,3.533,214.5516896,8.177,2011,9,35,3,0,527947.21,506897.98,510787.46,510427.53,512034.26,11135.173736076586,508961.85000000003
37,2011-09-09,506273.74,1,77.94,3.546,214.6155376,8.177,2011,9,36,3,0,530367.83,527947.21,502504.39,510296.07,516929.35250000004,14267.607119725246,510688.565
37,2011-09-16,513341.94,0,82.06,3.526,214.7934111,8.177,2011,9,37,3,0,506273.74,530367.83,506897.98,501251.4,517871.68999999994,13071.653472771135,509117.01333333337
37,2011-09-23,516556.94,0,78.35,3.467,215.1233185,8.177,2011,9,38,3,0,513341.94,506273.74,527947.21,494265.48,519482.68,11580.436697503095,509455.8233333333
37,2011-09-30,516402.1,0,81.52,3.355,215.4532259,8.177,2011,9,39,3,1,516556.94,513341.94,530367.83,529877.93,516635.1125,10112.643341762883,509417.1266666667
37,2011-10-07,522816.85,0,71.2,3.285,215.7831333,7.716,2011,10,40,4,0,516402.1,516556.94,506273.74,524483.65,513143.68000000005,4813.281186994582,511695.6408333333
37,2011-10-14,513636.01,0,74.16,3.274,216.0885258,7.716,2011,10,41,4,0,522816.85,516402.1,513341.94,498925.86,517279.45749999996,3977.3754949088734,513701.24333333335
37,2011-10-21,522784.33,0,67.89,3.353,216.2468287,7.716,2011,10,42,4,0,513636.01,522816.85,516556.94,510425.4,517352.975,3881.906482375634,514375.6166666667
37,2011-10-28,517355.44,0,71.31,3.372,216.4051315,7.716,2011,10,43,4,0,522784.33,513636.01,516402.1,514485.9,518909.8225,4632.437899404093,515859.7316666667
37,2011-11-04,555925.6,0,58.97,3.332,216.5634344,7.716,2011,11,44,4,0,517355.44,522784.33,522816.85,539683.42,519148.1575,4482.509014897286,516407.0633333333
37,2011-11-11,501268.78,0,63.5,3.297,216.7217373,7.716,2011,11,45,4,0,555925.6,517355.44,513636.01,517546.69,527425.345,19367.94862435129,520858.8308333333
37,2011-11-18,527495.09,0,66.28,3.308,216.9395861,7.716,2011,11,46,4,0,501268.78,555925.6,522784.33,518124.16,524333.5375,22957.463130285876,520389.7308333333
37,2011-11-25,522554.04,1,66.41,3.236,217.1812533,7.716,2011,11,47,4,0,527495.09,501268.78,517355.44,518220.72,525511.2275,22972.323170307256,520352.0541666667
37,2011-12-02,527117.81,0,53.57,3.172,217.4229206,7.716,2011,12,48,4,0,522554.04,527495.09,555925.6,508213.14,526810.8775,22499.293494078935,519700.90499999997
37,2011-12-09,537224.52,0,50.64,3.158,217.6645878,7.716,2011,12,49,4,0,527117.81,522554.04,501268.78,511207.52,519608.93,12431.27203647629,521437.9108333333
37,2011-12-16,533905.67,0,58.31,3.159,217.8781339,7.716,2011,12,50,4,0,537224.52,527117.81,527495.09,534285.21,528597.865,6173.968810614935,523428.1258333333
37,2011-12-23,605791.46,0,55.41,3.112,218.0541851,7.716,2011,12,51,4,0,533905.67,537224.52,522554.04,576809.92,530200.51,6608.99563364556,524873.8533333334
37,2011-12-30,451327.61,1,48.26,3.129,218.2302364,7.716,2011,12,52,4,0,605791.46,533905.67,527117.81,460331.7,551009.865,36762.49296150508,532322.9666666667
37,2012-01-06,558343.57,0,57.18,3.157,218.4062876,7.244,2012,1,1,1,0,451327.61,605791.46,537224.52,542464.02,532062.315,63203.70699040294,526365.5299999999
37,2012-01-13,546221.4,0,56.28,3.261,218.5823389,7.244,2012,1,2,1,0,558343.57,451327.61,533905.67,525616.9,537342.0775,64644.35568986541,530091.16
37,2012-01-20,543894.07,0,58.9,3.268,218.6755292,7.244,2012,1,3,1,0,546221.4,558343.57,605791.46,526486.82,540421.01,64719.37457945709,532044.2491666666
37,2012-01-27,514116.58,0,62.73,3.29,218.7687195,7.244,2012,1,4,1,0,543894.07,546221.4,451327.61,513672.36,524946.6625,49486.4864659242,534255.8016666666
37,2012-02-03,555424.24,0,61.33,3.36,218.8619099,7.244,2012,2,5,1,0,514116.58,543894.07,558343.57,583835.18,540643.905,18785.181533770494,530771.7166666667
37,2012-02-10,527041.46,1,54.49,3.409,218.9551002,7.244,2012,2,6,1,0,555424.24,514116.58,546221.4,522514.32,539914.0725,17904.363299280914,535284.6716666667
37,2012-02-17,541071.29,0,54.38,3.51,219.1148297,7.244,2012,2,7,1,0,527041.46,555424.24,543894.07,536840.69,535119.0874999999,18217.692163022024,535246.8691666668
37,2012-02-24,518696.89,0,62.21,3.555,219.3244636,7.244,2012,2,8,1,0,541071.29,527041.46,514116.58,514758.19,534413.3925000001,17814.687743858078,536789.9733333334
37,2012-03-02,525559.17,0,64.54,3.63,219.5340975,7.244,2012,3,9,1,0,518696.89,541071.29,555424.24,527572.25,535558.47,16144.063320426587,536088.23
37,2012-03-09,535937.25,0,63.19,3.669,219.7437314,7.244,2012,3,10,1,0,525559.17,518696.89,527041.46,505610.4,528092.2025,9385.25302007868,535116.1175
37,2012-03-16,484588.34,0,67.48,3.734,219.8956335,7.244,2012,3,11,1,0,535937.25,525559.17,541071.29,478503.06,530316.15,10081.432823060062,535285.4158333333
37,2012-03-23,520887.23,0,69.18,3.787,219.9705599,7.244,2012,3,12,1,0,484588.34,535937.25,518696.89,522105.93,516195.41250000003,22231.243210839224,525185.1558333333
37,2012-03-30,533734.94,0,70.48,3.845,220.0454862,7.244,2012,3,13,1,0,520887.23,484588.34,525559.17,534578.78,516742.99750000006,22340.105106734663,530981.7908333334
37,2012-04-06,564848.78,0,73.95,3.891,220.1204125,6.989,2012,4,14,2,0,533734.94,520887.23,535937.25,543703.16,518786.94,23745.394621134325,528931.0716666667
37,2012-04-13,506973.17,0,72.54,3.891,220.1953389,6.989,2012,4,15,2,0,564848.78,533734.94,484588.34,543775.87,526014.8225,33217.074557595035,530483.3533333333
37,2012-04-20,523483.19,0,70.87,3.877,220.2483937,6.989,2012,4,16,2,0,506973.17,564848.78,520887.23,526434.37,531611.03,24706.8347532299,527406.6116666667
37,2012-04-27,528807.45,0,70.06,3.814,220.3014485,6.989,2012,4,17,2,0,523483.19,506973.17,533734.94,502918.18,532260.02,24362.951347728977,528187.1625
37,2012-05-04,535311.64,0,77.17,3.749,220.3545033,6.989,2012,5,18,2,0,528807.45,523483.19,564848.78,547513.3,531028.1475,24388.077731334895,525969.0966666667
37,2012-05-11,527983.04,0,76.55,3.688,220.4075581,6.989,2012,5,19,2,0,535311.64,528807.45,506973.17,511871.63,523643.8625,12120.74628810007,526658.2783333333
37,2012-05-18,534847.96,0,73.7,3.63,220.4252149,6.989,2012,5,20,2,0,527983.04,535311.64,523483.19,533564.42,528896.3300000001,4875.116591228598,525567.5908333333
37,2012-05-25,540625.79,0,78.94,3.561,220.4287124,6.989,2012,5,21,2,0,534847.96,527983.04,528807.45,507086.75,531737.5225,3878.599448396311,526913.5133333333
37,2012-06-01,531811.85,0,80.74,3.501,220.4322099,6.989,2012,6,22,2,0,540625.79,534847.96,535311.64,500381.23,534692.1074999999,5184.2159564943,528169.0650000001
37,2012-06-08,528940.78,0,81.5,3.452,220.4357073,6.989,2012,6,23,2,0,531811.85,540625.79,527983.04,509647.25,533817.16,5337.858980509958,527825.2816666666
37,2012-06-15,508573.16,0,82.15,3.393,220.4494148,6.989,2012,6,24,2,0,528940.78,531811.85,534847.96,525132.36,534056.595,4999.700815733338,531521.3183333334
37,2012-06-22,484032.75,0,80.4,3.346,220.4886472,6.989,2012,6,25,2,0,508573.16,528940.78,540625.79,509276.22,527487.895,13554.568071521331,530495.1458333334
37,2012-06-29,508309.81,0,86.68,3.286,220.5278796,6.989,2012,6,26,2,0,484032.75,508573.16,531811.85,517021.3,513339.635,22107.549575096717,526353.2966666667
37,2012-07-06,519498.32,0,81.52,3.227,220.567112,6.623,2012,7,27,3,0,508309.81,484032.75,528940.78,489059.93,507464.125,18368.643445920392,521641.7158333333
37,2012-07-13,506005.47,0,78.15,3.256,220.6063444,6.623,2012,7,28,3,0,519498.32,508309.81,508573.16,498749.62,505103.51,14983.394283073896,522685.47833333333
37,2012-07-20,503744.56,0,81.76,3.311,220.6148749,6.623,2012,7,29,3,0,506005.47,519498.32,484032.75,505543.53,504461.58749999997,14839.509374877458,521229.00166666665
37,2012-07-27,514489.17,0,84.0,3.407,220.6234054,6.623,2012,7,30,3,0,503744.56,506005.47,508309.81,504974.95,509389.54,6992.161776507704,519140.4275
37,2012-08-03,521959.28,0,85.56,3.417,220.6319358,6.623,2012,8,31,3,0,514489.17,503744.56,519498.32,510787.46,510934.38,7347.681395927326,517405.2216666667
37,2012-08-10,500964.59,0,84.41,3.494,220.6404663,6.623,2012,8,32,3,0,521959.28,514489.17,506005.47,502504.39,511549.62,8339.83485736122,516903.2416666667
37,2012-08-17,509633.71,0,85.89,3.571,220.7199609,6.623,2012,8,33,3,0,500964.59,521959.28,503744.56,506897.98,510289.4,9723.017011692209,514079.6275
37,2012-08-24,522665.04,0,81.26,3.62,220.8526787,6.623,2012,8,34,3,0,509633.71,500964.59,514489.17,527947.21,511761.6875,8804.083451233417,511496.95416666666
37,2012-08-31,538344.1,0,84.79,3.638,220.9853964,6.623,2012,8,35,3,1,522665.04,509633.71,521959.28,530367.83,513805.655,10444.589965401166,510734.72000000003
37,2012-09-07,526838.14,1,84.19,3.73,221.1181142,6.623,2012,9,36,3,0,538344.1,522665.04,500964.59,506273.74,517901.86,16287.07544246241,511518.33
37,2012-09-14,514651.74,0,78.16,3.717,221.2601207,6.623,2012,9,37,3,0,526838.14,538344.1,509633.71,513341.94,524370.2475,11852.317877251993,513040.4116666666
37,2012-09-21,521320.98,0,75.98,3.721,221.4578604,6.623,2012,9,38,3,0,514651.74,526838.14,522665.04,516556.94,525624.755,9872.875492288811,515591.99416666664
37,2012-09-28,527953.14,0,79.49,3.666,221.6556,6.623,2012,9,39,3,0,521320.98,514651.74,538344.1,516402.1,525288.74,10028.824349630251,516676.25833333336
37,2012-10-05,546122.37,0,73.57,3.617,221.8533396,6.228,2012,10,40,4,0,527953.14,521320.98,526838.14,522816.85,522691.0,6093.590723243591,517380.82666666666
37,2012-10-12,521810.75,0,71.28,3.601,222.0510793,6.228,2012,10,41,4,0,546122.37,527953.14,514651.74,513636.01,527512.0575,13543.20853086267,520723.9016666667
37,2012-10-19,551969.1,0,74.06,3.594,222.0951719,6.228,2012,10,42,4,0,521810.75,546122.37,521320.98,522784.33,529301.81,11612.63359298866,522229.4175
37,2012-10-26,534738.43,0,74.39,3.506,222.1136566,6.228,2012,10,43,4,0,551969.1,521810.75,527953.14,517355.44,536963.84,14374.112731651187,525352.745
38,2011-02-04,402341.76,0,45.14,3.348,127.7195806,14.021,2011,2,5,1,0,357557.16,341098.08,386344.54,358496.14,360284.64249999996,18902.113568033164,350507.08416666667
38,2011-02-11,377672.46,1,51.3,3.381,127.859129,14.021,2011,2,6,1,0,402341.76,357557.16,356138.79,342214.9,364283.94749999995,26442.23140346182,355689.9641666666
38,2011-02-18,364606.7,0,53.35,3.43,127.99525,14.021,2011,2,7,1,0,377672.46,402341.76,341098.08,327237.92,369667.365,26423.214194645127,358113.17
38,2011-02-25,354232.34,0,48.45,3.53,128.13,14.021,2011,2,8,1,0,364606.7,377672.46,357557.16,334222.73,375544.52,19712.95028133522,358425.5633333333
38,2011-03-04,405429.43,0,51.72,3.674,128.26475,14.021,2011,3,9,1,0,354232.34,364606.7,402341.76,372239.89,374713.31500000006,20766.170534131412,358617.8116666667
38,2011-03-11,357897.18,0,57.75,3.818,128.3995,14.021,2011,3,10,1,0,405429.43,354232.34,377672.46,342023.92,375485.23250000004,22146.9850244968,362739.82833333337
38,2011-03-18,349459.95,0,64.21,3.692,128.5121935,14.021,2011,3,11,1,0,357897.18,405429.43,364606.7,333025.47,370541.41250000003,23652.04035499025,364694.4975
38,2011-03-25,351541.62,0,54.4,3.909,128.6160645,14.021,2011,3,12,1,0,349459.95,357897.18,354232.34,335858.11,366754.725,26013.51109617777,363057.26666666666
38,2011-04-01,382098.13,0,63.63,3.772,128.7199355,13.736,2011,4,13,2,0,351541.62,349459.95,405429.43,368929.55,366082.04500000004,26475.943311970925,367026.6675
38,2011-04-08,392152.3,0,64.47,4.003,128.8238065,13.736,2011,4,14,2,0,382098.13,351541.62,357897.18,341630.46,360249.22,15001.528869225303,366672.8
38,2011-04-15,362758.94,0,57.63,3.868,128.9107333,13.736,2011,4,15,2,0,392152.3,382098.13,349459.95,337723.49,368813.0,21556.58225085619,369673.9258333333
38,2011-04-22,362952.34,0,72.12,4.134,128.9553,13.736,2011,4,16,2,0,362758.94,392152.3,351541.62,335121.82,372137.7475,18366.219257465174,371478.9975
38,2011-04-29,344225.99,0,68.27,4.151,128.9998667,13.736,2011,4,17,2,0,362952.34,362758.94,382098.13,337979.65,374990.4275,14601.074614048648,371928.5958333334
38,2011-05-06,422186.65,0,68.4,4.193,129.0444333,13.736,2011,5,18,2,0,344225.99,362952.34,392152.3,383657.44,365522.3925,19806.821825430638,367085.615
38,2011-05-13,366977.79,0,70.93,4.202,129.089,13.736,2011,5,19,2,0,422186.65,344225.99,362758.94,346174.3,373030.98,33926.88772473429,370795.13083333336
38,2011-05-20,365730.76,0,66.59,4.169,129.0756774,13.736,2011,5,20,2,0,366977.79,422186.65,362952.34,340497.08,374085.6925,33564.75215482283,370992.7216666667
38,2011-05-27,356886.1,0,76.67,4.087,129.0623548,13.736,2011,5,21,2,0,365730.76,366977.79,344225.99,326469.43,374780.2975,33285.137906730735,371950.92333333334
38,2011-06-03,396826.06,0,71.81,4.031,129.0490323,13.736,2011,6,22,2,0,356886.1,365730.76,422186.65,376184.88,377945.325,29834.366187735406,367905.6458333333
38,2011-06-10,381763.02,0,78.72,3.981,129.0357097,13.736,2011,6,23,2,0,396826.06,356886.1,366977.79,354828.65,371605.1775,17403.693598096273,371149.7191666667
38,2011-06-17,356797.0,0,86.84,3.935,129.0432,13.736,2011,6,24,2,0,381763.02,396826.06,365730.76,335691.85,375301.485,17661.48299936589,373841.64166666666
38,2011-06-24,354078.95,0,88.95,3.898,129.0663,13.736,2011,6,25,2,0,356797.0,381763.02,356886.1,322046.76,373068.04500000004,19720.109164385773,374279.59
38,2011-07-01,387334.04,0,89.85,3.842,129.0894,13.503,2011,7,26,3,0,354078.95,356797.0,396826.06,361181.48,372366.2575,20521.602264615783,371944.65833333327
38,2011-07-08,399699.17,0,89.9,3.705,129.1125,13.503,2011,7,27,3,0,387334.04,354078.95,381763.02,343850.34,369993.25250000006,16996.435334401296,371543.13666666666
38,2011-07-15,367181.71,0,88.1,3.692,129.1338387,13.503,2011,7,28,3,0,399699.17,387334.04,356797.0,338277.71,374477.29000000004,22584.09603044119,374621.4891666667
38,2011-07-22,365562.67,0,91.17,3.794,129.1507742,13.503,2011,7,29,3,0,367181.71,399699.17,354078.95,328336.85,377073.4675,20361.699856534877,374973.9366666667
38,2011-07-29,355131.33,0,93.29,3.805,129.1677097,13.503,2011,7,30,3,0,365562.67,367181.71,387334.04,336378.38,379944.39749999996,16478.047324763458,376751.99333333335
38,2011-08-05,437631.44,0,90.61,3.803,129.1846452,13.503,2011,8,31,3,0,355131.33,365562.67,399699.17,378574.44,371893.72,19290.809561007496,371164.05
38,2011-08-12,387844.05,0,91.04,3.701,129.2015806,13.503,2011,8,32,3,0,437631.44,355131.33,367181.71,341400.72,381376.7875,37881.3784719917,377051.8541666667
38,2011-08-19,362224.7,0,91.74,3.743,129.2405806,13.503,2011,8,33,3,0,387844.05,437631.44,365562.67,329139.73,386542.3725,36690.546876358676,378894.62833333336
38,2011-08-26,365672.55,0,94.61,3.74,129.2832581,13.503,2011,8,34,3,0,362224.7,387844.05,355131.33,322868.56,385707.88,37358.64227617373,379339.5116666667
38,2011-09-02,416953.51,0,93.66,3.798,129.3259355,13.503,2011,9,35,3,0,365672.55,362224.7,437631.44,377096.55,388343.185,34764.513356254734,376743.3858333333
38,2011-09-09,397771.68,1,88.0,3.913,129.3686129,13.503,2011,9,36,3,0,416953.51,365672.55,387844.05,336227.69,383173.7025,25219.295424211898,379675.9266666667
38,2011-09-16,408188.88,0,76.36,3.918,129.4306,13.503,2011,9,37,3,0,397771.68,416953.51,362224.7,336253.19,385655.61,26297.57864041571,383090.48333333334
38,2011-09-23,394665.28,0,82.95,3.789,129.5183333,13.503,2011,9,38,3,0,408188.88,397771.68,365672.55,330604.9,397146.655,22399.793003085444,387599.6441666666
38,2011-09-30,366819.84,0,83.26,3.877,129.6060667,13.503,2011,9,39,3,1,394665.28,408188.88,416953.51,360256.58,404394.8375,10175.878633146602,388210.5808333333
38,2011-10-07,449516.29,0,70.44,3.827,129.6938,12.89,2011,10,40,4,0,366819.84,394665.28,397771.68,351271.36,391861.42000000004,17667.856718865944,385470.63666666666
38,2011-10-14,400430.78,0,67.31,3.805,129.7706452,12.89,2011,10,41,4,0,449516.29,366819.84,408188.88,337743.26,404797.5725,34429.81352719078,392331.8516666666
38,2011-10-21,402709.17,0,73.05,3.842,129.7821613,12.89,2011,10,42,4,0,400430.78,449516.29,394665.28,339042.18,402858.0475,34393.58980889409,395237.5275
38,2011-10-28,378539.17,0,67.41,3.727,129.7936774,12.89,2011,10,43,4,0,402709.17,400430.78,366819.84,341219.63,404869.02,33987.65336336767,399202.3475
38,2011-11-04,436970.1,0,59.77,3.828,129.8051935,12.89,2011,11,44,4,0,378539.17,402709.17,449516.29,380870.09,407798.85250000004,29870.090792648472,394277.99166666664
38,2011-11-11,411116.95,0,48.76,3.824,129.8167097,12.89,2011,11,45,4,0,436970.1,378539.17,400430.78,340147.2,404662.305,24138.022151397145,398371.82916666666
38,2011-11-18,392003.13,0,54.2,3.813,129.8268333,12.89,2011,11,46,4,0,411116.95,436970.1,402709.17,348593.99,407333.84750000003,24104.912508153397,402446.1833333333
38,2011-11-25,393715.71,1,53.25,3.622,129.8364,12.89,2011,11,47,4,0,392003.13,411116.95,378539.17,360857.98,404657.3375,25351.718252369617,404640.39833333326
38,2011-12-02,411252.02,0,52.5,3.701,129.8459667,12.89,2011,12,48,4,0,393715.71,392003.13,436970.1,351925.36,408451.4725,20881.471469865228,402703.91500000004
38,2011-12-09,435401.64,0,42.17,3.644,129.8555333,12.89,2011,12,49,4,0,411252.02,393715.71,411116.95,355965.23,402021.9525,10603.200685560256,403827.2766666667
38,2011-12-16,404283.84,0,43.29,3.6,129.8980645,12.89,2011,12,50,4,0,435401.64,411252.02,392003.13,334441.15,408093.125,20176.980367970624,406095.00666666665
38,2011-12-23,419717.41,0,45.4,3.541,129.9845484,12.89,2011,12,51,4,0,404283.84,435401.64,393715.71,369106.72,411163.3025,17694.16442308582,406896.5533333334
38,2011-12-30,342667.35,1,44.64,3.428,130.0710323,12.89,2011,12,52,4,0,419717.41,404283.84,411252.02,303908.81,417663.72750000004,13403.76233558552,411304.68416666664
38,2012-01-06,478483.2,0,50.43,3.599,130.1575161,12.187,2012,1,1,1,0,342667.35,419717.41,435401.64,386344.54,400517.56,40605.27445029492,402400.6058333334
38,2012-01-13,423260.82,0,48.07,3.657,130.244,12.187,2012,1,2,1,0,478483.2,342667.35,404283.84,356138.79,411287.94999999995,55809.50253527953,408904.9741666667
38,2012-01-20,405215.91,0,46.2,3.66,130.2792258,12.187,2012,1,3,1,0,423260.82,478483.2,419717.41,341098.08,416032.195,55822.22477463856,410617.61166666663
38,2012-01-27,412882.31,0,50.43,3.675,130.3144516,12.187,2012,1,4,1,0,405215.91,423260.82,342667.35,357557.16,412406.81999999995,55973.80390984493,412840.67333333334
38,2012-02-03,457711.68,0,50.58,3.702,130.3496774,12.187,2012,2,5,1,0,412882.31,405215.91,478483.2,402341.76,429960.56,33182.814002241685,410833.3575
38,2012-02-10,469787.38,1,52.27,3.722,130.3849032,12.187,2012,2,6,1,0,457711.68,412882.31,423260.82,377672.46,424767.68000000005,23174.06231996814,414716.2516666667
38,2012-02-17,415513.97,0,51.8,3.781,130.4546207,12.187,2012,2,7,1,0,469787.38,457711.68,405215.91,364606.7,436399.32,32116.631506128284,421198.2725
38,2012-02-24,409411.61,0,53.13,3.95,130.5502069,12.187,2012,2,8,1,0,415513.97,469787.38,412882.31,354232.34,438973.835,29050.03920453347,423014.79416666663
38,2012-03-02,471115.38,0,52.27,4.178,130.6457931,12.187,2012,3,9,1,0,409411.61,415513.97,457711.68,405429.43,438106.16000000003,30121.201635267345,422861.4266666667
38,2012-03-09,452792.53,0,54.54,4.25,130.7413793,12.187,2012,3,10,1,0,471115.38,409411.61,469787.38,357897.18,441457.08499999996,33576.66730023889,425837.5716666667
38,2012-03-16,428465.11,0,64.44,4.273,130.8261935,12.187,2012,3,11,1,0,452792.53,471115.38,415513.97,349459.95,437208.3725,29641.514962988276,429879.96249999997
38,2012-03-23,412456.48,0,56.26,4.038,130.8966452,12.187,2012,3,12,1,0,428465.11,452792.53,409411.61,351541.62,440446.1575,27078.421669847325,430608.9375
38,2012-03-30,408679.36,0,64.36,4.294,130.9670968,12.187,2012,3,13,1,0,412456.48,428465.11,471115.38,382098.13,441207.375,25933.786586132483,436424.6983333333
38,2012-04-06,499267.66,0,64.05,4.121,131.0375484,11.627,2012,4,14,2,0,408679.36,412456.48,452792.53,392152.3,425598.37,20055.778124066088,430607.7116666666
38,2012-04-13,435790.74,0,64.28,4.254,131.108,11.627,2012,4,15,2,0,499267.66,408679.36,428465.11,362758.94,437217.15249999997,42246.73649074196,436941.615
38,2012-04-20,401615.8,0,66.73,4.222,131.1173333,11.627,2012,4,16,2,0,435790.74,499267.66,412456.48,362952.34,439048.56,41898.21166958755,439489.5175
38,2012-04-27,419964.77,0,77.99,4.193,131.1266667,11.627,2012,4,17,2,0,401615.8,435790.74,408679.36,344225.99,436338.38999999996,44463.742308028486,438550.6416666666
38,2012-05-04,491755.69,0,76.03,4.171,131.136,11.627,2012,5,18,2,0,419964.77,401615.8,499267.66,422186.65,439159.7425,42435.46673774489,435405.06583333336
38,2012-05-11,429914.6,0,77.27,4.186,131.1453333,11.627,2012,5,19,2,0,491755.69,419964.77,435790.74,366977.79,437281.75,38908.31545940829,437235.7583333333
38,2012-05-18,412314.71,0,84.51,4.11,131.0983226,11.627,2012,5,20,2,0,429914.6,491755.69,401615.8,365730.76,435812.715,39093.863834980504,438435.81083333335
38,2012-05-25,422810.12,0,83.84,4.293,131.0287742,11.627,2012,5,21,2,0,412314.71,429914.6,419964.77,356886.1,438487.4425,36235.807075827455,438677.73583333334
38,2012-06-01,435579.7,0,78.11,4.277,130.9592258,11.627,2012,6,22,2,0,422810.12,412314.71,491755.69,396826.06,439198.78,35775.99839455164,434652.29750000004
38,2012-06-08,448110.25,0,84.83,4.103,130.8896774,11.627,2012,6,23,2,0,435579.7,422810.12,429914.6,381763.02,425154.78250000003,10028.287849198803,433217.89499999996
38,2012-06-15,430222.07,0,85.94,4.144,130.8295333,11.627,2012,6,24,2,0,448110.25,435579.7,412314.71,356797.0,429703.695,15526.61024755876,434854.99
38,2012-06-22,405938.35,0,91.61,4.014,130.7929,11.627,2012,6,25,2,0,430222.07,448110.25,422810.12,354078.95,434180.53500000003,10660.681734091722,436335.4558333333
38,2012-06-29,404634.36,0,90.47,3.875,130.7562667,11.627,2012,6,26,2,0,405938.35,430222.07,435579.7,387334.04,429962.59249999997,17683.522704065177,436107.0383333333
38,2012-07-06,471086.22,0,89.13,3.765,130.7196333,10.926,2012,7,27,3,0,404634.36,405938.35,448110.25,399699.17,422226.25749999995,20886.078885661,428220.93
38,2012-07-13,416036.75,0,95.61,3.723,130.683,10.926,2012,7,28,3,0,471086.22,404634.36,430222.07,367181.71,427970.25,31059.22268857399,431162.22
38,2012-07-20,441683.74,0,85.53,3.726,130.7012903,10.926,2012,7,29,3,0,416036.75,471086.22,405938.35,365562.67,424423.92000000004,31522.78459102921,432363.9658333333
38,2012-07-27,407186.47,0,93.47,3.769,130.7195806,10.926,2012,7,30,3,0,441683.74,416036.75,404634.36,355131.33,433360.26749999996,29539.858421923,434173.87999999995
38,2012-08-03,469311.17,0,88.16,3.76,130.737871,10.926,2012,8,31,3,0,407186.47,441683.74,471086.22,437631.44,433998.29500000004,28729.02889802805,427126.445
38,2012-08-10,436690.13,0,95.91,3.811,130.7561613,10.926,2012,8,32,3,0,469311.17,407186.47,416036.75,387844.05,433554.5325,27968.843162857524,430409.49249999993
38,2012-08-17,411866.46,0,94.87,4.002,130.7909677,10.926,2012,8,33,3,0,436690.13,469311.17,441683.74,362224.7,438717.87749999994,25449.86774827568,432440.7775
38,2012-08-24,397428.22,0,85.32,4.055,130.8381613,10.926,2012,8,34,3,0,411866.46,436690.13,407186.47,365672.55,431263.5575,28478.190719419912,431528.80583333335
38,2012-08-31,424904.95,0,89.78,4.093,130.8853548,10.926,2012,8,35,3,1,397428.22,411866.46,469311.17,416953.51,428823.995,31487.24662698422,428349.51583333337
38,2012-09-07,490274.82,1,88.52,4.124,130.9325484,10.926,2012,9,36,3,0,424904.95,397428.22,436690.13,397771.68,417722.44,16906.700653930908,426415.7408333334
38,2012-09-14,430944.39,0,83.64,4.133,130.9776667,10.926,2012,9,37,3,0,490274.82,424904.95,411866.46,408188.88,431118.61250000005,41003.06659317962,431420.13666666666
38,2012-09-21,409600.98,0,82.97,4.125,131.0103333,10.926,2012,9,38,3,0,430944.39,490274.82,397428.22,394665.28,435888.09500000003,39081.74140805906,433503.9733333333
38,2012-09-28,398468.08,0,81.22,3.966,131.043,10.926,2012,9,39,3,0,409600.98,430944.39,424904.95,366819.84,438931.28500000003,35388.10507765943,433917.85833333334
38,2012-10-05,458479.01,0,81.61,3.966,131.0756667,10.199,2012,10,40,4,0,398468.08,409600.98,490274.82,449516.29,432322.0675,40917.64006087093,427866.3466666667
38,2012-10-12,437320.66,0,71.74,4.468,131.1083333,10.199,2012,10,41,4,0,458479.01,398468.08,430944.39,400430.78,424373.11500000005,26430.28906189509,431403.20166666666
38,2012-10-19,428806.46,0,68.66,4.449,131.1499677,10.199,2012,10,42,4,0,437320.66,458479.01,409600.98,402709.17,425967.1825,27141.441875903645,431039.61166666663
38,2012-10-26,417290.38,0,65.95,4.301,131.1930968,10.199,2012,10,43,4,0,428806.46,437320.66,398468.08,378539.17,430768.5525,24886.207011465656,432841.2775
39,2011-02-04,1343773.94,0,45.96,2.989,211.3333753,8.395,2011,2,5,1,0,1158698.44,1243370.74,1224475.12,1230596.8,1204935.9224999999,37124.41433101845,1521775.5391666666
39,2011-02-11,1227893.89,1,40.34,3.022,211.6985093,8.395,2011,2,6,1,0,1343773.94,1158698.44,1193199.39,1266229.07,1234760.6275,80562.25164285843,1526140.1416666666
39,2011-02-18,1335233.74,0,58.2,3.045,212.0063522,8.395,2011,2,7,1,0,1227893.89,1343773.94,1243370.74,1230591.97,1243434.2525,76353.82048529462,1514243.0041666664
39,2011-02-25,1240921.19,0,67.77,3.065,212.2912786,8.395,2011,2,8,1,0,1335233.74,1227893.89,1158698.44,1168582.02,1266400.0025,89082.6524213645,1446399.5491666666
39,2011-03-04,1316385.43,0,63.56,3.288,212.576205,8.395,2011,3,9,1,0,1240921.19,1335233.74,1343773.94,1266254.21,1286955.69,61009.71249004857,1430483.7333333334
39,2011-03-11,1283716.81,0,58.35,3.459,212.8611313,8.395,2011,3,10,1,0,1316385.43,1240921.19,1227893.89,1244391.83,1280108.5625,53593.58947285645,1404302.1458333333
39,2011-03-18,1348410.05,0,65.28,3.488,213.1096787,8.395,2011,3,11,1,0,1283716.81,1316385.43,1335233.74,1301590.13,1294064.2925,41329.63555030335,1357764.175
39,2011-03-25,1284334.79,0,71.17,3.473,213.3436744,8.395,2011,3,12,1,0,1348410.05,1283716.81,1240921.19,1235094.66,1297358.3699999999,45969.375634409196,1262174.2416666667
39,2011-04-01,1316849.36,0,66.57,3.524,213.5776701,8.3,2011,4,13,2,0,1284334.79,1348410.05,1316385.43,1463942.62,1308211.77,30837.33490471304,1266701.1275
39,2011-04-08,1350646.16,0,69.45,3.622,213.8116658,8.3,2011,4,14,2,0,1316849.36,1284334.79,1283716.81,1327035.27,1308327.7525,30879.16831526598,1274398.9808333332
39,2011-04-15,1348031.55,0,73.19,3.743,214.026217,8.3,2011,4,15,2,0,1350646.16,1316849.36,1348410.05,1242874.98,1325060.09,31229.439941983346,1287519.545
39,2011-04-22,1563140.85,0,74.98,3.807,214.1921572,8.3,2011,4,16,2,0,1348031.55,1350646.16,1284334.79,1280231.85,1324965.465,31135.538559858647,1296241.2791666666
39,2011-04-29,1379651.87,0,76.47,3.81,214.3580974,8.3,2011,4,17,2,0,1563140.85,1348031.55,1316849.36,1263836.59,1394666.98,113360.37341152289,1329944.8133333332
39,2011-05-06,1370920.87,0,68.75,3.906,214.5240376,8.3,2011,5,18,2,0,1379651.87,1563140.85,1350646.16,1355704.21,1410367.6075,102851.92513231917,1332934.6408333334
39,2011-05-13,1325022.77,0,77.39,3.899,214.6899778,8.3,2011,5,19,2,0,1370920.87,1379651.87,1348031.55,1226997.7,1415436.2850000001,99368.31042771335,1344853.5558333334
39,2011-05-20,1373907.21,0,73.31,3.907,214.465412,8.3,2011,5,20,2,0,1325022.77,1370920.87,1563140.85,1350673.98,1409684.09,105073.05039310837,1344002.6416666666
39,2011-05-27,1406124.14,0,82.1,3.786,214.2408462,8.3,2011,5,21,2,0,1373907.21,1325022.77,1379651.87,1365541.59,1362375.6800000002,25164.148324300015,1355084.81
39,2011-06-03,1541745.59,0,83.59,3.699,214.0162805,8.3,2011,6,22,2,0,1406124.14,1373907.21,1370920.87,1512207.95,1368993.7475,33366.49429382426,1362563.0358333334
39,2011-06-10,1442092.08,0,82.75,3.648,213.7917147,8.3,2011,6,23,2,0,1541745.59,1406124.14,1325022.77,1371405.33,1411699.9275,92887.35627921409,1384065.4341666668
39,2011-06-17,1451392.67,0,85.21,3.637,213.7481256,8.3,2011,6,24,2,0,1442092.08,1541745.59,1373907.21,1368312.45,1440967.255,72729.2475211076,1391872.27
39,2011-06-24,1363167.95,0,84.06,3.594,213.8402689,8.3,2011,6,25,2,0,1451392.67,1442092.08,1406124.14,1280414.8,1460338.62,57675.155973281566,1405793.76
39,2011-07-01,1429829.36,0,84.93,3.524,213.9324122,8.177,2011,7,26,3,0,1363167.95,1451392.67,1541745.59,1352547.7,1449599.5725,73077.33700534076,1409653.6425
39,2011-07-08,1414564.53,0,84.33,3.48,214.0245556,8.177,2011,7,27,3,0,1429829.36,1363167.95,1442092.08,1330473.47,1421620.5150000001,39956.44995161518,1416252.2425
39,2011-07-15,1380257.12,0,85.96,3.575,214.1083654,8.177,2011,7,28,3,0,1414564.53,1429829.36,1451392.67,1339811.68,1414738.6275,37553.58006337118,1421796.6575
39,2011-07-22,1416005.59,0,84.6,3.651,214.1713416,8.177,2011,7,29,3,0,1380257.12,1414564.53,1363167.95,1314651.83,1396954.74,30611.561193760543,1406556.3466666667
39,2011-07-29,1426418.53,0,86.24,3.682,214.2343177,8.177,2011,7,30,3,0,1416005.59,1380257.12,1429829.36,1308222.24,1410164.15,21092.152515285226,1409585.8233333332
39,2011-08-05,1518790.89,0,87.73,3.684,214.2972939,8.177,2011,8,31,3,0,1426418.53,1416005.59,1414564.53,1409989.67,1409311.4425000001,20076.625195337852,1414210.6283333332
39,2011-08-12,1514055.97,0,88.27,3.638,214.3602701,8.177,2011,8,32,3,0,1518790.89,1426418.53,1380257.12,1371465.66,1435368.0325000002,59024.242490162855,1430357.9716666667
39,2011-08-19,1629066.9,0,87.93,3.554,214.4239935,8.177,2011,8,33,3,0,1514055.97,1518790.89,1416005.59,1471816.52,1468817.745,55168.31630173127,1442037.0350000001
39,2011-08-26,1573898.63,0,86.49,3.523,214.4878416,8.177,2011,8,34,3,0,1629066.9,1514055.97,1426418.53,1417515.93,1522083.0725,83011.0773299666,1460615.5983333334
39,2011-09-02,1465089.85,0,88.65,3.533,214.5516896,8.177,2011,9,35,3,0,1573898.63,1629066.9,1518790.89,1345167.61,1558953.0975,54061.90652620516,1463295.0183333333
39,2011-09-09,1429345.86,1,79.15,3.546,214.6155376,8.177,2011,9,36,3,0,1465089.85,1573898.63,1514055.97,1279666.47,1545527.8375000001,71284.46559956587,1465211.4991666665
39,2011-09-16,1372500.63,0,83.11,3.526,214.7934111,8.177,2011,9,37,3,0,1429345.86,1465089.85,1629066.9,1252915.43,1524350.31,93020.15529849207,1463374.265
39,2011-09-23,1338657.95,0,78.75,3.467,215.1233185,8.177,2011,9,38,3,0,1372500.63,1429345.86,1573898.63,1199449.54,1460208.7425000002,84841.90443546977,1464151.9883333333
39,2011-09-30,1311775.83,0,81.51,3.355,215.4532259,8.177,2011,9,39,3,1,1338657.95,1372500.63,1465089.85,1219583.91,1401398.5725,56595.36641990909,1456554.3708333333
39,2011-10-07,1443884.39,0,71.68,3.285,215.7831333,7.716,2011,10,40,4,0,1311775.83,1338657.95,1429345.86,1286598.59,1363070.0675,50690.12547531681,1447988.6458333333
39,2011-10-14,1384721.84,0,73.79,3.274,216.0885258,7.716,2011,10,41,4,0,1443884.39,1311775.83,1372500.63,1238742.0,1366704.7,57137.548360953304,1453290.9183333332
39,2011-10-21,1465283.29,0,67.65,3.353,216.2468287,7.716,2011,10,42,4,0,1384721.84,1443884.39,1338657.95,1261109.01,1369760.0025,57872.801135621405,1450683.9391666667
39,2011-10-28,1472663.1,0,71.05,3.372,216.4051315,7.716,2011,10,43,4,0,1465283.29,1384721.84,1311775.83,1294769.08,1401416.3375,68791.10876757237,1453922.6691666667
39,2011-11-04,1553629.59,0,58.04,3.332,216.5634344,7.716,2011,11,44,4,0,1472663.1,1465283.29,1443884.39,1293707.19,1441638.155,39858.71760053265,1450078.6866666665
39,2011-11-11,1456957.38,0,63.11,3.297,216.7217373,7.716,2011,11,45,4,0,1553629.59,1472663.1,1384721.84,1291398.71,1469074.455,69022.1843979681,1453376.4883333333
39,2011-11-18,1510397.27,0,66.09,3.308,216.9395861,7.716,2011,11,46,4,0,1456957.38,1553629.59,1465283.29,1370659.54,1487133.34,44792.67930010459,1439034.0283333333
39,2011-11-25,2338832.4,1,66.36,3.236,217.1812533,7.716,2011,11,47,4,0,1510397.27,1456957.38,1472663.1,2149355.2,1498411.835,43104.98931998658,1433742.2483333333
39,2011-12-02,1632894.58,0,53.14,3.172,217.4229206,7.716,2011,12,48,4,0,2338832.4,1510397.27,1553629.59,1431910.98,1714954.16,417794.02220393525,1506554.1275000002
39,2011-12-09,1781528.77,0,49.36,3.158,217.6645878,7.716,2011,12,49,4,0,1632894.58,2338832.4,1456957.38,1630564.48,1734770.4075,409386.92296823295,1523516.5208333333
39,2011-12-16,1991824.05,0,58.58,3.159,217.8781339,7.716,2011,12,50,4,0,1781528.77,1632894.58,1510397.27,1842172.46,1815913.255,365815.3347913521,1557602.1991666667
39,2011-12-23,2554482.84,0,54.62,3.112,218.0541851,7.716,2011,12,51,4,0,1991824.05,1781528.77,2338832.4,2495489.25,1936269.9500000002,306117.75081235653,1612032.7075000003
39,2011-12-30,1537139.56,1,47.6,3.129,218.2302364,7.716,2011,12,52,4,0,2554482.84,1991824.05,1632894.58,1230012.16,1990182.56,403991.99877858534,1715591.625
39,2012-01-06,1478537.93,0,55.83,3.157,218.4062876,7.244,2012,1,1,1,0,1537139.56,2554482.84,1781528.77,1224475.12,1966243.8050000002,433946.8509944771,1723362.8891666664
39,2012-01-13,1369125.37,0,54.66,3.261,218.5823389,7.244,2012,1,2,1,0,1478537.93,1537139.56,1991824.05,1193199.39,1890496.0950000002,498569.99593422393,1731180.8966666665
39,2012-01-20,1394841.03,0,58.04,3.268,218.6755292,7.244,2012,1,3,1,0,1369125.37,1478537.93,2554482.84,1243370.74,1734821.425,550859.2649796202,1723167.7366666666
39,2012-01-27,1320301.61,0,60.65,3.29,218.7687195,7.244,2012,1,4,1,0,1394841.03,1369125.37,1537139.56,1158698.44,1444910.9725000001,77216.88354065928,1716682.5641666667
39,2012-02-03,1396150.15,0,60.69,3.36,218.8619099,7.244,2012,2,5,1,0,1320301.61,1394841.03,1478537.93,1343773.94,1390701.4849999999,66216.93650810537,1697238.5658333332
39,2012-02-10,1442988.44,1,52.89,3.409,218.9551002,7.244,2012,2,6,1,0,1396150.15,1320301.61,1369125.37,1227893.89,1370104.54,35456.8204452839,1692171.2966666666
39,2012-02-17,1511041.69,0,52.75,3.51,219.1148297,7.244,2012,2,7,1,0,1442988.44,1396150.15,1394841.03,1335233.74,1388570.3074999999,50723.84112733161,1686553.8941666668
39,2012-02-24,1412065.04,0,61.1,3.555,219.3244636,7.244,2012,2,8,1,0,1511041.69,1442988.44,1320301.61,1240921.19,1417620.4725,80214.28260356332,1617571.335
39,2012-03-02,1453047.02,0,64.05,3.63,219.5340975,7.244,2012,3,9,1,0,1412065.04,1511041.69,1396150.15,1316385.43,1440561.3299999998,50851.95329398239,1599168.8733333333
39,2012-03-09,1470764.35,0,61.64,3.669,219.7437314,7.244,2012,3,10,1,0,1453047.02,1412065.04,1442988.44,1283716.81,1454785.5475,41360.16422144496,1571795.3941666668
39,2012-03-16,1522421.07,0,65.81,3.734,219.8956335,7.244,2012,3,11,1,0,1470764.35,1453047.02,1511041.69,1348410.05,1461729.525,41049.82599703345,1528373.7525000002
39,2012-03-23,1469593.37,0,67.91,3.787,219.9705599,7.244,2012,3,12,1,0,1522421.07,1470764.35,1412065.04,1284334.79,1464574.37,45733.525588871555,1442368.6050000002
39,2012-03-30,1499727.02,0,69.11,3.845,220.0454862,7.244,2012,3,13,1,0,1469593.37,1522421.07,1453047.02,1316849.36,1478956.4525000001,30084.600291887473,1436739.7558333334
39,2012-04-06,1764847.94,0,73.49,3.891,220.1204125,6.989,2012,4,14,2,0,1499727.02,1469593.37,1470764.35,1350646.16,1490626.4525000001,25368.0357009105,1438505.5133333334
39,2012-04-13,1580732.73,0,71.59,3.891,220.1953389,6.989,2012,4,15,2,0,1764847.94,1499727.02,1522421.07,1348031.55,1564147.35,135538.7316355719,1471482.3941666668
39,2012-04-20,1433391.04,0,70.04,3.877,220.2483937,6.989,2012,4,16,2,0,1580732.73,1764847.94,1469593.37,1563140.85,1578725.2650000001,132660.18403456753,1486973.3691666666
39,2012-04-27,1456997.2,0,69.11,3.814,220.3014485,6.989,2012,4,17,2,0,1433391.04,1580732.73,1499727.02,1379651.87,1569674.6825,143388.50204945335,1496397.4883333333
39,2012-05-04,1512227.34,0,77.15,3.749,220.3545033,6.989,2012,5,18,2,0,1456997.2,1433391.04,1764847.94,1370920.87,1558992.2275,151688.13154404878,1501468.0758333334
39,2012-05-11,1470792.41,0,75.52,3.688,220.4075581,6.989,2012,5,19,2,0,1512227.34,1456997.2,1580732.73,1325022.77,1495837.0775000001,65533.594951719984,1507237.9841666669
39,2012-05-18,1522978.54,0,72.36,3.63,220.4252149,6.989,2012,5,20,2,0,1470792.41,1512227.34,1433391.04,1373907.21,1468351.9974999998,33076.684982261155,1503883.8775000002
39,2012-05-25,1596036.66,0,78.31,3.561,220.4287124,6.989,2012,5,21,2,0,1522978.54,1470792.41,1456997.2,1406124.14,1490748.8724999998,31819.867092601464,1513126.6691666667
39,2012-06-01,1640476.77,0,80.33,3.501,220.4322099,6.989,2012,6,22,2,0,1596036.66,1522978.54,1512227.34,1541745.59,1525508.7375,52124.40812197235,1525042.4725000001
39,2012-06-08,1623442.24,0,81.12,3.452,220.4357073,6.989,2012,6,23,2,0,1640476.77,1596036.66,1470792.41,1442092.08,1557571.0949999997,75454.4800298718,1539185.1741666666
39,2012-06-15,1587499.82,0,81.33,3.393,220.4494148,6.989,2012,6,24,2,0,1623442.24,1640476.77,1522978.54,1451392.67,1595733.5525,51843.066374266724,1547603.6049999997
39,2012-06-22,1532316.79,0,79.84,3.346,220.4886472,6.989,2012,6,25,2,0,1587499.82,1623442.24,1596036.66,1363167.95,1611863.8725,24473.55175869679,1557429.1425
39,2012-06-29,1492388.98,0,85.72,3.286,220.5278796,6.989,2012,6,26,2,0,1532316.79,1587499.82,1640476.77,1429829.36,1595933.905,47815.779918328575,1560144.9566666663
39,2012-07-06,1659221.99,0,81.05,3.227,220.567112,6.623,2012,7,27,3,0,1492388.98,1532316.79,1623442.24,1414564.53,1558911.9575,58063.277871847546,1537440.0433333332
39,2012-07-13,1471261.76,0,78.16,3.256,220.6063444,6.623,2012,7,28,3,0,1659221.99,1492388.98,1587499.82,1380257.12,1567856.895,72323.18748685386,1543980.8150000002
39,2012-07-20,1582168.27,0,80.32,3.311,220.6148749,6.623,2012,7,29,3,0,1471261.76,1659221.99,1532316.79,1416005.59,1538797.38,84180.13284963637,1547136.7083333333
39,2012-07-27,1487797.54,0,82.89,3.407,220.6234054,6.623,2012,7,30,3,0,1582168.27,1471261.76,1492388.98,1426418.53,1551260.25,86557.5489445101,1557567.6308333334
39,2012-08-03,1608277.74,0,84.05,3.417,220.6319358,6.623,2012,8,31,3,0,1487797.54,1582168.27,1659221.99,1518790.89,1550112.39,87622.38419615652,1555531.8141666667
39,2012-08-10,1641867.92,0,83.47,3.494,220.6404663,6.623,2012,8,32,3,0,1608277.74,1487797.54,1471261.76,1514055.97,1537376.3275000001,67976.76223804566,1566988.925
39,2012-08-17,1720221.91,0,84.72,3.571,220.7199609,6.623,2012,8,33,3,0,1641867.92,1608277.74,1582168.27,1629066.9,1580027.8675000002,66164.59784278202,1576896.3733333333
39,2012-08-24,1724669.75,0,80.49,3.62,220.8526787,6.623,2012,8,34,3,0,1720221.91,1641867.92,1487797.54,1573898.63,1614541.2774999999,96640.82707532537,1587245.1441666663
39,2012-08-31,1710923.94,0,83.72,3.638,220.9853964,6.623,2012,8,35,3,1,1724669.75,1720221.91,1608277.74,1465089.85,1673759.33,57895.14333561029,1594261.2258333333
39,2012-09-07,1609811.75,1,83.71,3.73,221.1181142,6.623,2012,9,36,3,0,1710923.94,1724669.75,1641867.92,1429345.86,1699420.88,38793.69312773562,1601551.3675
39,2012-09-14,1447614.08,0,76.71,3.717,221.2601207,6.623,2012,9,37,3,0,1609811.75,1710923.94,1720221.91,1372500.63,1691406.8375,54697.36540058324,1603410.695
39,2012-09-21,1555672.51,0,73.58,3.721,221.4578604,6.623,2012,9,38,3,0,1447614.08,1609811.75,1724669.75,1338657.95,1623254.88,127803.55799330017,1596352.1358333335
39,2012-09-28,1495607.07,0,78.04,3.666,221.6556,6.623,2012,9,39,3,0,1555672.51,1447614.08,1710923.94,1311775.83,1581005.5699999998,109762.82370492566,1601625.7633333334
39,2012-10-05,1574408.67,0,72.05,3.617,221.8533396,6.228,2012,10,40,4,0,1495607.07,1555672.51,1609811.75,1443884.39,1527176.3525,70633.83210893386,1587991.1866666665
39,2012-10-12,1494417.07,0,69.88,3.601,222.0510793,6.228,2012,10,41,4,0,1574408.67,1495607.07,1447614.08,1384721.84,1518325.5825,57897.47574591165,1596586.7625000002
39,2012-10-19,1577486.33,0,71.45,3.594,222.0951719,6.228,2012,10,42,4,0,1494417.07,1574408.67,1555672.51,1465283.29,1530026.33,41151.0368810861,1589274.1625000003
39,2012-10-26,1569502.0,0,72.9,3.506,222.1136566,6.228,2012,10,43,4,0,1577486.33,1494417.07,1495607.07,1472663.1,1535479.7850000001,46747.5057260637,1596748.2283333333
40,2011-02-04,904261.65,0,13.29,3.24,133.1834194,5.114,2011,2,5,1,0,775910.43,764014.75,894280.19,1001943.8,801380.2474999999,62126.68012516692,992548.3041666667
40,2011-02-11,931939.52,1,16.87,3.255,133.260871,5.114,2011,2,6,1,0,904261.65,775910.43,771315.62,955338.29,803875.6124999999,67103.02881404394,989946.665
40,2011-02-18,968694.45,0,21.82,3.263,133.3701429,5.114,2011,2,7,1,0,931939.52,904261.65,764014.75,916289.2,844031.5875,86407.27478598278,996570.5475
40,2011-02-25,888869.27,0,16.5,3.281,133.4921429,5.114,2011,2,8,1,0,968694.45,931939.52,775910.43,863917.41,895201.5125000001,83792.0869632901,980116.5141666667
40,2011-03-04,977070.62,0,18.49,3.437,133.6141429,5.114,2011,3,9,1,0,888869.27,968694.45,904261.65,990152.28,923441.2225,35038.795453569175,970807.1150000001
40,2011-03-11,860255.58,0,30.53,3.6,133.7361429,5.114,2011,3,10,1,0,977070.62,888869.27,931939.52,899352.4,941643.4650000001,40274.56313574826,959628.3566666666
40,2011-03-18,871024.26,0,35.76,3.634,133.8492258,5.114,2011,3,11,1,0,860255.58,977070.62,968694.45,894865.3,923722.48,58055.42113663319,933063.2966666665
40,2011-03-25,834621.39,0,28.89,3.624,133.9587419,5.114,2011,3,12,1,0,871024.26,860255.58,888869.27,873354.58,899304.9325,53169.70807983338,868246.2199999999
40,2011-04-01,841889.08,0,28.6,3.638,134.0682581,4.781,2011,4,13,2,0,834621.39,871024.26,977070.62,1041202.13,885742.9624999999,62770.489534748616,870188.1441666667
40,2011-04-08,947753.32,0,34.77,3.72,134.1777742,4.781,2011,4,14,2,0,841889.08,834621.39,860255.58,919839.19,851947.5774999999,16676.45911646842,865822.2183333333
40,2011-04-15,874446.32,0,43.69,3.823,134.2784667,4.781,2011,4,15,2,0,947753.32,841889.08,871024.26,882636.96,873822.0125,51736.72657519358,880525.36
40,2011-04-22,965056.4,0,39.32,3.919,134.3571,4.781,2011,4,16,2,0,874446.32,947753.32,834621.39,844958.49,874677.5275,51703.32467482602,889727.9908333333
40,2011-04-29,847246.5,0,52.68,3.988,134.4357333,4.781,2011,4,17,2,0,965056.4,874446.32,841889.08,816838.31,907286.2799999999,58680.56132377118,905490.1549999999
40,2011-05-06,1016752.55,0,50.81,4.078,134.5143667,4.781,2011,5,18,2,0,847246.5,965056.4,947753.32,1009797.06,908625.635,56718.69403516181,900738.8925000001
40,2011-05-13,903864.02,0,54.09,4.095,134.593,4.781,2011,5,19,2,0,1016752.55,847246.5,874446.32,907262.47,925875.4424999999,78785.0690972442,907806.645
40,2011-05-20,907110.83,0,56.38,4.101,134.6803871,4.781,2011,5,20,2,0,903864.02,1016752.55,965056.4,885613.91,933229.8674999999,73585.45859294845,902404.1091666665
40,2011-05-27,972373.81,0,63.11,4.034,134.7677742,4.781,2011,5,21,2,0,907110.83,903864.02,847246.5,1008483.07,918743.475,70885.61872787333,903924.2391666666
40,2011-06-03,1075687.74,0,66.16,3.973,134.8551613,4.781,2011,6,22,2,0,972373.81,907110.83,1016752.55,1052429.03,950025.3025,54542.02446555229,903532.8383333334
40,2011-06-10,984336.04,0,64.19,3.924,134.9425484,4.781,2011,6,23,2,0,1075687.74,972373.81,903864.02,1007574.67,964759.1000000001,80404.5620240414,921485.5183333334
40,2011-06-17,971422.67,0,59.16,3.873,135.0837333,4.781,2011,6,24,2,0,984336.04,1075687.74,907110.83,973105.3,984877.105,69404.10673168837,930928.1666666666
40,2011-06-24,977103.64,0,62.59,3.851,135.2652667,4.781,2011,6,25,2,0,971422.67,984336.04,972373.81,940405.03,1000955.0650000001,50167.10474809128,942328.2733333334
40,2011-07-01,1048866.3,0,65.25,3.815,135.4468,4.584,2011,7,26,3,0,977103.64,971422.67,1075687.74,1087578.78,1002137.5225000001,49317.42325864245,953596.1533333333
40,2011-07-08,1107366.06,0,67.86,3.784,135.6283333,4.584,2011,7,27,3,0,1048866.3,977103.64,984336.04,1058250.91,995432.1625000001,36012.59711103465,962022.235
40,2011-07-15,953252.14,0,68.9,3.827,135.7837419,4.584,2011,7,28,3,0,1107366.06,1048866.3,971422.67,959229.09,1026189.6675,64582.50142711607,981432.2133333334
40,2011-07-22,980642.1,0,73.34,3.882,135.8738387,4.584,2011,7,29,3,0,953252.14,1107366.06,977103.64,922341.82,1021647.035,70120.40914093982,980448.5249999999
40,2011-07-29,929096.9,0,67.45,3.898,135.9639355,4.584,2011,7,30,3,0,980642.1,953252.14,1048866.3,953393.02,1022531.65,69389.66257234981,991564.8250000002
40,2011-08-05,1063818.2,0,68.1,3.903,136.0540323,4.584,2011,8,31,3,0,929096.9,980642.1,1107366.06,1057295.87,992589.2999999999,79362.32783582699,984260.1875
40,2011-08-12,955506.95,0,68.3,3.88,136.144129,4.584,2011,8,32,3,0,1063818.2,929096.9,953252.14,924011.76,981702.335,58654.027341213216,997589.7025000001
40,2011-08-19,943237.12,0,64.05,3.82,136.183129,4.584,2011,8,33,3,0,955506.95,1063818.2,980642.1,932397.0,982266.0375000001,58299.22334461966,1001622.7125
40,2011-08-26,969611.3,0,65.01,3.796,136.2136129,4.584,2011,8,34,3,0,943237.12,955506.95,929096.9,922328.02,972914.7925,61555.488311428926,999194.6550000001
40,2011-09-02,957298.26,0,63.79,3.784,136.2440968,4.584,2011,9,35,3,0,969611.3,943237.12,1063818.2,976453.34,983043.3925000001,54917.470297078005,990354.9516666667
40,2011-09-09,1021391.99,1,64.83,3.809,136.2745806,4.584,2011,9,36,3,0,957298.26,969611.3,955506.95,967310.82,956413.4075,10792.027116828549,988101.8033333332
40,2011-09-16,890661.79,0,58.28,3.809,136.3145,4.584,2011,9,37,3,0,1021391.99,957298.26,943237.12,855046.95,972884.6675,34086.108814934174,992265.9133333332
40,2011-09-23,876583.98,0,54.09,3.758,136.367,4.584,2011,9,38,3,0,890661.79,1021391.99,969611.3,844373.31,959740.8350000001,53777.850530039126,985062.4258333334
40,2011-09-30,912857.1,0,63.45,3.684,136.4195,4.584,2011,9,39,3,1,876583.98,890661.79,957298.26,891152.33,936484.005,66659.05167460507,970705.5658333333
40,2011-10-07,1070389.98,0,50.21,3.633,136.472,4.42,2011,10,40,4,0,912857.1,876583.98,1021391.99,972405.38,925373.7150000001,65730.588423784,954496.4858333333
40,2011-10-14,936751.68,0,53.9,3.583,136.5150968,4.42,2011,10,41,4,0,1070389.98,912857.1,890661.79,917883.17,937623.2124999999,89761.79214672421,964257.9725
40,2011-10-21,942319.65,0,51.61,3.618,136.5017742,4.42,2011,10,42,4,0,936751.68,1070389.98,876583.98,882180.91,949145.6849999999,84529.78343715532,960600.4375000001
40,2011-10-28,941675.95,0,42.09,3.604,136.4884516,4.42,2011,10,43,4,0,942319.65,936751.68,912857.1,875038.84,965579.6025,71032.74364104679,961702.3333333334
40,2011-11-04,1011321.18,0,35.4,3.586,136.475129,4.42,2011,11,44,4,0,941675.95,942319.65,1070389.98,968270.66,972784.3150000001,65117.9514718525,951523.8125
40,2011-11-11,1037687.07,0,40.75,3.57,136.4618065,4.42,2011,11,45,4,0,1011321.18,941675.95,936751.68,935481.32,958017.1150000001,35622.96147265925,956174.9983333334
40,2011-11-18,905399.99,0,41.85,3.571,136.4666667,4.42,2011,11,46,4,0,1037687.07,1011321.18,942319.65,852452.93,983250.9625,48836.73793910119,964045.8275
40,2011-11-25,1230011.95,1,32.76,3.536,136.4788,4.42,2011,11,47,4,0,905399.99,1037687.07,941675.95,1166142.85,974021.0475000001,61100.23777965621,958694.8850000001
40,2011-12-02,1059676.62,0,38.51,3.501,136.4909333,4.42,2011,12,48,4,0,1230011.95,905399.99,1011321.18,1000582.06,1046105.0475,135278.0368681125,981421.0258333334
40,2011-12-09,1158708.98,0,34.48,3.47,136.5030667,4.42,2011,12,49,4,0,1059676.62,1230011.95,1037687.07,1111215.72,1058193.9075,133279.34295323485,984611.4116666667
40,2011-12-16,1198670.19,0,29.53,3.445,136.5335161,4.42,2011,12,50,4,0,1158708.98,1059676.62,905399.99,1179036.3,1088449.385,140607.40084191234,1006948.6774999999
40,2011-12-23,1601585.7,0,24.46,3.413,136.5883871,4.42,2011,12,51,4,0,1198670.19,1158708.98,1230011.95,1648829.18,1161766.935,74051.81926085315,1033789.195
40,2011-12-30,908853.15,1,18.75,3.402,136.6432581,4.42,2011,12,52,4,0,1601585.7,1198670.19,1059676.62,811318.3,1254660.3725,238549.37773902982,1091183.2449999999
40,2012-01-06,954576.86,0,23.29,3.439,136.698129,4.261,2012,1,1,1,0,908853.15,1601585.7,1158708.98,894280.19,1216954.505,286702.2023386568,1077721.8425
40,2012-01-13,780607.52,0,25.9,3.523,136.753,4.261,2012,1,2,1,0,954576.86,908853.15,1198670.19,771315.62,1165921.475,317083.8297605253,1079207.2741666667
40,2012-01-20,811365.42,0,14.02,3.542,136.8564194,4.261,2012,1,3,1,0,780607.52,954576.86,1601585.7,764014.75,1061405.8075,367571.6401186371,1065731.2633333334
40,2012-01-27,770157.29,0,22.91,3.568,136.9598387,4.261,2012,1,4,1,0,811365.42,780607.52,908853.15,775910.43,863850.7374999999,81528.29416330461,1054872.0525
40,2012-02-03,979552.34,0,27.86,3.633,137.0632581,4.261,2012,2,5,1,0,770157.29,811365.42,954576.86,904261.65,829176.7725,85410.18250354272,1034775.0616666666
40,2012-02-10,999785.48,1,23.92,3.655,137.1666774,4.261,2012,2,6,1,0,979552.34,770157.29,780607.52,931939.52,835420.6425000001,97666.75232902472,1029930.5008333334
40,2012-02-17,975500.87,0,25.56,3.703,137.2583103,4.261,2012,2,7,1,0,999785.48,979552.34,811365.42,968694.45,890215.1325000001,116358.58427329686,1037795.9583333334
40,2012-02-24,919301.81,0,29.88,3.751,137.3411034,4.261,2012,2,8,1,0,975500.87,999785.48,770157.29,888869.27,931248.995,107918.53219777737,1016586.7016666667
40,2012-03-02,927732.02,0,23.79,3.827,137.4238966,4.261,2012,3,9,1,0,919301.81,975500.87,979552.34,977070.62,968535.125,34498.331473070306,1004888.8008333334
40,2012-03-09,954233.87,0,30.58,3.876,137.5066897,4.261,2012,3,10,1,0,927732.02,919301.81,999785.48,860255.58,955580.045,38481.95500636971,985640.7208333333
40,2012-03-16,891154.18,0,37.13,3.867,137.5843871,4.261,2012,3,11,1,0,954233.87,927732.02,975500.87,871024.26,944192.1425000001,25635.50268364977,965271.0275000002
40,2012-03-23,844490.86,0,52.27,3.889,137.6552903,4.261,2012,3,12,1,0,891154.18,954233.87,919301.81,834621.39,923105.4700000001,25985.47679970177,906068.4008333334
40,2012-03-30,871945.64,0,36.25,3.921,137.7261935,4.261,2012,3,13,1,0,844490.86,891154.18,927732.02,841889.08,904402.7325,47582.75082984212,900704.8766666666
40,2012-04-06,1132064.23,0,36.54,3.957,137.7970968,4.125,2012,4,14,2,0,871945.64,844490.86,954233.87,947753.32,890456.1375000001,46631.64762091806,893818.9416666668
40,2012-04-13,857811.17,0,40.65,4.025,137.868,4.125,2012,4,15,2,0,1132064.23,871945.64,891154.18,874446.32,934913.7275,132821.30055546903,923107.0008333335
40,2012-04-20,896979.93,0,55.3,4.046,137.9230667,4.125,2012,4,16,2,0,857811.17,1132064.23,844490.86,965056.4,926577.975,137448.73097560144,926977.4800000001
40,2012-04-27,875372.91,0,47.51,4.023,137.9781333,4.125,2012,4,17,2,0,896979.93,857811.17,871945.64,847246.5,939700.2425,129261.27951020015,937546.0333333333
40,2012-05-04,993311.59,0,44.47,3.991,138.0332,4.125,2012,5,18,2,0,875372.91,896979.93,1132064.23,1016752.55,940557.06,128672.47587519974,928864.4141666667
40,2012-05-11,967729.35,0,52.06,3.947,138.0882667,4.125,2012,5,19,2,0,993311.59,875372.91,857811.17,903864.02,905868.9,60456.01332354907,928324.9233333333
40,2012-05-18,896295.41,0,57.59,3.899,138.1065806,4.125,2012,5,20,2,0,967729.35,993311.59,896979.93,907110.83,933348.4450000001,56158.87264049123,927677.2966666667
40,2012-05-25,991054.49,0,65.25,3.85,138.1101935,4.125,2012,5,21,2,0,896295.41,967729.35,875372.91,972373.81,933177.315,56307.48412733765,925760.0966666667
40,2012-06-01,1037464.27,0,64.75,3.798,138.1138065,4.125,2012,6,22,2,0,991054.49,896295.41,993311.59,1075687.74,962097.71,45366.872888351216,931036.9691666667
40,2012-06-08,1079386.88,0,55.78,3.746,138.1174194,4.125,2012,6,23,2,0,1037464.27,991054.49,967729.35,984336.04,973135.88,58858.32351442734,937972.8358333334
40,2012-06-15,977950.28,0,63.39,3.683,138.1295333,4.125,2012,6,24,2,0,1079386.88,1037464.27,896295.41,971422.67,1001050.2625,78604.70760652237,953658.8941666667
40,2012-06-22,1033552.18,0,69.32,3.629,138.1629,4.125,2012,6,25,2,0,977950.28,1079386.88,991054.49,977103.64,1021463.98,46293.450919990886,964780.5125000001
40,2012-06-29,988764.84,0,64.42,3.577,138.1962667,4.125,2012,6,26,2,0,1033552.18,977950.28,1037464.27,1048866.3,1032088.4025,41629.816548521296,978247.7241666666
40,2012-07-06,1182901.56,0,69.08,3.538,138.2296333,4.156,2012,7,27,3,0,988764.84,1033552.18,1079386.88,1107366.06,1019913.5449999999,46383.35683311175,966306.1083333334
40,2012-07-13,979848.71,0,67.48,3.561,138.263,4.156,2012,7,28,3,0,1182901.56,988764.84,977950.28,953252.14,1045792.2150000001,94522.3793378506,993396.9741666666
40,2012-07-20,968502.38,0,70.45,3.61,138.2331935,4.156,2012,7,29,3,0,979848.71,1182901.56,1033552.18,980642.1,1046266.8225,94071.88259533266,1000302.7058333332
40,2012-07-27,954396.85,0,67.88,3.701,138.2033871,4.156,2012,7,30,3,0,968502.38,979848.71,988764.84,929096.9,1030004.3725,102268.16798416682,1008063.495
40,2012-08-03,1068346.76,0,70.15,3.698,138.1735806,4.156,2012,8,31,3,0,954396.85,968502.38,1182901.56,1063818.2,1021412.375,108161.67417670455,1004820.6
40,2012-08-10,1007906.43,0,70.09,3.772,138.1437742,4.156,2012,8,32,3,0,1068346.76,954396.85,979848.71,955506.95,992773.6749999999,51446.484670082216,1013205.3841666667
40,2012-08-17,969387.48,0,69.41,3.84,138.1857097,4.156,2012,8,33,3,0,1007906.43,1068346.76,968502.38,943237.12,999788.1050000001,51007.70855294377,1022506.3024999999
40,2012-08-24,945318.47,0,63.91,3.874,138.2814516,4.156,2012,8,34,3,0,969387.48,1007906.43,954396.85,969611.3,1000009.38,50828.3534934937,1020700.7183333333
40,2012-08-31,987264.67,0,66.11,3.884,138.3771935,4.156,2012,8,35,3,1,945318.47,969387.48,1068346.76,957298.26,997739.7849999999,53667.34902573376,1013021.9016666667
40,2012-09-07,1088248.4,1,65.06,3.921,138.4729355,4.156,2012,9,36,3,0,987264.67,945318.47,1007906.43,1021391.99,977469.2625,26591.727035994543,1005345.0508333334
40,2012-09-14,901709.82,0,59.38,3.988,138.5673,4.156,2012,9,37,3,0,1088248.4,987264.67,969387.48,890661.79,997554.7549999999,62857.637945389375,1014536.5608333334
40,2012-09-21,899768.4,0,54.12,4.056,138.6534,4.156,2012,9,38,3,0,901709.82,1088248.4,945318.47,876583.98,980635.34,79793.56221458974,1003549.6974999999
40,2012-09-28,919595.44,0,50.98,4.018,138.7395,4.156,2012,9,39,3,0,899768.4,901709.82,987264.67,912857.1,969247.8225,89208.58735158549,996133.3275
40,2012-10-05,1069112.0,0,57.21,4.027,138.8256,4.145,2012,10,40,4,0,919595.44,899768.4,1088248.4,1070389.98,952330.515,91050.32911104047,974191.1508333333
40,2012-10-12,982523.26,0,47.35,4.029,138.9117,4.145,2012,10,41,4,0,1069112.0,919595.44,901709.82,936751.68,947546.415,81533.59352311662,981629.7583333334
40,2012-10-19,918170.5,0,46.33,4.0,138.8336129,4.145,2012,10,42,4,0,982523.26,1069112.0,899768.4,942319.65,967749.7749999999,76229.6176958795,982798.165
40,2012-10-26,921264.52,0,49.65,3.917,138.7281613,4.145,2012,10,43,4,0,918170.5,982523.26,919595.44,941675.95,972350.3,71145.02016705573,979779.3025000001
41,2011-02-04,1179420.5,0,14.56,3.011,191.7625895,7.241,2011,2,5,1,0,1026439.93,1088025.8,1153596.53,1086533.18,1080167.855,55074.764961789224,1337047.4958333333
41,2011-02-11,1150003.36,1,16.81,3.037,191.8572881,7.241,2011,2,6,1,0,1179420.5,1026439.93,1052609.16,1075656.34,1086623.8475000001,66813.88846986115,1337388.685
41,2011-02-18,1203399.64,0,39.39,3.051,191.9178331,7.241,2011,2,7,1,0,1150003.36,1179420.5,1088025.8,1052034.74,1110972.3975,68021.67097818671,1335542.6916666667
41,2011-02-25,1099714.93,0,26.1,3.101,191.9647167,7.241,2011,2,8,1,0,1203399.64,1150003.36,1026439.93,991941.73,1139815.8575,78675.09400107585,1280269.1975
41,2011-03-04,1229257.7,0,34.99,3.232,192.0116004,7.241,2011,3,9,1,0,1099714.93,1203399.64,1179420.5,1063557.49,1158134.6075,44650.45088185679,1270235.7958333334
41,2011-03-11,1159089.6,0,31.6,3.372,192.058484,7.241,2011,3,10,1,0,1229257.7,1099714.93,1150003.36,1023997.71,1170593.9075,57635.22283332554,1253098.26
41,2011-03-18,1115504.26,0,40.19,3.406,192.1237981,7.241,2011,3,11,1,0,1159089.6,1229257.7,1203399.64,1006597.69,1172865.4674999998,56725.05395476106,1214030.3366666667
41,2011-03-25,1140578.16,0,41.11,3.414,192.1964844,7.241,2011,3,12,1,0,1115504.26,1159089.6,1099714.93,1015196.46,1150891.6225,57964.84054371212,1121570.9641666666
41,2011-04-01,1179125.48,0,38.16,3.461,192.2691707,6.934,2011,4,13,2,0,1140578.16,1115504.26,1229257.7,1168826.39,1161107.4300000002,48818.13522235705,1133136.6308333334
41,2011-04-08,1206252.12,0,42.87,3.532,192.3418571,6.934,2011,4,14,2,0,1179125.48,1140578.16,1159089.6,1082158.21,1148574.375,27089.431727536325,1135264.0433333332
41,2011-04-15,1192982.07,0,39.94,3.611,192.4225954,6.934,2011,4,15,2,0,1206252.12,1179125.48,1115504.26,1043388.79,1160365.005,40255.8005023679,1148067.6233333333
41,2011-04-22,1304481.75,0,42.86,3.636,192.5234638,6.934,2011,4,16,2,0,1192982.07,1206252.12,1140578.16,1067340.74,1179734.4575,28356.49337112197,1156813.9791666667
41,2011-04-29,1178841.05,0,39.81,3.663,192.6243322,6.934,2011,4,17,2,0,1304481.75,1192982.07,1179125.48,1063960.11,1220710.355,56935.187706049626,1179984.1308333334
41,2011-05-06,1244956.91,0,41.2,3.735,192.7252006,6.934,2011,5,18,2,0,1178841.05,1304481.75,1206252.12,1175738.22,1220639.2475,57004.57129236942,1179935.8433333333
41,2011-05-13,1270025.74,0,50.29,3.767,192.826069,6.934,2011,5,19,2,0,1244956.91,1178841.05,1192982.07,1116439.02,1230315.445,57033.34558018691,1187848.6391666667
41,2011-05-20,1244542.33,0,41.11,3.828,192.831317,6.934,2011,5,20,2,0,1270025.74,1244956.91,1304481.75,1163234.33,1249576.3624999998,53096.146729419735,1193400.8141666667
41,2011-05-27,1278304.33,0,50.56,3.795,192.8365651,6.934,2011,5,21,2,0,1244542.33,1270025.74,1178841.05,1246654.24,1234591.5074999998,39030.581094564164,1205469.7641666667
41,2011-06-03,1297584.95,0,54.81,3.763,192.8418131,6.934,2011,6,22,2,0,1278304.33,1244542.33,1244956.91,1305068.1,1259457.3275000001,17316.85213990126,1209556.9833333334
41,2011-06-10,1311690.11,0,61.1,3.735,192.8470612,6.934,2011,6,23,2,0,1297584.95,1278304.33,1270025.74,1217199.39,1272614.3375,21989.73961778072,1221098.2625
41,2011-06-17,1289151.84,0,62.3,3.697,192.9034759,6.934,2011,6,24,2,0,1311690.11,1297584.95,1244542.33,1202963.06,1283030.4300000002,29079.66742676574,1237447.0833333333
41,2011-06-24,1244381.98,0,59.54,3.661,192.9982655,6.934,2011,6,25,2,0,1289151.84,1311690.11,1278304.33,1174209.52,1294182.8075,14089.202675831442,1249828.2233333334
41,2011-07-01,1333347.78,0,67.01,3.597,193.0930552,6.901,2011,7,26,3,0,1244381.98,1289151.84,1297584.95,1273279.79,1285702.22,29073.652509377574,1255266.2650000001
41,2011-07-08,1338862.58,0,68.49,3.54,193.1878448,6.901,2011,7,27,3,0,1333347.78,1244381.98,1311690.11,1176079.59,1294642.9275,38056.91756552096,1265857.57
41,2011-07-15,1245772.7,0,68.18,3.532,193.3125484,6.901,2011,7,28,3,0,1338862.58,1333347.78,1289151.84,1179788.38,1301436.045,44064.99887788409,1278014.2791666666
41,2011-07-22,1292830.93,0,74.11,3.545,193.5120367,6.901,2011,7,29,3,0,1245772.7,1338862.58,1244381.98,1192213.87,1290591.26,52606.21387772206,1273121.8583333332
41,2011-07-29,1248330.1,0,71.3,3.547,193.711525,6.901,2011,7,30,3,0,1292830.93,1245772.7,1333347.78,1211136.63,1302703.4975,43147.55531974266,1282621.015
41,2011-08-05,1402233.69,0,72.19,3.554,193.9110133,6.901,2011,8,31,3,0,1248330.1,1292830.93,1338862.58,1338132.72,1281449.0775000001,43952.729978991454,1282902.1141666668
41,2011-08-12,1356689.88,0,67.65,3.542,194.1105017,6.901,2011,8,32,3,0,1402233.69,1248330.1,1245772.7,1285976.53,1297291.855,73221.50269244217,1293919.4433333334
41,2011-08-19,1412959.97,0,70.55,3.499,194.2500634,6.901,2011,8,33,3,0,1356689.88,1402233.69,1292830.93,1353838.39,1325021.15,68025.5153277463,1303265.0725
41,2011-08-26,1328740.71,0,71.61,3.485,194.3796374,6.901,2011,8,34,3,0,1412959.97,1356689.88,1248330.1,1173131.63,1355053.41,75214.56295897721,1314486.3758333332
41,2011-09-02,1283849.38,0,70.37,3.511,194.5092113,6.901,2011,9,35,3,0,1328740.71,1412959.97,1402233.69,1223355.5,1375156.0625,39402.69947233178,1317082.6891666667
41,2011-09-09,1280958.97,1,58.31,3.566,194.6387853,6.901,2011,9,36,3,0,1283849.38,1328740.71,1356689.88,1172672.27,1345559.9849999999,54029.98957894842,1314762.6283333332
41,2011-09-16,1197019.39,0,54.82,3.596,194.7419707,6.901,2011,9,37,3,0,1280958.97,1283849.38,1412959.97,1111170.91,1326627.2574999998,61572.026158167144,1314079.8891666667
41,2011-09-23,1173059.79,0,55.06,3.581,194.8099713,6.901,2011,9,38,3,0,1197019.39,1280958.97,1328740.71,1110941.78,1272642.1125,54956.41231397841,1310133.0066666666
41,2011-09-30,1160619.61,0,61.77,3.538,194.8779718,6.901,2011,9,39,3,1,1173059.79,1197019.39,1283849.38,1109216.35,1233721.8825,57070.3392411139,1296775.6741666666
41,2011-10-07,1277882.77,0,58.74,3.498,194.9459724,6.759,2011,10,40,4,0,1160619.61,1173059.79,1280958.97,1162042.24,1202914.44,54178.26454946694,1281922.0933333333
41,2011-10-14,1247130.22,0,47.43,3.491,195.0261012,6.759,2011,10,41,4,0,1277882.77,1160619.61,1197019.39,1133913.33,1202145.3900000001,52702.9067422095,1284597.9325
41,2011-10-21,1214944.29,0,45.62,3.548,195.1789994,6.759,2011,10,42,4,0,1247130.22,1277882.77,1173059.79,1156003.7,1214673.0975000001,56869.3660082495,1280789.54
41,2011-10-28,1274463.02,0,37.02,3.55,195.3318977,6.759,2011,10,43,4,0,1214944.29,1247130.22,1160619.61,1144854.56,1225144.2225000001,50107.22742200205,1278007.3891666667
41,2011-11-04,1315684.86,0,35.04,3.527,195.4847959,6.759,2011,11,44,4,0,1274463.02,1214944.29,1277882.77,1163878.49,1253605.075,29217.805006676168,1267359.8333333333
41,2011-11-11,1302499.23,0,32.87,3.505,195.6376941,6.759,2011,11,45,4,0,1315684.86,1274463.02,1247130.22,1175326.23,1263055.5975000001,42693.80953278673,1263942.7483333333
41,2011-11-18,1230118.02,0,36.64,3.479,195.7184713,6.759,2011,11,46,4,0,1302499.23,1315684.86,1214944.29,1172155.28,1276897.85,44736.39382146672,1254737.6866666668
41,2011-11-25,1906713.35,1,36.37,3.424,195.7704,6.759,2011,11,47,4,0,1230118.02,1302499.23,1274463.02,1866681.57,1280691.2825000002,37844.344245321336,1246519.1291666667
41,2011-12-02,1292436.23,0,34.53,3.378,195.8223287,6.759,2011,12,48,4,0,1906713.35,1230118.02,1315684.86,1220115.75,1438753.865,314232.5577079304,1298424.46
41,2011-12-09,1548661.45,0,17.05,3.331,195.8742575,6.759,2011,12,49,4,0,1292436.23,1906713.35,1302499.23,1434908.13,1432941.7075,317466.033139551,1299380.8983333332
41,2011-12-16,1682368.32,0,25.01,3.266,195.9841685,6.759,2011,12,50,4,0,1548661.45,1292436.23,1230118.02,1627904.68,1494482.2625,307452.38429236674,1328684.4033333336
41,2011-12-23,2263722.68,0,25.59,3.173,196.1713893,6.759,2011,12,51,4,0,1682368.32,1548661.45,1906713.35,2225016.73,1607544.8375,256814.48573432362,1371126.7808333335
41,2011-12-30,1264014.16,1,34.12,3.119,196.3586101,6.759,2011,12,52,4,0,2263722.68,1682368.32,1292436.23,1001790.16,1696797.17,411122.32037788344,1463052.0366666669
41,2012-01-06,1208191.61,0,37.21,3.095,196.5458309,6.589,2012,1,1,1,0,1264014.16,2263722.68,1548661.45,1153596.53,1689691.6524999999,420577.41949605837,1461896.3191666668
41,2012-01-13,1134767.28,0,27.49,3.077,196.7330517,6.589,2012,1,2,1,0,1208191.61,1264014.16,1682368.32,1052609.16,1604574.1925000001,487725.6545411552,1458651.4349999998
41,2012-01-20,1116295.24,0,31.56,3.055,196.7796652,6.589,2012,1,3,1,0,1134767.28,1208191.61,2263722.68,1088025.8,1467673.9325,533331.924883501,1451970.0175
41,2012-01-27,1079398.81,0,33.15,3.038,196.8262786,6.589,2012,1,4,1,0,1116295.24,1134767.28,1264014.16,1026439.93,1180817.0725,68202.56820744631,1438789.3691666666
41,2012-02-03,1208825.6,0,31.65,3.031,196.8728921,6.589,2012,2,5,1,0,1079398.81,1116295.24,1208191.61,1179420.5,1134663.2349999999,54154.01698367611,1419098.8650000002
41,2012-02-10,1238844.56,1,22.0,3.103,196.9195056,6.589,2012,2,6,1,0,1208825.6,1079398.81,1134767.28,1150003.36,1134821.7325,54441.11997631757,1411292.7291666667
41,2012-02-17,1330451.46,0,22.52,3.113,196.9432711,6.589,2012,2,7,1,0,1238844.56,1208825.6,1116295.24,1203399.64,1160841.0525,75286.63505961237,1412019.9408333332
41,2012-02-24,1224915.66,0,27.89,3.129,196.9499007,6.589,2012,2,8,1,0,1330451.46,1238844.56,1079398.81,1099714.93,1214380.1075,103797.67424442686,1363998.1166666665
41,2012-03-02,1239813.26,0,27.39,3.191,196.9565303,6.589,2012,3,9,1,0,1224915.66,1330451.46,1208825.6,1229257.7,1250759.32,54525.621863709064,1358371.4025
41,2012-03-09,1243814.77,0,35.3,3.286,196.9631599,6.589,2012,3,10,1,0,1239813.26,1224915.66,1238844.56,1159089.6,1258506.2349999999,48443.956992552645,1332634.0533333335
41,2012-03-16,1201511.62,0,47.76,3.486,197.0457208,6.589,2012,3,11,1,0,1243814.77,1239813.26,1330451.46,1115504.26,1259748.7875,47831.415201268595,1296087.9241666666
41,2012-03-23,1215354.38,0,44.04,3.664,197.2295234,6.589,2012,3,12,1,0,1201511.62,1243814.77,1224915.66,1140578.16,1227513.8275000001,19147.341290136334,1207570.3358333332
41,2012-03-30,1239423.19,0,51.56,3.75,197.4133259,6.589,2012,3,13,1,0,1215354.38,1201511.62,1239813.26,1179125.48,1225123.5074999998,20150.34495801071,1203515.3541666667
41,2012-04-06,1460234.31,0,48.48,3.854,197.5971285,6.547,2012,4,14,2,0,1239423.19,1215354.38,1243814.77,1206252.12,1225025.99,20056.281295551005,1206117.9858333333
41,2012-04-13,1323004.73,0,46.84,3.901,197.780931,6.547,2012,4,15,2,0,1460234.31,1239423.19,1201511.62,1192982.07,1279130.875,121747.47701437862,1233240.2383333335
41,2012-04-20,1220815.33,0,43.57,3.936,197.7227385,6.547,2012,4,16,2,0,1323004.73,1460234.31,1215354.38,1304481.75,1309504.1524999999,110570.2897701095,1250466.0291666668
41,2012-04-27,1248950.65,0,57.66,3.927,197.664546,6.547,2012,4,17,2,0,1220815.33,1323004.73,1239423.19,1178841.05,1310869.3900000001,109043.47607024615,1262250.7391666668
41,2012-05-04,1359770.73,0,52.86,3.903,197.6063534,6.547,2012,5,18,2,0,1248950.65,1220815.33,1460234.31,1244956.91,1313251.255,107048.45750979903,1265594.4933333334
41,2012-05-11,1353285.1,0,50.22,3.87,197.5481609,6.547,2012,5,19,2,0,1359770.73,1248950.65,1323004.73,1270025.74,1288135.3599999999,64329.69023247921,1275671.6741666666
41,2012-05-18,1331514.44,0,55.24,3.837,197.5553137,6.547,2012,5,20,2,0,1353285.1,1359770.73,1220815.33,1244542.33,1295705.4525000001,71214.03792384543,1277574.4774999998
41,2012-05-25,1424500.47,0,54.89,3.804,197.5886046,6.547,2012,5,21,2,0,1331514.44,1353285.1,1248950.65,1278304.33,1323380.23,51070.20491855257,1286457.7091666667
41,2012-06-01,1374891.36,0,57.29,3.764,197.6218954,6.547,2012,6,22,2,0,1424500.47,1331514.44,1359770.73,1297584.95,1367267.685,40023.33995908738,1301848.3099999998
41,2012-06-08,1436383.84,0,65.11,3.741,197.6551863,6.547,2012,6,23,2,0,1374891.36,1424500.47,1353285.1,1311690.11,1371047.8425,39792.633102859756,1312771.3591666666
41,2012-06-15,1384584.59,0,64.92,3.723,197.692292,6.547,2012,6,24,2,0,1436383.84,1374891.36,1331514.44,1289151.84,1391822.5275,48226.16284610913,1332344.0441666667
41,2012-06-22,1386407.17,0,66.88,3.735,197.7389345,6.547,2012,6,25,2,0,1384584.59,1436383.84,1424500.47,1244381.98,1405090.065,29936.045523019915,1346446.5616666668
41,2012-06-29,1355600.01,0,76.54,3.693,197.785577,6.547,2012,6,26,2,0,1386407.17,1384584.59,1374891.36,1333347.78,1395566.74,27676.779266883917,1358695.2266666668
41,2012-07-06,1456300.89,0,74.47,3.646,197.8322195,6.432,2012,7,27,3,0,1355600.01,1386407.17,1436383.84,1338862.58,1390743.9024999999,33540.23183335858,1349975.7016666667
41,2012-07-13,1332594.07,0,67.24,3.613,197.8788621,6.432,2012,7,28,3,0,1456300.89,1355600.01,1384584.59,1245772.7,1395723.165,42779.99512701364,1361083.715
41,2012-07-20,1347175.93,0,74.06,3.585,197.9290378,6.432,2012,7,29,3,0,1332594.07,1456300.89,1386407.17,1292830.93,1382725.535,53776.83884729154,1370398.6099999999
41,2012-07-27,1344723.97,0,73.31,3.57,197.9792136,6.432,2012,7,30,3,0,1347175.93,1332594.07,1355600.01,1248330.1,1372917.725,56395.30896750507,1378584.05
41,2012-08-03,1439607.35,0,73.16,3.528,198.0293893,6.432,2012,8,31,3,0,1344723.97,1347175.93,1456300.89,1402233.69,1370198.715,57754.37971063167,1377330.1533333333
41,2012-08-10,1504545.94,0,71.73,3.509,198.0795651,6.432,2012,8,32,3,0,1439607.35,1344723.97,1332594.07,1356689.88,1366025.33,49467.196641408045,1384523.6741666666
41,2012-08-17,1560590.05,0,65.77,3.545,198.1001057,6.432,2012,8,33,3,0,1504545.94,1439607.35,1347175.93,1412959.97,1409013.2974999999,77501.5257508728,1398942.9658333333
41,2012-08-24,1464462.85,0,69.07,3.558,198.0984199,6.432,2012,8,34,3,0,1560590.05,1504545.94,1344723.97,1328740.71,1462366.8275000001,92708.70995832831,1410283.764166667
41,2012-08-31,1360517.52,0,71.56,3.556,198.0967341,6.432,2012,8,35,3,1,1464462.85,1560590.05,1439607.35,1283849.38,1492301.5475,52804.40717103703,1417748.055
41,2012-09-07,1392143.82,1,67.41,3.596,198.0950484,6.432,2012,9,36,3,0,1360517.52,1464462.85,1504545.94,1280958.97,1472529.0899999999,84442.22364364185,1411425.8616666666
41,2012-09-14,1306644.25,0,59.39,3.659,198.1267184,6.432,2012,9,37,3,0,1392143.82,1360517.52,1560590.05,1197019.39,1444428.56,88824.96121694469,1412055.7975
41,2012-09-21,1276609.36,0,59.81,3.765,198.358523,6.432,2012,9,38,3,0,1306644.25,1392143.82,1464462.85,1173059.79,1380942.1099999999,65925.53423957711,1405408.8875
41,2012-09-28,1307928.01,0,56.08,3.789,198.5903276,6.432,2012,9,39,3,0,1276609.36,1306644.25,1360517.52,1160619.61,1333978.7375,52044.54335932078,1398826.3333333333
41,2012-10-05,1400160.95,0,50.14,3.779,198.8221322,6.195,2012,10,40,4,0,1307928.01,1276609.36,1392143.82,1277882.77,1320831.36,49695.14653239134,1386461.9266666665
41,2012-10-12,1409544.97,0,39.38,3.76,199.0539368,6.195,2012,10,41,4,0,1400160.95,1307928.01,1306644.25,1247130.22,1322835.6425,53542.72770907613,1392092.5
41,2012-10-19,1326197.24,0,49.56,3.75,199.1481963,6.195,2012,10,42,4,0,1409544.97,1400160.95,1276609.36,1214944.29,1348560.8225,66356.807768981,1397289.9200000002
41,2012-10-26,1316542.59,0,41.8,3.686,199.2195317,6.195,2012,10,43,4,0,1326197.24,1409544.97,1307928.01,1274463.02,1360957.7925,51374.62154764212,1395746.0258333334
42,2011-02-04,586886.16,0,44.88,3.348,127.7195806,8.744,2011,2,5,1,0,499081.79,533414.62,592947.75,543384.01,559835.8275,52941.40008756367,540121.6166666666
42,2011-02-11,628063.88,1,51.51,3.381,127.859129,8.744,2011,2,6,1,0,586886.16,499081.79,613899.15,575709.96,558320.4299999999,51751.04149701397,539979.4125
42,2011-02-18,556485.1,0,61.77,3.43,127.99525,8.744,2011,2,7,1,0,628063.88,586886.16,533414.62,508794.87,561861.6125,57036.55463866384,548625.0516666666
42,2011-02-25,526904.08,0,53.59,3.398,128.13,8.744,2011,2,8,1,0,556485.1,628063.88,499081.79,491510.58,567629.2324999999,54301.9933263898,551474.0841666667
42,2011-03-04,570879.04,0,56.96,3.674,128.26475,8.744,2011,3,9,1,0,526904.08,556485.1,586886.16,554972.42,574584.805,43252.69030285578,553695.1908333333
42,2011-03-11,607294.56,0,64.22,3.63,128.3995,8.744,2011,3,10,1,0,570879.04,526904.08,628063.88,588363.62,570583.025,42468.56893448718,552503.8408333334
42,2011-03-18,558239.32,0,70.12,3.892,128.5121935,8.744,2011,3,11,1,0,607294.56,570879.04,556485.1,519914.1,565390.6950000001,33399.52589104361,558323.75
42,2011-03-25,522673.62,0,62.53,3.716,128.6160645,8.744,2011,3,12,1,0,558239.32,607294.56,526904.08,478021.68,565829.25,33254.81523716517,558587.4208333334
42,2011-04-01,508432.17,0,67.64,3.772,128.7199355,8.494,2011,4,13,2,0,522673.62,558239.32,570879.04,505907.41,564771.635,34930.471666770056,566397.4225
42,2011-04-08,620087.35,0,73.03,3.818,128.8238065,8.494,2011,4,14,2,0,508432.17,522673.62,607294.56,582552.26,549159.9175,44054.305805608,559354.4575
42,2011-04-15,597644.02,0,61.05,4.089,128.9107333,8.494,2011,4,15,2,0,620087.35,508432.17,558239.32,549528.16,552358.115,49774.47717282854,559870.1408333333
42,2011-04-22,534597.69,0,75.93,3.917,128.9553,8.494,2011,4,16,2,0,597644.02,620087.35,522673.62,492364.77,562209.29,54956.157548175834,565222.5908333333
42,2011-04-29,496010.17,0,73.38,4.151,128.9998667,8.494,2011,4,17,2,0,534597.69,597644.02,508432.17,477615.87,565190.3074999999,52358.77242083266,568182.2491666666
42,2011-05-06,612337.35,0,73.56,4.193,129.0444333,8.494,2011,5,18,2,0,496010.17,534597.69,620087.35,582846.22,562084.8075,57009.215276420146,560609.25
42,2011-05-13,603024.75,0,74.04,4.202,129.089,8.494,2011,5,19,2,0,612337.35,496010.17,597644.02,564345.55,560147.3075,54455.36198131962,559298.7058333334
42,2011-05-20,524559.95,0,72.62,3.99,129.0756774,8.494,2011,5,20,2,0,603024.75,612337.35,534597.69,504403.16,561492.49,55741.64484102699,563177.0099999999
42,2011-05-27,503295.29,0,78.62,3.933,129.0623548,8.494,2011,5,21,2,0,524559.95,603024.75,496010.17,484097.03,558983.0549999999,57552.54438767031,562981.6658333333
42,2011-06-03,545109.3,0,81.87,3.893,129.0490323,8.494,2011,6,22,2,0,503295.29,524559.95,612337.35,556046.12,560804.335,54951.98139770964,557349.6866666666
42,2011-06-10,616701.99,0,84.57,3.981,129.0357097,8.494,2011,6,23,2,0,545109.3,503295.29,603024.75,607218.6,543997.3225,42894.99034682683,552167.5816666667
42,2011-06-17,546675.65,0,87.96,3.935,129.0432,8.494,2011,6,24,2,0,616701.99,545109.3,524559.95,529418.64,547416.6325000001,49243.96865294434,557039.4708333333
42,2011-06-24,501780.66,0,90.69,3.807,129.0663,8.494,2011,6,25,2,0,546675.65,616701.99,503295.29,484327.56,552945.5575,47013.29747923624,559039.64
42,2011-07-01,506343.83,0,95.36,3.842,129.0894,8.257,2011,7,26,3,0,501780.66,546675.65,545109.3,507168.8,552566.9,47549.53405649106,558485.3475
42,2011-07-08,593234.27,0,88.57,3.793,129.1125,8.257,2011,7,27,3,0,506343.83,501780.66,616701.99,570069.48,542875.5325,53191.9184129598,549006.7208333333
42,2011-07-15,591703.82,0,86.01,3.779,129.1338387,8.257,2011,7,28,3,0,593234.27,506343.83,546675.65,558837.27,537008.6025,42568.038473514935,548639.2416666667
42,2011-07-22,511316.29,0,88.59,3.697,129.1507742,8.257,2011,7,29,3,0,591703.82,593234.27,501780.66,491115.86,548265.645,51079.49583758545,553398.0858333333
42,2011-07-29,479256.8,0,86.75,3.694,129.1677097,8.257,2011,7,30,3,0,511316.29,591703.82,506343.83,469598.57,550649.5525,48335.679125801376,554673.5958333333
42,2011-08-05,572603.33,0,89.8,3.803,129.1846452,8.257,2011,8,31,3,0,479256.8,511316.29,593234.27,579544.21,543877.7949999999,57618.03795797905,543583.55
42,2011-08-12,603147.26,0,85.61,3.794,129.2015806,8.257,2011,8,32,3,0,572603.33,479256.8,591703.82,583079.97,538720.0599999999,52415.64877550424,541048.4316666666
42,2011-08-19,526641.23,0,87.4,3.743,129.2405806,8.257,2011,8,33,3,0,603147.26,572603.33,511316.29,500945.63,541580.9199999999,56430.03900410683,547597.3741666666
42,2011-08-26,503720.98,0,91.59,3.663,129.2832581,8.257,2011,8,34,3,0,526641.23,603147.26,479256.8,465993.51,545412.155,54165.12090442626,549542.8691666666
42,2011-09-02,537124.76,0,91.61,3.798,129.3259355,8.257,2011,9,35,3,0,503720.98,526641.23,572603.33,524658.06,551528.2,44771.94069097972,546093.8424999999
42,2011-09-09,608390.94,1,89.06,3.771,129.3686129,8.257,2011,9,36,3,0,537124.76,503720.98,603147.26,589091.04,542658.5575,42670.035414075304,539462.4066666666
42,2011-09-16,576837.09,0,77.49,3.784,129.4306,8.257,2011,9,37,3,0,608390.94,537124.76,526641.23,536871.58,543969.4775,45155.969338588024,544605.3475
42,2011-09-23,528486.45,0,82.51,3.789,129.5183333,8.257,2011,9,38,3,0,576837.09,608390.94,503720.98,492262.96,556518.4425,45706.6384692146,550860.0499999999
42,2011-09-30,510243.79,0,82.27,3.877,129.6060667,8.257,2011,9,39,3,1,528486.45,576837.09,537124.76,481523.93,562709.8099999999,37023.32072026752,552705.2683333333
42,2011-10-07,649111.23,0,75.01,3.827,129.6938,7.874,2011,10,40,4,0,510243.79,528486.45,608390.94,599759.45,555989.5675,44831.6133458302,545789.395
42,2011-10-14,613531.11,0,70.27,3.698,129.7706452,7.874,2011,10,41,4,0,649111.23,510243.79,576837.09,559285.35,566169.6399999999,62023.719516620324,550573.3458333333
42,2011-10-21,537276.41,0,77.91,3.842,129.7821613,7.874,2011,10,42,4,0,613531.11,649111.23,528486.45,522467.51,575343.145,66667.15063944523,559091.2474999999
42,2011-10-28,515599.7,0,72.79,3.843,129.7936774,7.874,2011,10,43,4,0,537276.41,613531.11,510243.79,476967.65,577540.635,64724.38366176031,563926.215
42,2011-11-04,597667.21,0,68.57,3.828,129.8051935,7.874,2011,11,44,4,0,515599.7,537276.41,649111.23,565390.4,578879.6125,62897.748131186185,559175.9125
42,2011-11-11,643125.29,0,55.28,3.677,129.8167097,7.874,2011,11,45,4,0,597667.21,515599.7,613531.11,588592.61,566018.6074999999,47000.89390865538,558719.2416666666
42,2011-11-18,567673.87,0,58.97,3.669,129.8268333,7.874,2011,11,46,4,0,643125.29,597667.21,537276.41,524316.21,573417.1525000001,58012.357317251015,568426.2466666667
42,2011-11-25,577698.37,1,60.68,3.76,129.8364,7.874,2011,11,47,4,0,567673.87,643125.29,515599.7,522296.71,581016.5175,53516.761973310146,573755.6541666667
42,2011-12-02,511883.36,0,57.29,3.701,129.8459667,7.874,2011,12,48,4,0,577698.37,567673.87,597667.21,500250.8,596541.185,33465.008209496445,577136.7883333333
42,2011-12-09,619133.48,0,42.58,3.644,129.8555333,7.874,2011,12,49,4,0,511883.36,577698.37,643125.29,585175.24,575095.2225,53807.31825879394,569094.49
42,2011-12-16,598437.98,0,50.53,3.489,129.8980645,7.874,2011,12,50,4,0,619133.48,511883.36,567673.87,537455.65,569097.27,44170.34750984779,572619.1891666666
42,2011-12-23,575676.13,0,48.36,3.541,129.9845484,7.874,2011,12,51,4,0,598437.98,619133.48,577698.37,555075.27,576788.2975,46458.9509751824,578448.4833333333
42,2011-12-30,454412.28,1,48.92,3.428,130.0710323,7.874,2011,12,52,4,0,575676.13,598437.98,511883.36,428953.6,576282.7375,46456.74941305302,583901.1783333333
42,2012-01-06,636372.37,0,59.85,3.443,130.1575161,7.545,2012,1,1,1,0,454412.28,575676.13,619133.48,592947.75,561914.9675,73833.33941579018,567676.2658333333
42,2012-01-13,664348.2,0,51.0,3.477,130.244,7.545,2012,1,2,1,0,636372.37,454412.28,598437.98,613899.15,566224.6900000001,78633.61836197066,569579.7041666666
42,2012-01-20,579499.93,0,54.51,3.66,130.2792258,7.545,2012,1,3,1,0,664348.2,636372.37,575676.13,533414.62,582702.245,93191.96263103378,580169.0199999999
42,2012-01-27,538978.67,0,53.59,3.675,130.3144516,7.545,2012,1,4,1,0,579499.93,664348.2,454412.28,499081.79,583658.1950000001,93115.44602414787,585494.0391666667
42,2012-02-03,588448.21,0,56.85,3.543,130.3496774,7.545,2012,2,5,1,0,538978.67,579499.93,636372.37,586886.16,604799.7925,56318.569156357626,580603.3275
42,2012-02-10,674919.45,1,55.73,3.722,130.3849032,7.545,2012,2,6,1,0,588448.21,538978.67,664348.2,628063.88,592818.7525,52318.604141015145,576046.9041666667
42,2012-02-17,606671.5,0,54.12,3.781,130.4546207,7.545,2012,2,7,1,0,674919.45,588448.21,579499.93,556485.1,595461.5650000001,57177.6000909545,584984.0358333333
42,2012-02-24,564304.15,0,56.02,3.95,130.5502069,7.545,2012,2,8,1,0,606671.5,674919.45,538978.67,526904.08,602254.4575,56255.81200565893,587398.4633333333
42,2012-03-02,585895.34,0,57.62,3.882,130.6457931,7.545,2012,3,9,1,0,564304.15,606671.5,588448.21,570879.04,608585.8275,47505.104022409745,591766.8624999999
42,2012-03-09,659816.15,0,57.65,3.963,130.7413793,7.545,2012,3,10,1,0,585895.34,564304.15,674919.45,607294.56,607947.61,47881.48571435533,588997.0175
42,2012-03-16,618767.26,0,62.11,4.273,130.8261935,7.545,2012,3,11,1,0,659816.15,585895.34,606671.5,558239.32,604171.7849999999,40930.83879613495,594111.865
42,2012-03-23,561226.38,0,56.54,4.288,130.8966452,7.545,2012,3,12,1,0,618767.26,659816.15,564304.15,522673.62,607195.725,41618.117675541056,597702.7925
42,2012-03-30,544408.14,0,67.92,4.294,130.9670968,7.545,2012,3,13,1,0,561226.38,618767.26,585895.34,508432.17,606426.2825,42690.07871965385,606603.9675
42,2012-04-06,652312.11,0,65.99,4.282,131.0375484,7.382,2012,4,14,2,0,544408.14,561226.38,659816.15,620087.35,596054.4825,53109.20171848053,598940.2816666667
42,2012-04-13,639123.45,0,70.28,4.254,131.108,7.382,2012,4,15,2,0,652312.11,544408.14,618767.26,597644.02,594178.4725,50156.603676187944,597937.2741666667
42,2012-04-20,552529.23,0,67.75,4.111,131.1173333,7.382,2012,4,16,2,0,639123.45,652312.11,561226.38,534597.69,599267.52,54341.216987098815,602905.9008333333
42,2012-04-27,526625.49,0,80.11,4.088,131.1266667,7.382,2012,4,17,2,0,552529.23,639123.45,544408.14,496010.17,597093.2325,56501.71946059326,604035.1141666666
42,2012-05-04,609274.89,0,77.02,4.058,131.136,7.382,2012,5,18,2,0,526625.49,552529.23,652312.11,612337.35,592647.57,62418.643067243655,598883.2208333333
42,2012-05-11,643603.69,0,76.03,4.186,131.1453333,7.382,2012,5,19,2,0,609274.89,526625.49,639123.45,603024.75,581888.265,51451.662971850354,593412.8408333333
42,2012-05-18,590636.38,0,85.19,4.308,131.0983226,7.382,2012,5,20,2,0,643603.69,609274.89,552529.23,524559.95,583008.325,53134.20119859593,596490.5233333333
42,2012-05-25,535764.58,0,86.03,4.127,131.0287742,7.382,2012,5,21,2,0,590636.38,643603.69,526625.49,503295.29,592535.1124999999,49111.78840774705,598684.8758333334
42,2012-06-01,521953.78,0,80.06,4.277,130.9592258,7.382,2012,6,22,2,0,535764.58,590636.38,609274.89,545109.3,594819.885,45069.71474858318,594507.3125
42,2012-06-08,642671.48,0,86.87,4.103,130.8896774,7.382,2012,6,23,2,0,521953.78,535764.58,643603.69,616701.99,572989.6074999999,55642.05719887617,583018.7816666666
42,2012-06-15,606309.13,0,88.58,4.144,130.8295333,7.382,2012,6,24,2,0,642671.48,521953.78,590636.38,546675.65,572756.5549999999,55248.26706750615,585010.7999999999
42,2012-06-22,540031.29,0,89.92,4.014,130.7929,7.382,2012,6,25,2,0,606309.13,642671.48,535764.58,501780.66,576674.7425,57450.8236548059,588767.6958333333
42,2012-06-29,507403.77,0,91.36,3.875,130.7562667,7.382,2012,6,26,2,0,540031.29,606309.13,521953.78,506343.83,577741.42,56469.28789951264,588402.9583333333
42,2012-07-06,618702.09,0,86.87,3.666,130.7196333,7.17,2012,7,27,3,0,507403.77,540031.29,642671.48,593234.27,574103.9175,61504.85065054364,576327.2633333333
42,2012-07-13,628099.08,0,89.8,3.723,130.683,7.17,2012,7,28,3,0,618702.09,507403.77,606309.13,591703.82,568111.5700000001,53205.24225281561,574625.4833333333
42,2012-07-20,530318.39,0,84.45,3.589,130.7012903,7.17,2012,7,29,3,0,628099.08,618702.09,540031.29,511316.29,573559.0575,59197.805970993635,580922.9708333333
42,2012-07-27,516352.21,0,83.98,3.769,130.7195806,7.17,2012,7,30,3,0,530318.39,628099.08,507403.77,479256.8,571130.8325,61196.94905534438,581230.7125
42,2012-08-03,573084.71,0,84.76,3.595,130.737871,7.17,2012,8,31,3,0,516352.21,530318.39,618702.09,572603.33,573367.9425,58180.008206019345,573487.1558333334
42,2012-08-10,576620.31,0,90.78,3.811,130.7561613,7.17,2012,8,32,3,0,573084.71,516352.21,628099.08,603147.26,561963.5974999999,50263.96660345163,567610.5741666666
42,2012-08-17,575997.78,0,88.83,4.002,130.7909677,7.17,2012,8,33,3,0,576620.31,573084.71,530318.39,526641.23,549093.905,30319.412108199012,566442.5683333334
42,2012-08-24,535537.03,0,82.5,4.055,130.8381613,7.17,2012,8,34,3,0,575997.78,576620.31,516352.21,503720.98,560513.7525,29481.333702122574,569795.335
42,2012-08-31,504760.57,0,86.97,3.886,130.8853548,7.17,2012,8,35,3,1,535537.03,575997.78,573084.71,537124.76,565309.9575,19908.353454620454,570927.2725
42,2012-09-07,617405.35,1,83.07,4.124,130.9325484,7.17,2012,9,36,3,0,504760.57,535537.03,576620.31,608390.94,548228.9225,34774.33026111071,559434.6966666667
42,2012-09-14,586737.66,0,78.47,3.966,130.9776667,7.17,2012,9,37,3,0,617405.35,504760.57,575997.78,576837.09,558425.1825,48959.89685740608,560359.3816666667
42,2012-09-21,527165.7,0,81.93,4.125,131.0103333,7.17,2012,9,38,3,0,586737.66,617405.35,535537.03,528486.45,561110.1525,50514.61321423373,564251.5791666667
42,2012-09-28,505978.46,0,82.52,3.966,131.043,7.17,2012,9,39,3,0,527165.7,586737.66,504760.57,510243.79,559017.32,52076.54594979539,565898.4066666666
42,2012-10-05,593162.53,0,80.88,4.132,131.0756667,6.943,2012,10,40,4,0,505978.46,527165.7,617405.35,649111.23,559321.7925,51655.44453300647,556504.7708333334
42,2012-10-12,612379.9,0,76.03,4.468,131.1083333,6.943,2012,10,41,4,0,593162.53,505978.46,586737.66,613531.11,553261.0875,43318.28763931606,553593.3916666667
42,2012-10-19,541406.98,0,72.71,4.449,131.1499677,6.943,2012,10,42,4,0,612379.9,593162.53,527165.7,537276.41,559671.6475,51118.796604952535,560431.8508333333
42,2012-10-26,514756.08,0,70.5,4.301,131.1930968,6.943,2012,10,43,4,0,541406.98,612379.9,505978.46,515599.7,563231.9675,48530.58156468178,562519.7483333334
43,2011-02-04,651521.77,0,33.21,2.989,204.5264194,10.398,2011,2,5,1,0,562558.27,601004.79,611796.61,647029.28,597574.9349999999,24095.190989192917,597672.5833333334
43,2011-02-11,635650.98,1,40.65,3.022,204.873871,10.398,2011,2,6,1,0,651521.77,562558.27,614940.07,682918.99,607506.225,36766.00589707954,602347.6283333333
43,2011-02-18,626627.77,0,59.15,3.045,205.1683214,10.398,2011,2,7,1,0,635650.98,651521.77,601004.79,658997.55,612683.9525,39517.284417248964,606196.2641666667
43,2011-02-25,592340.01,0,58.37,3.065,205.4415714,10.398,2011,2,8,1,0,626627.77,635650.98,562558.27,618702.79,619089.6975,39067.20806035436,605621.8833333333
43,2011-03-04,616345.25,0,60.26,3.288,205.7148214,10.398,2011,3,9,1,0,592340.01,626627.77,651521.77,658600.05,626535.1325000001,25011.635383663983,608521.5825
43,2011-03-11,629026.75,0,60.24,3.459,205.9880714,10.398,2011,3,10,1,0,616345.25,592340.01,635650.98,645386.94,617741.0025000001,18680.65376867953,609993.7683333333
43,2011-03-18,635171.05,0,68.98,3.488,206.225924,10.398,2011,3,11,1,0,629026.75,616345.25,626627.77,668098.49,616084.9450000001,16758.392648519584,611099.1833333332
43,2011-03-25,585989.1,0,65.53,3.473,206.4496175,10.398,2011,3,12,1,0,635171.05,629026.75,592340.01,623097.93,618220.765,18950.9235420218,609310.3016666666
43,2011-04-01,611585.54,0,67.79,3.524,206.6733111,10.581,2011,4,13,2,0,585989.1,635171.05,616345.25,650102.8,616633.0375,21881.466618517163,613581.035
43,2011-04-08,650418.75,0,70.35,3.622,206.8970046,10.581,2011,4,14,2,0,611585.54,585989.1,629026.75,693058.34,615443.11,22031.238758318956,613563.4458333334
43,2011-04-15,635758.03,0,65.01,3.743,207.1015429,10.581,2011,4,15,2,0,650418.75,611585.54,635171.05,675282.2,620791.11,28169.144735793045,616520.0025000001
43,2011-04-22,638280.67,0,74.49,3.807,207.2581929,10.581,2011,4,16,2,0,635758.03,650418.75,585989.1,638957.35,620937.855,28270.373355280557,619416.1058333333
43,2011-04-29,611464.21,0,71.34,3.81,207.4148429,10.581,2011,4,17,2,0,638280.67,635758.03,611585.54,630740.11,634010.7475,16262.40769124566,625726.3058333333
43,2011-05-06,649148.74,0,66.77,3.906,207.5714929,10.581,2011,5,18,2,0,611464.21,638280.67,650418.75,691498.6,633980.415,16318.194889217846,622388.1758333334
43,2011-05-13,684655.91,0,76.03,3.899,207.7281429,10.581,2011,5,19,2,0,649148.74,611464.21,635758.03,690851.59,633662.9125,15898.704849880689,623512.9891666666
43,2011-05-20,648330.18,0,74.21,3.907,207.5200622,10.581,2011,5,20,2,0,684655.91,649148.74,638280.67,672062.08,645887.3825000001,30312.00013901798,628348.6675
43,2011-05-27,578209.63,0,80.89,3.786,207.3119816,10.581,2011,5,21,2,0,648330.18,684655.91,611464.21,630315.76,648399.76,29884.829367879433,633014.515
43,2011-06-03,630972.15,0,83.49,3.699,207.1039009,10.581,2011,6,22,2,0,578209.63,648330.18,649148.74,682012.53,640086.115,44591.70999902745,629836.5466666667
43,2011-06-10,643041.71,0,85.81,3.648,206.8958203,10.581,2011,6,23,2,0,630972.15,578209.63,684655.91,684023.95,635541.9675,44285.429816271266,629998.6633333334
43,2011-06-17,665781.74,0,88.49,3.637,206.8560238,10.581,2011,6,24,2,0,643041.71,630972.15,648330.18,700009.77,625138.4175,32118.163403795123,630654.5516666666
43,2011-06-24,604925.08,0,88.3,3.594,206.9424405,10.581,2011,6,25,2,0,665781.74,643041.71,578209.63,625196.14,629501.3075,37115.18934646952,637303.9383333334
43,2011-07-01,586781.78,0,91.36,3.524,207.0288571,10.641,2011,7,26,3,0,604925.08,665781.74,630972.15,667353.79,636180.1699999999,25346.517189185244,636748.9
43,2011-07-08,651147.83,0,87.02,3.48,207.1152738,10.641,2011,7,27,3,0,586781.78,604925.08,643041.71,718748.33,625132.5775,35833.95997724529,631445.8191666667
43,2011-07-15,631827.38,0,84.67,3.575,207.1940691,10.641,2011,7,28,3,0,651147.83,586781.78,665781.74,696844.36,627159.1075,37380.24033864707,632728.3025
43,2011-07-22,597354.39,0,88.58,3.651,207.2538111,10.641,2011,7,29,3,0,631827.38,651147.83,604925.08,649035.55,618670.5175,28482.201983442505,632190.5283333333
43,2011-07-29,533917.52,0,83.43,3.682,207.313553,10.641,2011,7,30,3,0,597354.39,631827.38,586781.78,622112.23,616777.845,29915.54162548107,631014.71
43,2011-08-05,605956.59,0,87.47,3.684,207.3732949,10.641,2011,8,31,3,0,533917.52,597354.39,651147.83,698536.06,603561.78,51485.37313167101,621412.1083333333
43,2011-08-12,595626.56,0,86.64,3.638,207.4330369,10.641,2011,8,32,3,0,605956.59,533917.52,631827.38,713479.91,592263.97,41565.09696316281,614853.8316666667
43,2011-08-19,663396.32,0,82.08,3.554,207.4953088,10.641,2011,8,33,3,0,595626.56,605956.59,597354.39,712869.09,583213.765,33173.235271743215,610461.8633333333
43,2011-08-26,561573.08,0,87.43,3.523,207.5580023,10.641,2011,8,34,3,0,663396.32,595626.56,533917.52,655284.69,599724.2474999999,53041.78018816689,617560.7541666667
43,2011-09-02,594224.9,0,87.84,3.533,207.6206959,10.641,2011,9,35,3,0,561573.08,663396.32,605956.59,689326.91,606638.1375,42324.42176889855,611777.4983333333
43,2011-09-09,649128.23,1,79.29,3.546,207.6833894,10.641,2011,9,36,3,0,594224.9,561573.08,595626.56,722120.04,603705.215,42791.29917357602,607709.4308333333
43,2011-09-16,618877.13,0,77.17,3.526,207.8527143,10.641,2011,9,37,3,0,649128.23,594224.9,663396.32,725043.04,617080.6325,47524.25453306778,606321.6383333333
43,2011-09-23,586108.13,0,78.98,3.467,208.1642143,10.641,2011,9,38,3,0,618877.13,649128.23,561573.08,650263.95,605950.835,37140.54043708962,607484.3091666667
43,2011-09-30,555183.72,0,78.97,3.355,208.4757143,10.641,2011,9,39,3,1,586108.13,618877.13,594224.9,657108.77,612084.5975,28355.568912935127,607428.1716666666
43,2011-10-07,642828.62,0,74.17,3.285,208.7872143,10.148,2011,10,40,4,0,555183.72,586108.13,649128.23,713332.54,602324.3025,40619.38164907254,599431.1625
43,2011-10-14,590984.56,0,68.09,3.274,209.0752166,10.148,2011,10,41,4,0,642828.62,555183.72,618877.13,699852.68,600749.4,38252.98825728763,600347.9325
43,2011-10-21,594625.96,0,70.3,3.353,209.2222327,10.148,2011,10,42,4,0,590984.56,642828.62,586108.13,680943.03,593776.2575000001,36341.49130955794,599817.1133333334
43,2011-10-28,572516.57,0,66.82,3.372,209.3692488,10.148,2011,10,43,4,0,594625.96,590984.56,555183.72,610076.32,595905.7150000001,35990.25530062756,604876.15
43,2011-11-04,641905.37,0,59.08,3.332,209.516265,10.148,2011,11,44,4,0,572516.57,594625.96,642828.62,605960.2,600238.9275,29997.553981302262,602089.4816666667
43,2011-11-11,615975.5,0,51.26,3.297,209.6632811,10.148,2011,11,45,4,0,641905.37,572516.57,590984.56,595421.23,600008.115,29560.994346740405,605946.0491666667
43,2011-11-18,628115.61,0,57.75,3.308,209.8651071,10.148,2011,11,46,4,0,615975.5,641905.37,594625.96,589467.35,606255.85,29658.91225631488,601994.3141666666
43,2011-11-25,669965.22,1,55.7,3.236,210.0888571,10.148,2011,11,47,4,0,628115.61,615975.5,572516.57,633520.34,614628.2625,30006.43725518593,607539.525
43,2011-12-02,585028.26,0,47.49,3.172,210.3126071,10.148,2011,12,48,4,0,669965.22,628115.61,641905.37,557543.62,638990.425,23208.354843926765,613851.2183333333
43,2011-12-09,617898.07,0,34.23,3.158,210.5363571,10.148,2011,12,49,4,0,585028.26,669965.22,615975.5,598679.02,624771.1475,35168.87895252006,608509.5541666667
43,2011-12-16,665007.08,0,43.78,3.159,210.7365392,10.148,2011,12,50,4,0,617898.07,585028.26,628115.61,615761.77,625251.79,35021.430823885305,608427.9658333333
43,2011-12-23,676290.46,0,42.63,3.112,210.9052972,10.148,2011,12,51,4,0,665007.08,617898.07,669965.22,656637.63,634474.6575,40462.07413186669,615002.8783333333
43,2011-12-30,505405.85,1,41.83,3.129,211.0740553,10.148,2011,12,52,4,0,676290.46,665007.08,585028.26,534740.3,636055.9674999999,42389.13963130267,625095.1066666666
43,2012-01-06,670993.01,0,47.59,3.157,211.2428134,9.653,2012,1,1,1,0,505405.85,676290.46,617898.07,611796.61,616150.365,78041.03984988166,613643.2091666666
43,2012-01-13,663529.64,0,43.68,3.261,211.4115714,9.653,2012,1,2,1,0,670993.01,505405.85,665007.08,614940.07,629424.1,82807.21542027715,620310.58
43,2012-01-20,619225.65,0,52.72,3.268,211.4997811,9.653,2012,1,3,1,0,663529.64,670993.01,676290.46,601004.79,629054.74,82598.62481250997,626052.5533333333
43,2012-01-27,587685.38,0,52.1,3.29,211.5879908,9.653,2012,1,4,1,0,619225.65,663529.64,505405.85,562558.27,614788.5375,76417.48947716755,629944.9766666667
43,2012-02-03,629176.71,0,51.92,3.36,211.6762005,9.653,2012,2,5,1,0,587685.38,619225.65,670993.01,651521.77,635358.42,39142.58827871487,625426.6441666667
43,2012-02-10,662198.65,1,46.54,3.409,211.7644101,9.653,2012,2,6,1,0,629176.71,587685.38,663529.64,635650.98,624904.345,31239.213867106537,626526.745
43,2012-02-17,660632.05,0,49.38,3.51,211.916835,9.653,2012,2,7,1,0,662198.65,629176.71,619225.65,626627.77,624571.5974999999,30692.965193484986,629366.9983333334
43,2012-02-24,613042.97,0,53.53,3.555,212.1174212,9.653,2012,2,8,1,0,660632.05,662198.65,587685.38,592340.01,634923.1975,34972.98446276046,628589.2341666667
43,2012-03-02,693249.98,0,56.43,3.63,212.3180074,9.653,2012,3,9,1,0,613042.97,660632.05,629176.71,616345.25,641262.595,24193.043334354654,630923.7933333333
43,2012-03-09,636677.67,0,54.52,3.669,212.5185936,9.653,2012,3,10,1,0,693249.98,613042.97,662198.65,629026.75,657280.9125000001,33096.74524841618,637203.1191666666
43,2012-03-16,661707.02,0,57.88,3.734,212.6651567,9.653,2012,3,11,1,0,636677.67,693249.98,660632.05,635171.05,650900.6675,34271.77163240164,634842.3350000001
43,2012-03-23,610940.94,0,56.28,3.787,212.7396889,9.653,2012,3,12,1,0,661707.02,636677.67,613042.97,585989.1,651169.41,34377.56803177615,633627.0483333333
43,2012-03-30,623258.4,0,69.88,3.845,212.8142212,9.653,2012,3,13,1,0,610940.94,661707.02,693249.98,611585.54,650643.9025,35161.7751271428,642421.6391666668
43,2012-04-06,658468.27,0,64.7,3.891,212.8887535,9.575,2012,4,14,2,0,623258.4,610940.94,636677.67,650418.75,633146.0075000001,21748.822801802922,638443.755
43,2012-04-13,665687.92,0,70.18,3.891,212.9632857,9.575,2012,4,15,2,0,658468.27,623258.4,661707.02,635758.03,638593.6575,25357.90906080172,638021.9741666667
43,2012-04-20,638144.98,0,67.28,3.877,213.0130524,9.575,2012,4,16,2,0,665687.92,658468.27,610940.94,638280.67,639588.8825000001,26614.408998182873,641893.83
43,2012-04-27,593138.59,0,78.27,3.814,213.062819,9.575,2012,4,17,2,0,638144.98,665687.92,623258.4,611464.21,646389.8925000001,19333.43904425241,646098.7966666666
43,2012-05-04,637964.2,0,77.47,3.749,213.1125857,9.575,2012,5,18,2,0,593138.59,638144.98,658468.27,649148.74,638859.94,32635.257671693027,643095.62
43,2012-05-11,640159.04,0,67.59,3.688,213.1623524,9.575,2012,5,19,2,0,637964.2,593138.59,665687.92,684655.91,633733.9225,30035.488193196103,641076.0824999999
43,2012-05-18,648541.81,0,72.06,3.63,213.1753618,9.575,2012,5,20,2,0,640159.04,637964.2,638144.98,648330.18,627351.7025,22830.424898630805,639369.9983333333
43,2012-05-25,597406.39,0,82.41,3.561,213.1736682,9.575,2012,5,21,2,0,648541.81,640159.04,593138.59,578209.63,629950.91,24961.217927773418,642328.235
43,2012-06-01,605078.62,0,80.89,3.501,213.1719747,9.575,2012,6,22,2,0,597406.39,648541.81,637964.2,630972.15,631017.86,22866.515186704666,634341.2691666667
43,2012-06-08,643032.51,0,85.73,3.452,213.1702811,9.575,2012,6,23,2,0,605078.62,597406.39,640159.04,643041.71,622796.4650000001,25317.054461036634,631708.015
43,2012-06-15,634815.1,0,87.75,3.393,213.1786952,9.575,2012,6,24,2,0,643032.51,605078.62,648541.81,665781.74,623514.8325,26005.345853628234,630151.8058333333
43,2012-06-22,613270.79,0,87.51,3.346,213.2123786,9.575,2012,6,25,2,0,634815.1,643032.51,597406.39,604925.08,620083.155,22234.169198409305,632141.3191666667
43,2012-06-29,593128.13,0,89.85,3.286,213.2460619,9.575,2012,6,26,2,0,613270.79,634815.1,605078.62,586781.78,624049.255,17816.91788739454,631309.0183333334
43,2012-07-06,645618.59,0,82.68,3.227,213.2797452,9.285,2012,7,27,3,0,593128.13,613270.79,643032.51,651147.83,621061.6325000001,22456.29173283704,625864.0066666667
43,2012-07-13,627634.04,0,78.82,3.256,213.3134286,9.285,2012,7,28,3,0,645618.59,593128.13,634815.1,631827.38,621708.1525,23320.290637597496,624191.5625
43,2012-07-20,596554.05,0,83.83,3.311,213.3219124,9.285,2012,7,29,3,0,627634.04,645618.59,613270.79,597354.39,619912.8875,22225.661073633288,623315.6508333334
43,2012-07-27,572447.52,0,82.01,3.407,213.3303963,9.285,2012,7,30,3,0,596554.05,627634.04,593128.13,533917.52,615733.7025,25255.992764589955,623600.2725000001
43,2012-08-03,614378.94,0,85.06,3.417,213.3388802,9.285,2012,8,31,3,0,572447.52,596554.05,645618.59,605956.59,610563.55,32503.103910511873,618140.5491666667
43,2012-08-10,643558.78,0,86.36,3.494,213.3473641,9.285,2012,8,32,3,0,614378.94,572447.52,627634.04,595626.56,602753.6375000001,23882.19511039197,615992.2075
43,2012-08-17,640210.85,0,85.66,3.571,213.4226959,9.285,2012,8,33,3,0,643558.78,614378.94,596554.05,663396.32,606734.8225,29964.999692635207,615576.955
43,2012-08-24,598234.64,0,81.65,3.62,213.5481636,9.285,2012,8,34,3,0,640210.85,643558.78,572447.52,561573.08,617649.0225,32834.0314392596,619143.9933333333
43,2012-08-31,593141.29,0,81.12,3.638,213.6736313,9.285,2012,8,35,3,1,598234.64,640210.85,614378.94,594224.9,624095.8025,21615.73031990094,618573.6616666667
43,2012-09-07,663814.18,1,84.99,3.73,213.7990991,9.285,2012,9,36,3,0,593141.29,598234.64,643558.78,649128.23,618786.39,26787.58651985521,614416.06
43,2012-09-14,625196.94,0,73.03,3.717,213.9332167,9.285,2012,9,37,3,0,663814.18,593141.29,640210.85,618877.13,623850.24,33980.31112942797,616832.65
43,2012-09-21,601990.02,0,75.87,3.721,214.1192333,9.285,2012,9,38,3,0,625196.94,663814.18,598234.64,586108.13,620096.7625,32361.367406750403,617826.4958333332
43,2012-09-28,577792.32,0,77.55,3.666,214.30525,9.285,2012,9,39,3,0,601990.02,625196.94,593141.29,555183.72,621035.6074999999,31560.261433878415,618564.9866666667
43,2012-10-05,642614.89,0,74.09,3.617,214.4912667,8.839,2012,10,40,4,0,577792.32,601990.02,663814.18,642828.62,617198.365,36611.20752959806,612912.7975
43,2012-10-12,619369.72,0,71.14,3.601,214.6772833,8.839,2012,10,41,4,0,642614.89,577792.32,625196.94,590984.56,611898.5425,28176.55414915782,614161.2016666667
43,2012-10-19,623919.23,0,71.25,3.594,214.7212488,8.839,2012,10,42,4,0,619369.72,642614.89,601990.02,594625.96,610441.7375,27399.73603946864,616062.5075
43,2012-10-26,587603.55,0,69.17,3.506,214.7415392,8.839,2012,10,43,4,0,623919.23,619369.72,577792.32,572516.57,615924.04,27338.771721247143,620351.8166666667
44,2011-02-04,293953.08,0,23.35,2.974,127.7195806,7.224,2011,2,5,1,0,276011.4,276157.8,288320.38,281090.95,283337.235,8577.387791417883,286281.4041666667
44,2011-02-11,307486.73,1,30.83,3.034,127.859129,7.224,2011,2,6,1,0,293953.08,276011.4,292859.36,286857.13,284745.41000000003,10010.783313067814,287285.01166666666
44,2011-02-18,280785.76,0,40.85,3.062,127.99525,7.224,2011,2,7,1,0,307486.73,293953.08,276157.8,267956.3,288402.2525,15258.7549741589,289215.3625
44,2011-02-25,279427.93,0,33.17,3.12,128.13,7.224,2011,2,8,1,0,280785.76,307486.73,276011.4,273079.07,289559.2425,14156.49023854022,286976.96749999997
44,2011-03-04,293984.54,0,34.23,3.23,128.26475,7.224,2011,3,9,1,0,279427.93,280785.76,293953.08,284617.27,290413.375,13132.655670494027,288244.785
44,2011-03-11,284496.14,0,41.28,3.346,128.3995,7.224,2011,3,10,1,0,293984.54,279427.93,307486.73,272190.83,290421.24,13135.491304307026,289555.7233333333
44,2011-03-18,281699.68,0,44.69,3.407,128.5121935,7.224,2011,3,11,1,0,284496.14,293984.54,280785.76,269624.2,284673.5925,6566.517325276332,290043.2058333333
44,2011-03-25,285031.81,0,42.38,3.435,128.6160645,7.224,2011,3,12,1,0,281699.68,284496.14,279427.93,276279.49,284902.0725,6399.936221491124,283093.3258333333
44,2011-04-01,281514.26,0,42.49,3.487,128.7199355,6.906,2011,4,13,2,0,285031.81,281699.68,293984.54,286197.5,286303.0425,5325.325619542261,286684.55083333334
44,2011-04-08,292498.61,0,42.75,3.547,128.8238065,6.906,2011,4,14,2,0,281514.26,285031.81,284496.14,257361.3,283185.47250000003,1837.3297683200676,286117.3741666667
44,2011-04-15,289667.55,0,41.72,3.616,128.9107333,6.906,2011,4,15,2,0,292498.61,281514.26,281699.68,280048.74,285186.08999999997,5135.956298677872,286087.3116666667
44,2011-04-22,280357.3,0,47.55,3.655,128.9553,6.906,2011,4,16,2,0,289667.55,292498.61,285031.81,278287.04,287178.0575,4871.373258300599,287213.12416666665
44,2011-04-29,281247.97,0,43.85,3.683,128.9998667,6.906,2011,4,17,2,0,280357.3,289667.55,281514.26,272997.65,286009.43,5990.114797803276,287575.2825
44,2011-05-06,299354.67,0,47.75,3.744,129.0444333,6.906,2011,5,18,2,0,281247.97,280357.3,292498.61,285379.86,285942.8575,6057.822663968212,286516.5233333333
44,2011-05-13,307095.31,0,52.4,3.77,129.089,6.906,2011,5,19,2,0,299354.67,281247.97,289667.55,286515.92,287656.8725,8855.113029530045,285838.8516666666
44,2011-05-20,303559.23,0,52.12,3.802,129.0756774,6.906,2011,5,20,2,0,307095.31,299354.67,280357.3,267065.35,292013.8125,13330.633944356035,288031.31416666665
44,2011-05-27,308442.49,0,54.62,3.778,129.0623548,6.906,2011,5,21,2,0,303559.23,307095.31,281247.97,291891.01,297814.295,11488.507253347709,290042.2558333333
44,2011-06-03,308950.04,0,52.76,3.752,129.0490323,6.906,2011,6,22,2,0,308442.49,303559.23,299354.67,282351.82,304612.925,4065.6004958455483,291247.08499999996
44,2011-06-10,308770.42,0,61.39,3.732,129.0357097,6.906,2011,6,23,2,0,308950.04,308442.49,307095.31,296818.2,307011.7675,2431.1082311318064,293284.91
44,2011-06-17,300255.87,0,63.35,3.704,129.0432,6.906,2011,6,24,2,0,308770.42,308950.04,303559.23,293481.36,307430.545,2589.4170890282785,295540.805
44,2011-06-24,296765.59,0,66.38,3.668,129.0663,6.906,2011,6,25,2,0,300255.87,308770.42,308442.49,288247.24,306604.70499999996,4237.76974704287,296809.4766666666
44,2011-07-01,315273.08,0,74.29,3.613,129.0894,6.56,2011,7,26,3,0,296765.59,300255.87,308950.04,300628.19,303685.48,6143.270278968062,298080.42083333334
44,2011-07-08,295339.01,0,77.3,3.563,129.1125,6.56,2011,7,27,3,0,315273.08,296765.59,308770.42,280472.78,305266.24,8362.236188511542,299978.2933333333
44,2011-07-15,289201.21,0,75.59,3.553,129.1338387,6.56,2011,7,28,3,0,295339.01,315273.08,300255.87,297099.95,301908.3875,9146.053913589081,300450.915
44,2011-07-22,303108.81,0,78.5,3.563,129.1507742,6.56,2011,7,29,3,0,289201.21,295339.01,296765.59,292680.16,299144.72250000003,11241.90190864276,301187.9075
44,2011-07-29,279677.0,0,77.62,3.574,129.1677097,6.56,2011,7,30,3,0,303108.81,289201.21,315273.08,275020.96,300730.52749999997,11241.821973233633,303009.64416666667
44,2011-08-05,298080.45,0,75.56,3.595,129.1846452,6.56,2011,8,31,3,0,279677.0,303108.81,295339.01,296804.49,291831.5075,9901.694181132923,301369.8383333333
44,2011-08-12,290399.66,0,75.95,3.606,129.2015806,6.56,2011,8,32,3,0,298080.45,279677.0,289201.21,291028.09,292516.8675,10311.780936263212,300618.60000000003
44,2011-08-19,290909.69,0,76.68,3.578,129.2405806,6.56,2011,8,33,3,0,290399.66,298080.45,303108.81,284740.5,292816.48,10200.137099937583,299521.9691666667
44,2011-08-26,324174.79,0,81.53,3.57,129.2832581,6.56,2011,8,34,3,0,290909.69,290399.66,279677.0,293155.08,289766.7,7585.67838438927,298060.90249999997
44,2011-09-02,309543.52,0,77.0,3.58,129.3259355,6.56,2011,9,35,3,0,324174.79,290909.69,298080.45,295880.12,300891.14749999996,15913.60877039139,299329.63166666665
44,2011-09-09,295811.25,1,70.19,3.619,129.3686129,6.56,2011,9,36,3,0,309543.52,324174.79,290399.66,283455.13,303756.91500000004,16266.959030268024,299394.0566666667
44,2011-09-16,303974.28,0,67.54,3.641,129.4306,6.56,2011,9,37,3,0,295811.25,309543.52,290909.69,279364.13,305109.8125,14958.14017909566,299023.6716666667
44,2011-09-23,307409.13,0,63.6,3.648,129.5183333,6.56,2011,9,38,3,0,303974.28,295811.25,324174.79,281313.78,308375.96,11947.286301763936,299624.3958333333
44,2011-09-30,299757.75,0,68.28,3.623,129.6060667,6.56,2011,9,39,3,1,307409.13,303974.28,309543.52,300152.45,304184.54500000004,6035.253156801734,298969.06666666665
44,2011-10-07,312577.36,0,60.62,3.592,129.6938,6.078,2011,10,40,4,0,299757.75,307409.13,295811.25,279524.44,301738.10250000004,5040.185819928788,299337.295
44,2011-10-14,293031.78,0,51.74,3.567,129.7706452,6.078,2011,10,41,4,0,312577.36,299757.75,303974.28,268708.43,305929.63,5425.149176436031,301285.3075
44,2011-10-21,305969.81,0,54.66,3.579,129.7821613,6.078,2011,10,42,4,0,293031.78,312577.36,307409.13,270110.3,303194.005,8580.856507312383,300445.555
44,2011-10-28,306336.07,0,47.41,3.567,129.7936774,6.078,2011,10,43,4,0,305969.81,293031.78,299757.75,286497.49,302834.175,8372.837020469946,302636.6225
44,2011-11-04,307126.34,0,43.51,3.538,129.8051935,6.078,2011,11,44,4,0,306336.07,305969.81,312577.36,270516.84,304478.755,8211.648304265811,303324.5908333333
44,2011-11-11,312233.56,0,33.8,3.513,129.8167097,6.078,2011,11,45,4,0,307126.34,306336.07,293031.78,281909.79,303116.0,6740.113803316097,304718.48083333333
44,2011-11-18,310531.04,0,40.65,3.489,129.8268333,6.078,2011,11,46,4,0,312233.56,307126.34,305969.81,284322.52,307916.445,2918.2598009803382,306495.47000000003
44,2011-11-25,309129.01,1,38.89,3.445,129.8364,6.078,2011,11,47,4,0,310531.04,312233.56,306336.07,307646.5,309056.7525,2792.50396661179,305358.49083333334
44,2011-12-02,284309.34,0,33.94,3.389,129.8459667,6.078,2011,12,48,4,0,309129.01,310531.04,307126.34,264214.12,309754.9875,2163.886521225753,305323.94833333336
44,2011-12-09,304300.91,0,24.82,3.341,129.8555333,6.078,2011,12,49,4,0,284309.34,309129.01,312233.56,278253.28,304050.7375,13222.008563946554,304365.45583333337
44,2011-12-16,311144.16,0,27.85,3.282,129.8980645,6.078,2011,12,50,4,0,304300.91,284309.34,310531.04,278646.35,302067.575,12135.853212730914,304392.675
44,2011-12-23,376233.89,0,24.76,3.186,129.9845484,6.078,2011,12,51,4,0,311144.16,304300.91,309129.01,365098.24,302220.855,12281.381247308913,304703.9275
44,2011-12-30,263917.85,1,31.53,3.119,130.0710323,6.078,2011,12,52,4,0,376233.89,311144.16,284309.34,241937.11,318997.07499999995,39820.16863549946,311076.93916666665
44,2012-01-06,325327.93,0,33.8,3.08,130.1575161,5.774,2012,1,1,1,0,263917.85,376233.89,304300.91,288320.38,313899.2025,46488.22912503131,307021.98000000004
44,2012-01-13,312361.88,0,25.61,3.056,130.244,5.774,2012,1,2,1,0,325327.93,263917.85,311144.16,292859.36,319155.9575,46229.215302222845,309713.3258333333
44,2012-01-20,316948.39,0,32.71,3.047,130.2792258,5.774,2012,1,3,1,0,312361.88,325327.93,376233.89,276157.8,319460.3875,46162.83108653982,310245.99833333335
44,2012-01-27,308295.38,0,34.32,3.058,130.3144516,5.774,2012,1,4,1,0,316948.39,312361.88,263917.85,276011.4,304639.0125,27673.138838551426,311130.35833333334
44,2012-02-03,325986.05,0,31.39,3.077,130.3496774,5.774,2012,2,5,1,0,308295.38,316948.39,325327.93,293953.08,315733.395,7308.043405537173,311227.7783333334
44,2012-02-10,325377.97,1,33.73,3.116,130.3849032,5.774,2012,2,6,1,0,325986.05,308295.38,312361.88,307486.73,315897.92500000005,7597.719996833381,312373.81916666665
44,2012-02-17,320691.21,0,36.57,3.119,130.4546207,5.774,2012,2,7,1,0,325377.97,325986.05,316948.39,280785.76,319151.9475,8330.44690055336,313611.0633333333
44,2012-02-24,315641.8,0,35.38,3.145,130.5502069,5.774,2012,2,8,1,0,320691.21,325377.97,308295.38,279427.93,320087.6525,8209.760952443872,314574.58
44,2012-03-02,316687.22,0,32.36,3.242,130.6457931,5.774,2012,3,9,1,0,315641.8,320691.21,325986.05,293984.54,321924.25749999995,4810.265644854927,317185.61833333335
44,2012-03-09,303438.24,0,38.24,3.38,130.7413793,5.774,2012,3,10,1,0,316687.22,315641.8,325377.97,284496.14,319599.55,4424.451391353255,318217.8108333333
44,2012-03-16,331965.95,0,52.5,3.529,130.8261935,5.774,2012,3,11,1,0,303438.24,316687.22,320691.21,281699.68,314114.6175,7442.830452742781,317575.6508333333
44,2012-03-23,296947.06,0,47.83,3.671,130.8966452,5.774,2012,3,12,1,0,331965.95,303438.24,315641.8,285031.81,316933.3025,11687.967288946104,313886.6558333333
44,2012-03-30,310027.29,0,53.2,3.734,130.9670968,5.774,2012,3,13,1,0,296947.06,331965.95,316687.22,281514.26,312259.6175,15494.454090489162,316639.09
44,2012-04-06,320021.1,0,48.85,3.793,131.0375484,5.621,2012,4,14,2,0,310027.29,296947.06,303438.24,292498.61,310594.635,15215.400947229495,315364.0366666667
44,2012-04-13,311390.22,0,51.7,3.833,131.108,5.621,2012,4,15,2,0,320021.1,310027.29,331965.95,289667.55,314740.35,14870.795983068623,316002.305
44,2012-04-20,323233.8,0,50.24,3.845,131.1173333,5.621,2012,4,16,2,0,311390.22,320021.1,296947.06,280357.3,309596.4175,9523.368257586753,315539.1241666667
44,2012-04-27,330338.36,0,64.8,3.842,131.1266667,5.621,2012,4,17,2,0,323233.8,311390.22,310027.29,281247.97,316168.1025,6462.904667934312,316783.9925
44,2012-05-04,326053.28,0,54.41,3.831,131.136,5.621,2012,5,18,2,0,330338.36,323233.8,320021.1,299354.67,321245.87,7858.310644583799,317146.685
44,2012-05-11,341381.08,0,56.47,3.809,131.1453333,5.621,2012,5,19,2,0,326053.28,330338.36,311390.22,307095.31,322753.91500000004,8119.389735430331,317202.9608333334
44,2012-05-18,334042.43,0,65.17,3.808,131.0983226,5.621,2012,5,20,2,0,341381.08,326053.28,323233.8,303559.23,330251.63,7973.879441165325,318927.11666666664
44,2012-05-25,343268.29,0,62.39,3.801,131.0287742,5.621,2012,5,21,2,0,334042.43,341381.08,330338.36,308442.49,332953.7875,6497.739764425403,320460.5025
44,2012-06-01,323410.94,0,61.11,3.788,130.9592258,5.621,2012,6,22,2,0,343268.29,334042.43,326053.28,308950.04,336186.27,7840.378275357673,322675.5916666666
44,2012-06-08,340238.38,0,68.4,3.776,130.8896774,5.621,2012,6,23,2,0,323410.94,343268.29,341381.08,308770.42,335525.685,9003.715429421412,324339.98333333334
44,2012-06-15,338400.82,0,65.97,3.756,130.8295333,5.621,2012,6,24,2,0,340238.38,323410.94,334042.43,300255.87,335240.01,8771.128345059224,325029.3525
44,2012-06-22,336241.0,0,72.89,3.737,130.7929,5.621,2012,6,25,2,0,338400.82,340238.38,343268.29,296765.59,336329.6075,8843.183975774347,328483.8325
44,2012-06-29,338386.08,0,82.0,3.681,130.7562667,5.621,2012,6,26,2,0,336241.0,338400.82,323410.94,315273.08,334572.785,7618.454431081717,330668.30833333335
44,2012-07-06,358461.58,0,79.23,3.63,130.7196333,5.407,2012,7,27,3,0,338386.08,336241.0,340238.38,295339.01,338316.57,1634.347393048967,332198.7233333333
44,2012-07-13,336479.49,0,83.68,3.595,130.683,5.407,2012,7,28,3,0,358461.58,338386.08,338400.82,289201.21,342872.37,10442.223483969405,336121.33666666667
44,2012-07-20,337819.16,0,75.69,3.556,130.7012903,5.407,2012,7,29,3,0,336479.49,358461.58,336241.0,303108.81,342392.0375,10755.94985604344,337225.14416666667
44,2012-07-27,319855.26,0,80.42,3.537,130.7195806,5.407,2012,7,30,3,0,337819.16,336479.49,338386.08,279677.0,342786.5775,10480.532285693029,337848.5441666667
44,2012-08-03,342385.38,0,81.99,3.512,130.737871,5.407,2012,8,31,3,0,319855.26,337819.16,358461.58,298080.45,338153.8725,15813.05149282887,337332.0425
44,2012-08-10,333594.81,0,81.69,3.509,130.7561613,5.407,2012,8,32,3,0,342385.38,319855.26,336479.49,290399.66,334134.8225,9849.693950432855,337415.73416666663
44,2012-08-17,327389.51,0,79.4,3.545,130.7909677,5.407,2012,8,33,3,0,333594.81,342385.38,337819.16,290909.69,333413.65249999997,9725.622788808652,337378.4325
44,2012-08-24,337985.74,0,77.37,3.582,130.8381613,5.407,2012,8,34,3,0,327389.51,333594.81,319855.26,324174.79,330806.24,9547.261608051364,336055.20083333337
44,2012-08-31,339490.69,0,79.18,3.624,130.8853548,5.407,2012,8,35,3,1,337985.74,327389.51,342385.38,309543.52,335338.86,6400.346179952623,337269.7675
44,2012-09-07,338737.33,1,70.65,3.689,130.9325484,5.407,2012,9,36,3,0,339490.69,337985.74,333594.81,295811.25,334615.1875,5427.790660393944,337207.46
44,2012-09-14,347726.67,0,68.55,3.749,130.9776667,5.407,2012,9,37,3,0,338737.33,339490.69,327389.51,303974.28,335900.8175,5707.370816741441,337235.5025
44,2012-09-21,336017.6,0,67.96,3.821,131.0103333,5.407,2012,9,38,3,0,347726.67,338737.33,337985.74,307409.13,340985.1075,4536.175249964139,338192.64166666666
44,2012-09-28,355307.94,0,64.8,3.821,131.043,5.407,2012,9,39,3,0,336017.6,347726.67,339490.69,299757.75,340493.0725,5047.844070913288,337995.2683333333
44,2012-10-05,337390.44,0,61.79,3.815,131.0756667,5.217,2012,10,40,4,0,355307.94,336017.6,338737.33,312577.36,344447.385,8800.97283009814,337732.46499999997
44,2012-10-12,337796.13,0,55.1,3.797,131.1083333,5.217,2012,10,41,4,0,337390.44,355307.94,347726.67,293031.78,344110.6625,9112.51126620892,337808.3775
44,2012-10-19,323766.77,0,52.06,3.781,131.1499677,5.217,2012,10,42,4,0,337796.13,337390.44,336017.6,305969.81,341628.02749999997,9151.638997304639,337806.4583333333
44,2012-10-26,361067.07,0,46.97,3.755,131.1930968,5.217,2012,10,43,4,0,323766.77,337796.13,355307.94,306336.07,338565.32,12926.515421634907,338132.41750000004
45,2011-02-04,759442.33,0,28.73,3.231,183.4408542,8.549,2011,2,5,1,0,617207.58,644285.33,680254.35,890689.51,648941.5525,26044.811839401045,886234.4558333332
45,2011-02-11,766456.0,1,30.3,3.239,183.7016129,8.549,2011,2,6,1,0,759442.33,617207.58,654018.95,656988.64,668738.5474999999,62442.6221101096,885717.2391666666
45,2011-02-18,802253.41,0,40.7,3.245,183.9371353,8.549,2011,2,7,1,0,766456.0,759442.33,644285.33,841264.04,696847.81,77176.75510866816,889256.2516666666
45,2011-02-25,733716.78,0,35.78,3.274,184.1625632,8.549,2011,2,8,1,0,802253.41,766456.0,617207.58,741891.65,736339.83,81604.33448495665,857569.0225
45,2011-03-04,761880.36,0,38.65,3.433,184.3879911,8.549,2011,3,9,1,0,733716.78,802253.41,759442.33,777951.22,765467.13,28275.96859689678,845441.6791666667
45,2011-03-11,714014.73,0,45.01,3.582,184.613419,8.549,2011,3,10,1,0,761880.36,733716.78,766456.0,765687.42,766076.6375000001,28128.70364770213,825401.3475
45,2011-03-18,733564.77,0,46.66,3.631,184.809719,8.549,2011,3,11,1,0,714014.73,761880.36,802253.41,773819.49,752966.32,38281.62528563655,791295.6708333334
45,2011-03-25,719737.25,0,41.76,3.625,184.9943679,8.549,2011,3,12,1,0,733564.77,714014.73,733716.78,782563.38,735794.16,19698.72321582999,712187.5658333333
45,2011-04-01,712425.76,0,37.27,3.638,185.1790167,8.521,2011,4,13,2,0,719737.25,733564.77,761880.36,877235.96,732299.2775,21360.17419818254,715569.32
45,2011-04-08,750182.71,0,48.71,3.72,185.3636656,8.521,2011,4,14,2,0,712425.76,719737.25,714014.73,833782.7,719935.6275,9613.324364150316,718250.2708333334
45,2011-04-15,765270.02,0,53.69,3.821,185.5339821,8.521,2011,4,15,2,0,750182.71,712425.76,733564.77,782221.96,728977.6225,16633.763797642645,726263.9175
45,2011-04-22,813630.44,0,53.04,3.892,185.6684673,8.521,2011,4,16,2,0,765270.02,750182.71,719737.25,749779.1,736903.935,24998.91176930129,736345.975
45,2011-04-29,786561.61,0,66.18,3.962,185.8029526,8.521,2011,4,17,2,0,813630.44,765270.02,712425.76,737265.57,760377.2324999999,41885.222065702816,752714.5466666665
45,2011-05-06,810150.64,0,58.21,4.046,185.9374378,8.521,2011,5,18,2,0,786561.61,813630.44,750182.71,812190.76,778911.1950000001,27540.045562891104,754974.4866666667
45,2011-05-13,793889.1,0,60.38,4.066,186.0719231,8.521,2011,5,19,2,0,810150.64,786561.61,765270.02,758182.2,793903.1775,22560.298795376108,758615.7066666667
45,2011-05-20,727163.67,0,62.28,4.062,185.9661154,8.521,2011,5,20,2,0,793889.1,810150.64,813630.44,747888.25,801057.9474999999,12939.35598544939,757918.6808333333
45,2011-05-27,817653.25,0,69.7,3.985,185.8603077,8.521,2011,5,21,2,0,727163.67,793889.1,786561.61,801098.43,779441.2549999999,36219.01848928146,757372.5883333334
45,2011-06-03,877423.45,0,76.38,3.922,185.7545,8.521,2011,6,22,2,0,817653.25,727163.67,810150.64,837548.62,787214.165,41244.13690882762,762020.3291666666
45,2011-06-10,814395.17,0,73.88,3.881,185.6486923,8.521,2011,6,23,2,0,877423.45,817653.25,793889.1,794698.77,804032.3675,62138.18461441118,775637.7225
45,2011-06-17,811153.67,0,69.32,3.842,185.6719333,8.521,2011,6,24,2,0,814395.17,877423.45,727163.67,815130.5,809158.885,61867.705724635176,782373.5891666667
45,2011-06-24,762861.78,0,74.85,3.804,185.7919609,8.521,2011,6,25,2,0,811153.67,814395.17,817653.25,792299.15,830156.385,31622.897264430678,789991.6241666666
45,2011-07-01,791495.25,0,74.04,3.748,185.9119885,8.625,2011,7,26,3,0,762861.78,811153.67,877423.45,800147.84,816458.5175000001,46981.31570201695,794194.6258333334
45,2011-07-08,768718.11,0,77.49,3.711,186.032016,8.625,2011,7,27,3,0,791495.25,762861.78,814395.17,787062.0,794976.4675,23680.23026362364,797637.3375
45,2011-07-15,748435.2,0,78.47,3.76,186.1399808,8.625,2011,7,28,3,0,768718.11,791495.25,811153.67,723708.99,783557.2025,22159.097418953977,797924.6783333332
45,2011-07-22,741625.25,0,82.33,3.811,186.2177885,8.625,2011,7,29,3,0,748435.2,768718.11,762861.78,714601.11,767877.585,17904.051837635885,792491.7416666667
45,2011-07-29,704680.97,0,81.31,3.829,186.2955962,8.625,2011,7,30,3,0,741625.25,748435.2,791495.25,716859.27,762568.4525,22456.954811061798,788747.045
45,2011-08-05,765996.92,0,78.22,3.842,186.3734038,8.625,2011,8,31,3,0,704680.97,741625.25,768718.11,746517.32,740864.8825,26726.800979293806,779957.9058333333
45,2011-08-12,724180.89,0,77.0,3.812,186.4512115,8.625,2011,8,32,3,0,765996.92,704680.97,748435.2,722262.21,740184.585,25800.0741584268,777633.5575000001
45,2011-08-19,712362.72,0,72.98,3.747,186.5093071,8.625,2011,8,33,3,0,724180.89,765996.92,741625.25,708568.29,734121.0075,26063.443090030174,777384.9925
45,2011-08-26,833979.01,0,72.55,3.704,186.5641172,8.625,2011,8,34,3,0,712362.72,724180.89,704680.97,721744.33,726805.375,27330.963521589245,768610.7816666667
45,2011-09-02,726482.39,0,70.63,3.703,186.6189274,8.625,2011,9,35,3,0,833979.01,712362.72,765996.92,790144.7,759129.885,54948.90856242201,764990.4116666666
45,2011-09-09,746129.56,1,71.48,3.738,186.6737376,8.625,2011,9,36,3,0,726482.39,833979.01,724180.89,721460.22,749251.2525000001,56822.826682029176,757664.3466666667
45,2011-09-16,711367.56,0,69.17,3.742,186.8024,8.625,2011,9,37,3,0,746129.56,726482.39,712362.72,716987.58,754738.42,54611.61889774838,752245.6708333334
45,2011-09-23,714106.42,0,63.75,3.711,187.0295321,8.625,2011,9,38,3,0,711367.56,746129.56,833979.01,678228.58,754489.63,54870.668292789225,747954.4858333333
45,2011-09-30,698986.34,0,70.66,3.645,187.2566641,8.625,2011,9,39,3,1,714106.42,711367.56,726482.39,690007.76,724521.4825,15835.123149552159,741505.4166666666
45,2011-10-07,753447.05,0,55.82,3.583,187.4837962,8.523,2011,10,40,4,0,698986.34,714106.42,746129.56,745782.1,717647.47,20095.13646263316,735694.4358333334
45,2011-10-14,720946.99,0,63.82,3.541,187.6917481,8.523,2011,10,41,4,0,753447.05,698986.34,711367.56,715263.3,719476.8425,23582.745039462123,736112.09
45,2011-10-21,771686.4,0,59.6,3.57,187.7846197,8.523,2011,10,42,4,0,720946.99,753447.05,714106.42,730899.37,721871.7,22962.992633180897,734388.9016666667
45,2011-10-28,781694.57,0,51.78,3.569,187.8774913,8.523,2011,10,43,4,0,771686.4,720946.99,698986.34,732859.76,736266.6950000001,32528.13310774803,739972.6875
45,2011-11-04,833429.22,0,43.92,3.551,187.9703629,8.523,2011,11,44,4,0,781694.57,771686.4,753447.05,764014.06,756943.7525000001,26695.458172272036,741280.8250000001
45,2011-11-11,808624.82,0,47.65,3.53,188.0632345,8.523,2011,11,45,4,0,833429.22,781694.57,720946.99,765648.93,776939.2949999999,46102.983966787106,750384.8525
45,2011-11-18,773603.77,0,51.34,3.53,188.1983654,8.523,2011,11,46,4,0,808624.82,833429.22,771686.4,723987.85,798858.7525,27829.475973392895,758406.6941666667
45,2011-11-25,1170672.94,1,48.71,3.492,188.3504,8.523,2011,11,47,4,0,773603.77,808624.82,781694.57,1182500.16,799338.095,27215.17666439558,753375.4241666667
45,2011-12-02,875699.81,0,50.19,3.452,188.5024346,8.523,2011,12,48,4,0,1170672.94,773603.77,833429.22,879244.9,896582.6875,184367.59257654013,790391.3033333333
45,2011-12-09,957155.31,0,46.57,3.415,188.6544692,8.523,2011,12,49,4,0,875699.81,1170672.94,808624.82,1002364.34,907150.3350000001,180716.40858730083,801188.8241666667
45,2011-12-16,1078905.68,0,39.93,3.413,188.7979349,8.523,2011,12,50,4,0,957155.31,875699.81,773603.77,1123282.85,944282.9575,168575.55655343618,821671.1366666666
45,2011-12-23,1521957.99,0,42.27,3.389,188.9299752,8.523,2011,12,51,4,0,1078905.68,957155.31,1170672.94,1682862.03,1020608.435,130310.82470659958,852071.0749999998
45,2011-12-30,869403.63,1,37.79,3.389,189.0620155,8.523,2011,12,52,4,0,1521957.99,1078905.68,875699.81,679156.2,1108429.6975,288053.50032969576,920652.0458333333
45,2012-01-06,714081.05,0,35.88,3.422,189.1940558,8.424,2012,1,1,1,0,869403.63,1521957.99,957155.31,680254.35,1106855.6525,289761.2851381138,930315.0941666667
45,2012-01-13,676615.53,0,41.18,3.513,189.3260962,8.424,2012,1,2,1,0,714081.05,869403.63,1078905.68,654018.95,1046087.0875,350701.7863990489,929742.9325
45,2012-01-20,700392.21,0,31.85,3.533,189.4214733,8.424,2012,1,3,1,0,676615.53,714081.05,1521957.99,644285.33,945514.5499999999,393254.8196532333,921820.36
45,2012-01-27,624081.64,0,37.93,3.567,189.5168505,8.424,2012,1,4,1,0,700392.21,676615.53,869403.63,617207.58,740123.105,87565.97298186125,915045.1633333332
45,2012-02-03,757330.95,0,42.96,3.617,189.6122277,8.424,2012,2,5,1,0,624081.64,700392.21,714081.05,759442.33,678792.6075,39622.58040335287,897599.5316666666
45,2012-02-10,803657.12,1,37.0,3.64,189.7076048,8.424,2012,2,6,1,0,757330.95,624081.64,676615.53,766456.0,689605.0825,55272.67329500635,893325.0425
45,2012-02-17,858853.75,0,36.85,3.695,189.8424834,8.424,2012,2,7,1,0,803657.12,757330.95,700392.21,802253.41,721365.48,77393.91153023344,895829.4883333333
45,2012-02-24,753060.78,0,42.86,3.739,190.0069881,8.424,2012,2,8,1,0,858853.75,803657.12,624081.64,733716.78,760980.865,100258.14022504787,869844.5558333333
45,2012-03-02,782796.01,0,41.55,3.816,190.1714927,8.424,2012,3,9,1,0,753060.78,858853.75,757330.95,761880.36,793225.65,49387.951790485415,859624.6366666666
45,2012-03-09,776968.87,0,45.52,3.848,190.3359973,8.424,2012,3,10,1,0,782796.01,753060.78,803657.12,714014.73,799591.915,44630.85602441679,845094.695
45,2012-03-16,788340.23,0,50.56,3.862,190.4618964,8.424,2012,3,11,1,0,776968.87,782796.01,858853.75,733564.77,792919.8525,45800.11109804941,819933.2941666668
45,2012-03-23,791835.37,0,59.45,3.9,190.5363213,8.424,2012,3,12,1,0,788340.23,776968.87,753060.78,719737.25,775291.4725,15530.67402256288,758798.4808333333
45,2012-03-30,777254.06,0,50.04,3.953,190.6107463,8.424,2012,3,13,1,0,791835.37,788340.23,782796.01,712425.76,784985.12,6512.427986276165,752334.4591666666
45,2012-04-06,899479.43,0,49.73,3.996,190.6851712,8.567,2012,4,14,2,0,777254.06,791835.37,776968.87,750182.71,783599.6325000001,7627.4490823203005,757598.8766666666
45,2012-04-13,781970.6,0,51.83,4.044,190.7595962,8.567,2012,4,15,2,0,899479.43,777254.06,788340.23,765270.02,814227.2725,57173.668379600334,776170.8683333333
45,2012-04-20,776661.74,0,63.13,4.027,190.8138013,8.567,2012,4,16,2,0,781970.6,899479.43,791835.37,813630.44,812634.865,58214.24789153926,782969.0675
45,2012-04-27,711571.88,0,53.2,4.004,190.8680064,8.567,2012,4,17,2,0,776661.74,781970.6,777254.06,786561.61,808841.4575,60471.985086482,795684.0758333333
45,2012-05-04,782300.68,0,55.21,3.951,190.9222115,8.567,2012,5,18,2,0,711571.88,776661.74,899479.43,810150.64,792420.9125,78221.16673193689,791870.82
45,2012-05-11,770487.37,0,61.24,3.889,190.9764167,8.567,2012,5,19,2,0,782300.68,711571.88,781970.6,793889.1,763126.225,34466.55793848996,790091.1166666667
45,2012-05-18,800842.28,0,66.3,3.848,190.9964479,8.567,2012,5,20,2,0,770487.37,782300.68,776661.74,727163.67,760255.4175,32812.297959474556,782727.2516666668
45,2012-05-25,817741.17,0,67.21,3.798,191.0028096,8.567,2012,5,21,2,0,800842.28,770487.37,711571.88,817653.25,766300.5525,38565.49430553627,786709.0433333333
45,2012-06-01,837144.63,0,74.48,3.742,191.0091712,8.567,2012,6,22,2,0,817741.17,800842.28,782300.68,877423.45,792842.875,20775.16188051031,789621.14
45,2012-06-08,795133.0,0,64.3,3.689,191.0155329,8.567,2012,6,23,2,0,837144.63,817741.17,770487.37,814395.17,806553.8625,28251.046949601026,794635.7866666667
45,2012-06-15,821498.18,0,71.93,3.62,191.0299731,8.567,2012,6,24,2,0,795133.0,837144.63,800842.28,811153.67,812715.27,18904.650316018793,795201.8508333334
45,2012-06-22,822569.16,0,74.22,3.564,191.0646096,8.567,2012,6,25,2,0,821498.18,795133.0,817741.17,762861.78,817879.245,17336.497878160382,797673.7516666668
45,2012-06-29,773367.71,0,75.22,3.506,191.0992462,8.567,2012,6,26,2,0,822569.16,821498.18,837144.63,791495.25,819086.2425,17491.058117220542,801450.0100000001
45,2012-07-06,843361.1,0,82.99,3.475,191.1338827,8.684,2012,7,27,3,0,773367.71,822569.16,795133.0,768718.11,803142.0125,23558.5534067896,790940.7000000001
45,2012-07-13,749817.08,0,79.97,3.523,191.1685192,8.684,2012,7,28,3,0,843361.1,773367.71,821498.18,748435.2,815199.0375,29647.707199527526,796056.5749999998
45,2012-07-20,737613.65,0,78.89,3.567,191.1670428,8.684,2012,7,29,3,0,749817.08,843361.1,822569.16,741625.25,797278.7625,43156.829403778924,793819.52
45,2012-07-27,711671.58,0,77.2,3.647,191.1655664,8.684,2012,7,30,3,0,737613.65,749817.08,773367.71,704680.97,776039.885,47270.48954915424,795989.6675
45,2012-08-03,725729.51,0,76.58,3.654,191.16409,8.684,2012,8,31,3,0,711671.58,737613.65,843361.1,765996.92,760615.8525,57410.89502219409,790103.9091666667
45,2012-08-10,733037.32,0,78.65,3.722,191.1626135,8.684,2012,8,32,3,0,725729.51,711671.58,749817.08,724180.89,731207.955,16319.883266095861,786374.0874999999
45,2012-08-17,722496.93,0,75.71,3.807,191.2284919,8.684,2012,8,33,3,0,733037.32,725729.51,737613.65,712362.72,727013.015,11338.323304618423,780723.6741666667
45,2012-08-24,718232.26,0,72.62,3.834,191.3448865,8.684,2012,8,34,3,0,722496.93,733037.32,711671.58,833979.01,723233.835,8880.042821115445,772786.6541666667
45,2012-08-31,734297.87,0,75.09,3.867,191.461281,8.684,2012,8,35,3,1,718232.26,722496.93,725729.51,726482.39,724874.0049999999,6248.596183531732,762877.2899999999
45,2012-09-07,766512.66,1,75.7,3.911,191.5776756,8.684,2012,9,36,3,0,734297.87,718232.26,733037.32,746129.56,727016.095,7892.148149803802,757807.6958333333
45,2012-09-14,702238.27,0,67.87,3.948,191.69985,8.684,2012,9,37,3,0,766512.66,734297.87,722496.93,711367.56,735384.93,21835.99403527046,753225.5691666667
45,2012-09-21,723086.2,0,65.32,4.038,191.8567038,8.684,2012,9,38,3,0,702238.27,766512.66,718232.26,714106.42,730320.265,27449.52401185234,743197.995
45,2012-09-28,713173.95,0,64.88,3.997,192.0135577,8.684,2012,9,39,3,0,723086.2,702238.27,734297.87,698986.34,731533.75,26837.478480631533,739007.8691666666
45,2012-10-05,733455.07,0,64.89,3.985,192.1704115,8.667,2012,10,40,4,0,713173.95,723086.2,766512.66,753447.05,726252.77,28158.111035242022,728158.94
45,2012-10-12,734464.36,0,54.47,4.0,192.3272654,8.667,2012,10,41,4,0,733455.07,713173.95,702238.27,720946.99,717988.3724999999,13372.247000721065,726795.4391666666
45,2012-10-19,718125.53,0,56.47,3.969,192.3308542,8.667,2012,10,42,4,0,734464.36,733455.07,723086.2,771686.4,726044.895,10003.552464209122,726532.9983333334
45,2012-10-26,760281.43,0,58.85,3.882,192.3088989,8.667,2012,10,43,4,0,718125.53,734464.36,713173.95,781694.57,724804.7274999999,10770.694652629125,727070.8275
